[2026-05-10 19:15:26] No expired clients found.
[2026-05-10 19:17:01] No expired clients found.
[2026-05-10 19:18:01] No expired clients found.
[2026-05-10 19:19:01] No expired clients found.
[2026-05-10 19:20:02] No expired clients found.
[2026-05-10 19:21:01] No expired clients found.
[2026-05-10 19:22:01] No expired clients found.
[2026-05-10 19:23:01] No expired clients found.
[2026-05-10 19:24:01] No expired clients found.
[2026-05-10 19:25:01] No expired clients found.
[2026-05-10 19:26:01] No expired clients found.
[2026-05-10 19:27:01] No expired clients found.
[2026-05-10 19:28:02] No expired clients found.
[2026-05-10 19:29:01] No expired clients found.
[2026-05-10 19:30:01] No expired clients found.
[2026-05-10 19:31:01] No expired clients found.
[2026-05-10 19:32:01] No expired clients found.
[2026-05-10 19:33:04] No expired clients found.
[2026-05-10 19:34:01] No expired clients found.
[2026-05-10 19:35:48] No expired clients found.
[2026-05-10 19:37:07] No expired clients found.
[2026-05-10 19:37:10] No expired clients found.
[2026-05-10 19:38:26] No expired clients found.
[2026-05-10 19:41:01] No expired clients found.
[2026-05-10 19:42:01] No expired clients found.
[2026-05-10 19:43:01] No expired clients found.
[2026-05-10 19:44:01] No expired clients found.
[2026-05-10 19:45:03] No expired clients found.
[2026-05-10 19:46:01] No expired clients found.
[2026-05-10 19:47:02] No expired clients found.
[2026-05-10 19:48:01] No expired clients found.
[2026-05-10 19:49:02] No expired clients found.
[2026-05-10 19:50:29] No expired clients found.
[2026-05-10 19:55:01] No expired clients found.
[2026-05-10 19:56:01] No expired clients found.
[2026-05-10 19:57:01] No expired clients found.
[2026-05-10 19:58:02] No expired clients found.
[2026-05-10 19:59:01] No expired clients found.
[2026-05-10 20:00:01] No expired clients found.
[2026-05-10 20:01:01] No expired clients found.
[2026-05-10 20:02:02] No expired clients found.
[2026-05-10 20:03:04] No expired clients found.
[2026-05-10 20:04:08] No expired clients found.
[2026-05-10 20:05:08] No expired clients found.
[2026-05-10 20:06:59] No expired clients found.
[2026-05-10 20:07:02] No expired clients found.
[2026-05-10 20:09:17] No expired clients found.
[2026-05-10 20:09:18] No expired clients found.
[2026-05-10 20:12:04] No expired clients found.
[2026-05-10 20:12:04] No expired clients found.
[2026-05-10 20:15:01] No expired clients found.
[2026-05-10 20:16:01] No expired clients found.
[2026-05-10 20:17:01] No expired clients found.
[2026-05-10 20:18:03] No expired clients found.
[2026-05-10 20:19:01] No expired clients found.
[2026-05-10 20:20:01] No expired clients found.
[2026-05-10 20:21:02] No expired clients found.
[2026-05-10 20:22:02] No expired clients found.
[2026-05-10 20:23:01] No expired clients found.
[2026-05-10 20:27:02] No expired clients found.
[2026-05-10 20:28:01] No expired clients found.
[2026-05-10 20:29:01] No expired clients found.
[2026-05-10 20:30:01] No expired clients found.
[2026-05-10 20:31:01] No expired clients found.
[2026-05-10 20:32:02] No expired clients found.
[2026-05-10 20:33:01] No expired clients found.
[2026-05-10 20:34:01] No expired clients found.
[2026-05-10 20:35:01] No expired clients found.
[2026-05-10 20:36:01] No expired clients found.
[2026-05-10 20:37:01] No expired clients found.
[2026-05-10 20:38:02] No expired clients found.
[2026-05-10 20:39:02] No expired clients found.
[2026-05-10 20:40:01] No expired clients found.
[2026-05-10 20:41:01] No expired clients found.
[2026-05-10 20:42:01] No expired clients found.
[2026-05-10 20:43:01] No expired clients found.
[2026-05-10 20:44:01] No expired clients found.
[2026-05-10 20:45:01] No expired clients found.
[2026-05-10 20:46:01] No expired clients found.
[2026-05-10 20:47:01] No expired clients found.
[2026-05-10 20:48:01] No expired clients found.
[2026-05-10 20:49:01] No expired clients found.
[2026-05-10 20:50:01] No expired clients found.
[2026-05-10 20:51:01] No expired clients found.
[2026-05-10 20:52:01] No expired clients found.
[2026-05-10 20:53:01] No expired clients found.
[2026-05-10 20:54:01] No expired clients found.
[2026-05-10 20:55:01] No expired clients found.
[2026-05-10 20:56:01] No expired clients found.
[2026-05-10 20:57:01] No expired clients found.
[2026-05-10 20:58:01] No expired clients found.
[2026-05-10 20:59:02] No expired clients found.
[2026-05-10 21:00:01] No expired clients found.
[2026-05-10 21:01:01] No expired clients found.
[2026-05-10 21:02:01] No expired clients found.
[2026-05-10 21:03:01] No expired clients found.
[2026-05-10 21:04:01] No expired clients found.
[2026-05-10 21:05:01] No expired clients found.
[2026-05-10 21:06:01] No expired clients found.
[2026-05-10 21:07:01] No expired clients found.
[2026-05-10 21:08:01] No expired clients found.
[2026-05-10 21:09:01] No expired clients found.
[2026-05-10 21:10:01] No expired clients found.
[2026-05-10 21:11:01] No expired clients found.
[2026-05-10 21:12:01] No expired clients found.
[2026-05-10 21:13:01] No expired clients found.
[2026-05-10 21:14:01] No expired clients found.
[2026-05-10 21:15:01] No expired clients found.
[2026-05-10 21:16:01] No expired clients found.
[2026-05-10 21:17:01] No expired clients found.
[2026-05-10 21:18:02] No expired clients found.
[2026-05-10 21:19:01] No expired clients found.
[2026-05-10 21:20:01] No expired clients found.
[2026-05-10 21:21:01] No expired clients found.
[2026-05-10 21:22:01] No expired clients found.
[2026-05-10 21:23:01] No expired clients found.
[2026-05-10 21:24:01] No expired clients found.
[2026-05-10 21:25:01] No expired clients found.
[2026-05-10 21:26:01] No expired clients found.
[2026-05-10 21:27:01] No expired clients found.
[2026-05-10 21:28:01] No expired clients found.
[2026-05-10 21:29:01] No expired clients found.
[2026-05-10 21:30:01] No expired clients found.
[2026-05-10 21:31:01] No expired clients found.
[2026-05-10 21:32:01] No expired clients found.
[2026-05-10 21:33:01] No expired clients found.
[2026-05-10 21:34:01] No expired clients found.
[2026-05-10 21:35:01] No expired clients found.
[2026-05-10 21:36:01] No expired clients found.
[2026-05-10 21:37:02] No expired clients found.
[2026-05-10 21:38:01] Expired client disabled: 0704467699
[2026-05-10 21:39:01] No expired clients found.
[2026-05-10 21:40:01] No expired clients found.
[2026-05-10 21:41:01] No expired clients found.
[2026-05-10 21:42:01] No expired clients found.
[2026-05-10 21:43:01] No expired clients found.
[2026-05-10 21:44:01] No expired clients found.
[2026-05-10 21:45:01] No expired clients found.
[2026-05-10 21:46:01] No expired clients found.
[2026-05-10 21:47:01] No expired clients found.
[2026-05-10 21:47:29] No expired clients found.
[2026-05-10 21:48:01] No expired clients found.
[2026-05-10 21:49:02] No expired clients found.
[2026-05-10 21:50:01] No expired clients found.
[2026-05-10 21:51:01] No expired clients found.
[2026-05-10 21:52:01] No expired clients found.
[2026-05-10 21:53:01] No expired clients found.
[2026-05-10 21:54:01] No expired clients found.
[2026-05-10 21:55:01] No expired clients found.
[2026-05-10 21:55:03] No expired clients found.
[2026-05-10 21:56:01] No expired clients found.
[2026-05-10 21:57:01] No expired clients found.
[2026-05-10 21:58:02] Expired client disabled: 0704467699
[2026-05-10 21:59:01] No expired clients found.
[2026-05-10 22:00:01] No expired clients found.
[2026-05-10 22:01:01] No expired clients found.
[2026-05-10 22:02:01] No expired clients found.
[2026-05-10 22:03:01] No expired clients found.
[2026-05-10 22:04:01] No expired clients found.
[2026-05-10 22:05:01] No expired clients found.
[2026-05-10 22:06:01] No expired clients found.
[2026-05-10 22:07:01] No expired clients found.
[2026-05-10 22:08:01] No expired clients found.
[2026-05-10 22:09:01] No expired clients found.
[2026-05-10 22:10:01] No expired clients found.
[2026-05-10 22:11:01] No expired clients found.
[2026-05-10 22:12:01] No expired clients found.
[2026-05-10 22:13:02] No expired clients found.
[2026-05-10 22:14:01] No expired clients found.
[2026-05-10 22:15:01] No expired clients found.
[2026-05-10 22:16:01] No expired clients found.
[2026-05-10 22:17:01] No expired clients found.
[2026-05-10 22:18:01] No expired clients found.
[2026-05-10 22:19:01] No expired clients found.
[2026-05-10 22:20:01] No expired clients found.
[2026-05-10 22:21:01] No expired clients found.
[2026-05-10 22:22:01] No expired clients found.
[2026-05-10 22:23:01] No expired clients found.
[2026-05-10 22:24:01] No expired clients found.
[2026-05-10 22:25:01] No expired clients found.
[2026-05-10 22:26:01] No expired clients found.
[2026-05-10 22:27:02] No expired clients found.
[2026-05-10 22:28:01] No expired clients found.
[2026-05-10 22:29:01] No expired clients found.
[2026-05-10 22:30:01] No expired clients found.
[2026-05-10 22:31:01] No expired clients found.
[2026-05-10 22:32:01] No expired clients found.
[2026-05-10 22:33:01] No expired clients found.
[2026-05-10 22:34:01] No expired clients found.
[2026-05-10 22:35:01] No expired clients found.
[2026-05-10 22:36:01] No expired clients found.
[2026-05-10 22:37:01] No expired clients found.
[2026-05-10 22:38:02] No expired clients found.
[2026-05-10 22:39:01] No expired clients found.
[2026-05-10 22:40:01] No expired clients found.
[2026-05-10 22:41:01] No expired clients found.
[2026-05-10 22:42:01] No expired clients found.
[2026-05-10 22:43:01] No expired clients found.
[2026-05-10 22:44:01] No expired clients found.
[2026-05-10 22:45:01] No expired clients found.
[2026-05-10 22:46:01] No expired clients found.
[2026-05-10 22:47:01] No expired clients found.
[2026-05-10 22:48:01] No expired clients found.
[2026-05-10 22:49:01] No expired clients found.
[2026-05-10 22:50:01] No expired clients found.
[2026-05-10 22:51:01] No expired clients found.
[2026-05-10 22:52:01] No expired clients found.
[2026-05-10 22:53:01] No expired clients found.
[2026-05-10 22:54:01] No expired clients found.
[2026-05-10 22:55:01] No expired clients found.
[2026-05-10 22:56:01] No expired clients found.
[2026-05-10 22:57:01] No expired clients found.
[2026-05-10 22:58:02] No expired clients found.
[2026-05-10 22:59:01] No expired clients found.
[2026-05-10 23:00:01] No expired clients found.
[2026-05-10 23:01:01] No expired clients found.
[2026-05-10 23:02:01] No expired clients found.
[2026-05-10 23:03:01] No expired clients found.
[2026-05-10 23:04:01] No expired clients found.
[2026-05-10 23:05:01] No expired clients found.
[2026-05-10 23:06:01] No expired clients found.
[2026-05-10 23:07:01] No expired clients found.
[2026-05-10 23:08:01] No expired clients found.
[2026-05-10 23:09:01] No expired clients found.
[2026-05-10 23:10:01] No expired clients found.
[2026-05-10 23:11:01] No expired clients found.
[2026-05-10 23:12:01] No expired clients found.
[2026-05-10 23:13:01] No expired clients found.
[2026-05-10 23:14:01] No expired clients found.
[2026-05-10 23:15:01] No expired clients found.
[2026-05-10 23:16:02] No expired clients found.
[2026-05-10 23:17:01] No expired clients found.
[2026-05-10 23:18:01] Expired client disabled: MH-E5933E98
[2026-05-10 23:19:01] No expired clients found.
[2026-05-10 23:20:01] No expired clients found.
[2026-05-10 23:21:01] No expired clients found.
[2026-05-10 23:22:01] No expired clients found.
[2026-05-10 23:23:02] Expired client disabled: MH-16D9FABB
[2026-05-10 23:24:01] No expired clients found.
[2026-05-10 23:25:01] No expired clients found.
[2026-05-10 23:26:01] No expired clients found.
[2026-05-10 23:27:01] No expired clients found.
[2026-05-10 23:28:01] No expired clients found.
[2026-05-10 23:29:01] No expired clients found.
[2026-05-10 23:30:01] No expired clients found.
[2026-05-10 23:31:01] No expired clients found.
[2026-05-10 23:32:01] No expired clients found.
[2026-05-10 23:33:01] No expired clients found.
[2026-05-10 23:34:01] No expired clients found.
[2026-05-10 23:35:02] No expired clients found.
[2026-05-10 23:36:01] No expired clients found.
[2026-05-10 23:37:01] No expired clients found.
[2026-05-10 23:38:01] No expired clients found.
[2026-05-10 23:39:01] No expired clients found.
[2026-05-10 23:40:01] No expired clients found.
[2026-05-10 23:41:01] No expired clients found.
[2026-05-10 23:42:01] No expired clients found.
[2026-05-10 23:43:01] No expired clients found.
[2026-05-10 23:44:01] No expired clients found.
[2026-05-10 23:45:01] Expired client disabled: 0704467699
[2026-05-10 23:46:02] No expired clients found.
[2026-05-10 23:47:01] No expired clients found.
[2026-05-10 23:48:01] No expired clients found.
[2026-05-10 23:49:01] No expired clients found.
[2026-05-10 23:50:01] No expired clients found.
[2026-05-10 23:51:01] No expired clients found.
[2026-05-10 23:52:01] No expired clients found.
[2026-05-10 23:53:01] No expired clients found.
[2026-05-10 23:54:01] No expired clients found.
[2026-05-10 23:55:01] No expired clients found.
[2026-05-10 23:56:01] No expired clients found.
[2026-05-10 23:57:01] No expired clients found.
[2026-05-10 23:58:01] No expired clients found.
[2026-05-10 23:59:01] No expired clients found.
[2026-05-11 00:00:01] No expired clients found.
[2026-05-11 00:01:01] No expired clients found.
[2026-05-11 00:02:01] No expired clients found.
[2026-05-11 00:03:01] No expired clients found.
[2026-05-11 00:04:01] No expired clients found.
[2026-05-11 00:05:01] No expired clients found.
[2026-05-11 00:06:01] No expired clients found.
[2026-05-11 00:07:01] No expired clients found.
[2026-05-11 00:08:01] No expired clients found.
[2026-05-11 00:09:01] No expired clients found.
[2026-05-11 00:10:01] No expired clients found.
[2026-05-11 00:11:01] No expired clients found.
[2026-05-11 00:12:02] No expired clients found.
[2026-05-11 00:13:01] No expired clients found.
[2026-05-11 00:14:01] No expired clients found.
[2026-05-11 00:15:01] No expired clients found.
[2026-05-11 00:16:01] No expired clients found.
[2026-05-11 00:17:01] No expired clients found.
[2026-05-11 00:18:01] No expired clients found.
[2026-05-11 00:19:01] No expired clients found.
[2026-05-11 00:20:01] No expired clients found.
[2026-05-11 00:21:01] No expired clients found.
[2026-05-11 00:22:01] No expired clients found.
[2026-05-11 00:23:01] No expired clients found.
[2026-05-11 00:24:01] No expired clients found.
[2026-05-11 00:25:01] No expired clients found.
[2026-05-11 00:26:01] No expired clients found.
[2026-05-11 00:27:01] No expired clients found.
[2026-05-11 00:28:01] No expired clients found.
[2026-05-11 00:29:01] No expired clients found.
[2026-05-11 00:30:01] No expired clients found.
[2026-05-11 00:31:01] No expired clients found.
[2026-05-11 00:32:01] No expired clients found.
[2026-05-11 00:33:01] No expired clients found.
[2026-05-11 00:34:01] No expired clients found.
[2026-05-11 00:35:01] No expired clients found.
[2026-05-11 00:36:01] No expired clients found.
[2026-05-11 00:37:01] No expired clients found.
[2026-05-11 00:38:02] No expired clients found.
[2026-05-11 00:39:01] No expired clients found.
[2026-05-11 00:40:01] No expired clients found.
[2026-05-11 00:41:01] No expired clients found.
[2026-05-11 00:42:01] No expired clients found.
[2026-05-11 00:43:01] No expired clients found.
[2026-05-11 00:44:01] No expired clients found.
[2026-05-11 00:45:01] No expired clients found.
[2026-05-11 00:46:01] No expired clients found.
[2026-05-11 00:47:01] No expired clients found.
[2026-05-11 00:48:01] No expired clients found.
[2026-05-11 00:49:01] No expired clients found.
[2026-05-11 00:50:01] No expired clients found.
[2026-05-11 00:51:02] No expired clients found.
[2026-05-11 00:52:01] No expired clients found.
[2026-05-11 00:53:01] No expired clients found.
[2026-05-11 00:54:01] No expired clients found.
[2026-05-11 00:55:01] No expired clients found.
[2026-05-11 00:56:01] No expired clients found.
[2026-05-11 00:57:01] No expired clients found.
[2026-05-11 00:58:01] No expired clients found.
[2026-05-11 00:59:01] No expired clients found.
[2026-05-11 01:00:01] No expired clients found.
[2026-05-11 01:01:01] No expired clients found.
[2026-05-11 01:02:01] No expired clients found.
[2026-05-11 01:03:01] No expired clients found.
[2026-05-11 01:04:01] No expired clients found.
[2026-05-11 01:05:01] No expired clients found.
[2026-05-11 01:06:01] No expired clients found.
[2026-05-11 01:07:01] No expired clients found.
[2026-05-11 01:08:01] No expired clients found.
[2026-05-11 01:09:02] No expired clients found.
[2026-05-11 01:10:01] No expired clients found.
[2026-05-11 01:11:01] No expired clients found.
[2026-05-11 01:12:01] No expired clients found.
[2026-05-11 01:13:01] No expired clients found.
[2026-05-11 01:14:01] No expired clients found.
[2026-05-11 01:15:01] No expired clients found.
[2026-05-11 01:16:01] No expired clients found.
[2026-05-11 01:17:01] No expired clients found.
[2026-05-11 01:18:01] No expired clients found.
[2026-05-11 01:19:01] No expired clients found.
[2026-05-11 01:20:01] No expired clients found.
[2026-05-11 01:21:01] No expired clients found.
[2026-05-11 01:22:01] No expired clients found.
[2026-05-11 01:23:01] No expired clients found.
[2026-05-11 01:24:01] No expired clients found.
[2026-05-11 01:25:01] No expired clients found.
[2026-05-11 01:26:01] No expired clients found.
[2026-05-11 01:27:02] Expired client disabled: 0704467699
[2026-05-11 01:28:01] No expired clients found.
[2026-05-11 01:29:01] No expired clients found.
[2026-05-11 01:30:01] No expired clients found.
[2026-05-11 01:31:01] No expired clients found.
[2026-05-11 01:32:01] No expired clients found.
[2026-05-11 01:33:01] No expired clients found.
[2026-05-11 01:34:01] No expired clients found.
[2026-05-11 01:35:01] No expired clients found.
[2026-05-11 01:36:01] No expired clients found.
[2026-05-11 01:37:01] No expired clients found.
[2026-05-11 01:38:01] No expired clients found.
[2026-05-11 01:39:01] No expired clients found.
[2026-05-11 01:40:01] No expired clients found.
[2026-05-11 01:41:01] No expired clients found.
[2026-05-11 01:42:01] No expired clients found.
[2026-05-11 01:43:01] No expired clients found.
[2026-05-11 01:44:01] No expired clients found.
[2026-05-11 01:45:01] No expired clients found.
[2026-05-11 01:46:01] No expired clients found.
[2026-05-11 01:47:01] No expired clients found.
[2026-05-11 01:48:01] No expired clients found.
[2026-05-11 01:49:01] No expired clients found.
[2026-05-11 01:50:01] No expired clients found.
[2026-05-11 01:51:01] No expired clients found.
[2026-05-11 01:52:01] No expired clients found.
[2026-05-11 01:53:01] No expired clients found.
[2026-05-11 01:54:01] No expired clients found.
[2026-05-11 01:55:01] No expired clients found.
[2026-05-11 01:56:01] No expired clients found.
[2026-05-11 01:57:01] No expired clients found.
[2026-05-11 01:58:01] No expired clients found.
[2026-05-11 01:59:01] No expired clients found.
[2026-05-11 02:00:01] No expired clients found.
[2026-05-11 02:01:01] No expired clients found.
[2026-05-11 02:02:01] No expired clients found.
[2026-05-11 02:03:01] No expired clients found.
[2026-05-11 02:04:02] No expired clients found.
[2026-05-11 02:05:01] No expired clients found.
[2026-05-11 02:06:01] No expired clients found.
[2026-05-11 02:07:01] No expired clients found.
[2026-05-11 02:08:01] No expired clients found.
[2026-05-11 02:09:01] No expired clients found.
[2026-05-11 02:10:01] No expired clients found.
[2026-05-11 02:11:01] No expired clients found.
[2026-05-11 02:12:01] No expired clients found.
[2026-05-11 02:13:01] No expired clients found.
[2026-05-11 02:14:01] No expired clients found.
[2026-05-11 02:15:01] No expired clients found.
[2026-05-11 02:16:01] No expired clients found.
[2026-05-11 02:17:01] No expired clients found.
[2026-05-11 02:18:01] No expired clients found.
[2026-05-11 02:19:01] No expired clients found.
[2026-05-11 02:20:01] No expired clients found.
[2026-05-11 02:21:01] No expired clients found.
[2026-05-11 02:22:01] No expired clients found.
[2026-05-11 02:23:01] No expired clients found.
[2026-05-11 02:24:01] No expired clients found.
[2026-05-11 02:25:01] No expired clients found.
[2026-05-11 02:26:01] No expired clients found.
[2026-05-11 02:27:01] No expired clients found.
[2026-05-11 02:28:01] No expired clients found.
[2026-05-11 02:29:01] No expired clients found.
[2026-05-11 02:30:01] No expired clients found.
[2026-05-11 02:31:01] No expired clients found.
[2026-05-11 02:32:01] No expired clients found.
[2026-05-11 02:33:01] No expired clients found.
[2026-05-11 02:34:01] No expired clients found.
[2026-05-11 02:35:01] No expired clients found.
[2026-05-11 02:36:01] No expired clients found.
[2026-05-11 02:37:02] Expired client disabled: 0704467699
[2026-05-11 02:38:01] No expired clients found.
[2026-05-11 02:39:01] No expired clients found.
[2026-05-11 02:40:36] No expired clients found.
[2026-05-11 02:41:01] No expired clients found.
[2026-05-11 02:42:01] No expired clients found.
[2026-05-11 02:43:01] No expired clients found.
[2026-05-11 02:44:01] No expired clients found.
[2026-05-11 02:45:01] No expired clients found.
[2026-05-11 02:46:01] No expired clients found.
[2026-05-11 02:47:01] No expired clients found.
[2026-05-11 02:48:01] No expired clients found.
[2026-05-11 02:49:01] No expired clients found.
[2026-05-11 02:50:01] No expired clients found.
[2026-05-11 02:51:01] No expired clients found.
[2026-05-11 02:52:02] No expired clients found.
[2026-05-11 02:53:01] No expired clients found.
[2026-05-11 02:54:01] No expired clients found.
[2026-05-11 02:55:01] No expired clients found.
[2026-05-11 02:56:01] No expired clients found.
[2026-05-11 02:57:01] No expired clients found.
[2026-05-11 02:58:01] No expired clients found.
[2026-05-11 02:59:01] No expired clients found.
[2026-05-11 03:00:01] No expired clients found.
[2026-05-11 03:01:02] No expired clients found.
[2026-05-11 03:02:01] No expired clients found.
[2026-05-11 03:03:01] No expired clients found.
[2026-05-11 03:04:01] No expired clients found.
[2026-05-11 03:05:01] No expired clients found.
[2026-05-11 03:06:01] No expired clients found.
[2026-05-11 03:07:01] No expired clients found.
[2026-05-11 03:08:01] No expired clients found.
[2026-05-11 03:09:01] No expired clients found.
[2026-05-11 03:10:01] No expired clients found.
[2026-05-11 03:11:01] No expired clients found.
[2026-05-11 03:12:01] No expired clients found.
[2026-05-11 03:13:01] No expired clients found.
[2026-05-11 03:14:01] No expired clients found.
[2026-05-11 03:15:01] No expired clients found.
[2026-05-11 03:16:01] No expired clients found.
[2026-05-11 03:17:01] No expired clients found.
[2026-05-11 03:18:01] No expired clients found.
[2026-05-11 03:19:01] No expired clients found.
[2026-05-11 03:20:01] No expired clients found.
[2026-05-11 03:21:02] No expired clients found.
[2026-05-11 03:22:01] No expired clients found.
[2026-05-11 03:23:01] No expired clients found.
[2026-05-11 03:24:01] No expired clients found.
[2026-05-11 03:25:01] No expired clients found.
[2026-05-11 03:26:01] No expired clients found.
[2026-05-11 03:27:01] No expired clients found.
[2026-05-11 03:28:01] No expired clients found.
[2026-05-11 03:29:01] No expired clients found.
[2026-05-11 03:30:01] No expired clients found.
[2026-05-11 03:31:01] No expired clients found.
[2026-05-11 03:32:01] No expired clients found.
[2026-05-11 03:33:11] ERROR: Unable to establish socket session, Connection timed out
[2026-05-11 03:34:11] ERROR: Unable to establish socket session, Connection timed out
[2026-05-11 03:35:11] ERROR: Unable to establish socket session, Connection timed out
[2026-05-11 03:36:12] ERROR: Unable to establish socket session, Connection timed out
[2026-05-11 03:37:11] ERROR: Unable to establish socket session, Connection timed out
[2026-05-11 03:38:11] ERROR: Unable to establish socket session, Connection timed out
[2026-05-11 03:39:11] ERROR: Unable to establish socket session, Connection timed out
[2026-05-11 03:40:11] ERROR: Unable to establish socket session, Connection timed out
[2026-05-11 03:41:11] ERROR: Unable to establish socket session, Connection timed out
[2026-05-11 03:42:11] ERROR: Unable to establish socket session, Connection timed out
[2026-05-11 03:43:11] ERROR: Unable to establish socket session, Connection timed out
[2026-05-11 03:44:11] ERROR: Unable to establish socket session, Connection timed out
[2026-05-11 03:45:11] ERROR: Unable to establish socket session, Connection timed out
[2026-05-11 03:46:11] ERROR: Unable to establish socket session, Connection timed out
[2026-05-11 03:47:11] ERROR: Unable to establish socket session, Connection timed out
[2026-05-11 03:48:12] ERROR: Unable to establish socket session, Connection timed out
[2026-05-11 03:49:11] ERROR: Unable to establish socket session, Connection timed out
[2026-05-11 03:50:11] ERROR: Unable to establish socket session, Connection timed out
[2026-05-11 03:51:11] ERROR: Unable to establish socket session, Connection timed out
[2026-05-11 03:52:11] ERROR: Unable to establish socket session, Connection timed out
[2026-05-11 03:53:11] ERROR: Unable to establish socket session, Connection timed out
[2026-05-11 03:54:11] ERROR: Unable to establish socket session, Connection timed out
[2026-05-11 03:55:11] ERROR: Unable to establish socket session, Connection timed out
[2026-05-11 03:56:11] ERROR: Unable to establish socket session, Connection timed out
[2026-05-11 03:57:11] ERROR: Unable to establish socket session, Connection timed out
[2026-05-11 03:58:11] ERROR: Unable to establish socket session, Connection timed out
[2026-05-11 03:59:12] ERROR: Unable to establish socket session, Connection timed out
[2026-05-11 04:00:11] ERROR: Unable to establish socket session, Connection timed out
[2026-05-11 04:01:11] ERROR: Unable to establish socket session, Connection timed out
[2026-05-11 04:02:11] ERROR: Unable to establish socket session, Connection timed out
[2026-05-11 04:03:11] ERROR: Unable to establish socket session, Connection timed out
[2026-05-11 04:04:11] ERROR: Unable to establish socket session, Connection timed out
[2026-05-11 04:05:11] ERROR: Unable to establish socket session, Connection timed out
[2026-05-11 04:06:11] ERROR: Unable to establish socket session, Connection timed out
[2026-05-11 04:07:11] ERROR: Unable to establish socket session, Connection timed out
[2026-05-11 04:08:11] ERROR: Unable to establish socket session, Connection timed out
[2026-05-11 04:09:11] ERROR: Unable to establish socket session, Connection timed out
[2026-05-11 04:10:11] ERROR: Unable to establish socket session, Connection timed out
[2026-05-11 04:11:11] ERROR: Unable to establish socket session, Connection timed out
[2026-05-11 04:12:11] ERROR: Unable to establish socket session, Connection timed out
[2026-05-11 04:13:11] ERROR: Unable to establish socket session, Connection timed out
[2026-05-11 04:14:11] ERROR: Unable to establish socket session, Connection timed out
[2026-05-11 04:15:11] ERROR: Unable to establish socket session, Connection timed out
[2026-05-11 04:16:11] ERROR: Unable to establish socket session, Connection timed out
[2026-05-11 04:17:11] ERROR: Unable to establish socket session, Connection timed out
[2026-05-11 04:18:11] ERROR: Unable to establish socket session, Connection timed out
[2026-05-11 04:19:12] ERROR: Unable to establish socket session, Connection timed out
[2026-05-11 04:20:11] ERROR: Unable to establish socket session, Connection timed out
[2026-05-11 04:21:11] ERROR: Unable to establish socket session, Connection timed out
[2026-05-11 04:22:11] ERROR: Unable to establish socket session, Connection timed out
[2026-05-11 04:23:11] ERROR: Unable to establish socket session, Connection timed out
[2026-05-11 04:24:11] ERROR: Unable to establish socket session, Connection timed out
[2026-05-11 04:25:11] ERROR: Unable to establish socket session, Connection timed out
[2026-05-11 04:26:11] ERROR: Unable to establish socket session, Connection timed out
[2026-05-11 04:27:11] ERROR: Unable to establish socket session, Connection timed out
[2026-05-11 04:28:11] ERROR: Unable to establish socket session, Connection timed out
[2026-05-11 04:29:12] ERROR: Unable to establish socket session, Connection timed out
[2026-05-11 04:30:11] ERROR: Unable to establish socket session, Connection timed out
[2026-05-11 04:31:11] ERROR: Unable to establish socket session, Connection timed out
[2026-05-11 04:32:11] ERROR: Unable to establish socket session, Connection timed out
[2026-05-11 04:33:11] ERROR: Unable to establish socket session, Connection timed out
[2026-05-11 04:34:11] ERROR: Unable to establish socket session, Connection timed out
[2026-05-11 04:35:11] ERROR: Unable to establish socket session, Connection timed out
[2026-05-11 04:36:11] ERROR: Unable to establish socket session, Connection timed out
[2026-05-11 04:37:11] ERROR: Unable to establish socket session, Connection timed out
[2026-05-11 04:38:11] ERROR: Unable to establish socket session, Connection timed out
[2026-05-11 04:39:11] ERROR: Unable to establish socket session, Connection timed out
[2026-05-11 04:40:11] ERROR: Unable to establish socket session, Connection timed out
[2026-05-11 04:41:11] ERROR: Unable to establish socket session, Connection timed out
[2026-05-11 04:42:12] ERROR: Unable to establish socket session, Connection timed out
[2026-05-11 04:43:11] ERROR: Unable to establish socket session, Connection timed out
[2026-05-11 04:44:11] ERROR: Unable to establish socket session, Connection timed out
[2026-05-11 04:45:11] ERROR: Unable to establish socket session, Connection timed out
[2026-05-11 04:46:11] ERROR: Unable to establish socket session, Connection timed out
[2026-05-11 04:47:11] ERROR: Unable to establish socket session, Connection timed out
[2026-05-11 04:48:11] ERROR: Unable to establish socket session, Connection timed out
[2026-05-11 04:49:11] ERROR: Unable to establish socket session, Connection timed out
[2026-05-11 04:50:11] ERROR: Unable to establish socket session, Connection timed out
[2026-05-11 04:51:11] ERROR: Unable to establish socket session, Connection timed out
[2026-05-11 04:52:11] ERROR: Unable to establish socket session, Connection timed out
[2026-05-11 04:53:11] ERROR: Unable to establish socket session, Connection timed out
[2026-05-11 04:54:11] ERROR: Unable to establish socket session, Connection timed out
[2026-05-11 04:55:11] ERROR: Unable to establish socket session, Connection timed out
[2026-05-11 04:56:11] ERROR: Unable to establish socket session, Connection timed out
[2026-05-11 04:57:12] ERROR: Unable to establish socket session, Connection timed out
[2026-05-11 04:58:11] ERROR: Unable to establish socket session, Connection timed out
[2026-05-11 04:59:11] ERROR: Unable to establish socket session, Connection timed out
[2026-05-11 05:00:11] ERROR: Unable to establish socket session, Connection timed out
[2026-05-11 05:01:11] ERROR: Unable to establish socket session, Connection timed out
[2026-05-11 05:02:11] ERROR: Unable to establish socket session, Connection timed out
[2026-05-11 05:03:11] ERROR: Unable to establish socket session, Connection timed out
[2026-05-11 05:04:11] ERROR: Unable to establish socket session, Connection timed out
[2026-05-11 05:05:11] ERROR: Unable to establish socket session, Connection timed out
[2026-05-11 05:06:11] ERROR: Unable to establish socket session, Connection timed out
[2026-05-11 05:07:12] ERROR: Unable to establish socket session, Connection timed out
[2026-05-11 05:08:20] ERROR: Unable to establish socket session, Connection timed out
[2026-05-11 05:09:25] ERROR: Unable to establish socket session, Connection timed out
[2026-05-11 05:10:17] ERROR: Unable to establish socket session, Connection timed out
[2026-05-11 05:11:16] ERROR: Unable to establish socket session, Connection timed out
[2026-05-11 05:13:01] ERROR: Unable to establish socket session, Network is unreachable
[2026-05-11 05:14:12] ERROR: Unable to establish socket session, Connection timed out
[2026-05-11 05:15:11] ERROR: Unable to establish socket session, Connection timed out
[2026-05-11 05:16:11] ERROR: Unable to establish socket session, Connection timed out
[2026-05-11 05:17:11] ERROR: Unable to establish socket session, Connection timed out
[2026-05-11 05:18:11] ERROR: Unable to establish socket session, Connection timed out
[2026-05-11 05:19:11] ERROR: Unable to establish socket session, Connection timed out
[2026-05-11 05:20:11] ERROR: Unable to establish socket session, Connection timed out
[2026-05-11 05:21:11] ERROR: Unable to establish socket session, Connection timed out
[2026-05-11 05:22:11] ERROR: Unable to establish socket session, Connection timed out
[2026-05-11 05:23:12] ERROR: Unable to establish socket session, Connection timed out
[2026-05-11 05:24:11] ERROR: Unable to establish socket session, Connection timed out
[2026-05-11 05:25:11] ERROR: Unable to establish socket session, Connection timed out
[2026-05-11 05:26:11] ERROR: Unable to establish socket session, Connection timed out
[2026-05-11 05:27:03] Expired client disabled: 0704467699
[2026-05-11 05:28:01] No expired clients found.
[2026-05-11 05:29:01] No expired clients found.
[2026-05-11 05:30:01] No expired clients found.
[2026-05-11 05:31:01] No expired clients found.
[2026-05-11 05:32:01] No expired clients found.
[2026-05-11 05:33:01] No expired clients found.
[2026-05-11 05:34:01] No expired clients found.
[2026-05-11 05:35:01] No expired clients found.
[2026-05-11 05:36:01] No expired clients found.
[2026-05-11 05:37:01] No expired clients found.
[2026-05-11 05:38:01] No expired clients found.
[2026-05-11 05:39:01] No expired clients found.
[2026-05-11 05:40:02] No expired clients found.
[2026-05-11 05:41:01] No expired clients found.
[2026-05-11 05:42:01] No expired clients found.
[2026-05-11 05:43:01] No expired clients found.
[2026-05-11 05:44:01] No expired clients found.
[2026-05-11 05:45:01] Expired client disabled: 0704467699
[2026-05-11 05:46:01] No expired clients found.
[2026-05-11 05:47:01] No expired clients found.
[2026-05-11 05:48:01] No expired clients found.
[2026-05-11 05:49:01] No expired clients found.
[2026-05-11 05:50:01] No expired clients found.
[2026-05-11 05:51:02] No expired clients found.
[2026-05-11 05:52:01] No expired clients found.
[2026-05-11 05:53:01] No expired clients found.
[2026-05-11 05:54:01] No expired clients found.
[2026-05-11 05:55:01] No expired clients found.
[2026-05-11 05:56:01] No expired clients found.
[2026-05-11 05:57:01] No expired clients found.
[2026-05-11 05:58:01] No expired clients found.
[2026-05-11 05:59:01] No expired clients found.
[2026-05-11 06:00:01] No expired clients found.
[2026-05-11 06:01:01] No expired clients found.
[2026-05-11 06:02:01] No expired clients found.
[2026-05-11 06:03:01] No expired clients found.
[2026-05-11 06:04:01] No expired clients found.
[2026-05-11 06:05:01] No expired clients found.
[2026-05-11 06:06:01] No expired clients found.
[2026-05-11 06:07:01] No expired clients found.
[2026-05-11 06:08:01] No expired clients found.
[2026-05-11 06:09:01] No expired clients found.
[2026-05-11 06:10:01] No expired clients found.
[2026-05-11 06:11:01] No expired clients found.
[2026-05-11 06:12:01] No expired clients found.
[2026-05-11 06:13:01] No expired clients found.
[2026-05-11 06:14:01] No expired clients found.
[2026-05-11 06:15:01] No expired clients found.
[2026-05-11 06:16:01] No expired clients found.
[2026-05-11 06:17:01] No expired clients found.
[2026-05-11 06:18:01] No expired clients found.
[2026-05-11 06:19:01] No expired clients found.
[2026-05-11 06:20:01] No expired clients found.
[2026-05-11 06:21:01] No expired clients found.
[2026-05-11 06:22:01] No expired clients found.
[2026-05-11 06:23:01] No expired clients found.
[2026-05-11 06:24:01] No expired clients found.
[2026-05-11 06:25:01] No expired clients found.
[2026-05-11 06:26:02] No expired clients found.
[2026-05-11 06:27:01] No expired clients found.
[2026-05-11 06:28:01] No expired clients found.
[2026-05-11 06:29:01] No expired clients found.
[2026-05-11 06:30:01] No expired clients found.
[2026-05-11 06:31:01] No expired clients found.
[2026-05-11 06:32:01] No expired clients found.
[2026-05-11 06:33:01] No expired clients found.
[2026-05-11 06:34:01] No expired clients found.
[2026-05-11 06:35:01] No expired clients found.
[2026-05-11 06:36:01] No expired clients found.
[2026-05-11 06:37:01] No expired clients found.
[2026-05-11 06:38:01] No expired clients found.
[2026-05-11 06:39:01] No expired clients found.
[2026-05-11 06:40:01] No expired clients found.
[2026-05-11 06:41:01] No expired clients found.
[2026-05-11 06:42:01] No expired clients found.
[2026-05-11 06:43:01] No expired clients found.
[2026-05-11 06:44:02] No expired clients found.
[2026-05-11 06:45:01] No expired clients found.
[2026-05-11 06:46:01] No expired clients found.
[2026-05-11 06:47:01] No expired clients found.
[2026-05-11 06:48:01] No expired clients found.
[2026-05-11 06:49:01] No expired clients found.
[2026-05-11 06:50:01] No expired clients found.
[2026-05-11 06:51:01] No expired clients found.
[2026-05-11 06:52:01] No expired clients found.
[2026-05-11 06:53:01] No expired clients found.
[2026-05-11 06:54:01] No expired clients found.
[2026-05-11 06:55:01] No expired clients found.
[2026-05-11 06:56:01] No expired clients found.
[2026-05-11 06:57:01] No expired clients found.
[2026-05-11 06:58:01] No expired clients found.
[2026-05-11 06:59:01] No expired clients found.
[2026-05-11 07:00:01] No expired clients found.
[2026-05-11 07:01:01] No expired clients found.
[2026-05-11 07:02:01] No expired clients found.
[2026-05-11 07:03:02] No expired clients found.
[2026-05-11 07:04:01] No expired clients found.
[2026-05-11 07:05:01] No expired clients found.
[2026-05-11 07:06:01] No expired clients found.
[2026-05-11 07:07:01] No expired clients found.
[2026-05-11 07:08:01] No expired clients found.
[2026-05-11 07:09:01] No expired clients found.
[2026-05-11 07:10:01] No expired clients found.
[2026-05-11 07:11:01] No expired clients found.
[2026-05-11 07:12:01] No expired clients found.
[2026-05-11 07:13:01] No expired clients found.
[2026-05-11 07:14:01] No expired clients found.
[2026-05-11 07:15:01] No expired clients found.
[2026-05-11 07:16:01] No expired clients found.
[2026-05-11 07:17:01] No expired clients found.
[2026-05-11 07:18:01] No expired clients found.
[2026-05-11 07:19:01] No expired clients found.
[2026-05-11 07:20:01] No expired clients found.
[2026-05-11 07:21:01] No expired clients found.
[2026-05-11 07:22:01] No expired clients found.
[2026-05-11 07:23:01] No expired clients found.
[2026-05-11 07:24:02] No expired clients found.
[2026-05-11 07:25:01] No expired clients found.
[2026-05-11 07:26:01] No expired clients found.
[2026-05-11 07:27:01] No expired clients found.
[2026-05-11 07:28:01] No expired clients found.
[2026-05-11 07:29:01] No expired clients found.
[2026-05-11 07:30:01] No expired clients found.
[2026-05-11 07:31:01] No expired clients found.
[2026-05-11 07:32:01] No expired clients found.
[2026-05-11 07:33:01] No expired clients found.
[2026-05-11 07:34:01] No expired clients found.
[2026-05-11 07:35:01] No expired clients found.
[2026-05-11 07:36:01] No expired clients found.
[2026-05-11 07:37:01] No expired clients found.
[2026-05-11 07:38:01] No expired clients found.
[2026-05-11 07:39:01] No expired clients found.
[2026-05-11 07:40:01] No expired clients found.
[2026-05-11 07:41:01] No expired clients found.
[2026-05-11 07:42:01] No expired clients found.
[2026-05-11 07:43:01] No expired clients found.
[2026-05-11 07:44:01] No expired clients found.
[2026-05-11 07:45:01] No expired clients found.
[2026-05-11 07:46:01] No expired clients found.
[2026-05-11 07:47:01] No expired clients found.
[2026-05-11 07:48:01] No expired clients found.
[2026-05-11 07:49:01] No expired clients found.
[2026-05-11 07:50:01] No expired clients found.
[2026-05-11 07:51:01] No expired clients found.
[2026-05-11 07:52:01] No expired clients found.
[2026-05-11 07:53:01] No expired clients found.
[2026-05-11 07:54:01] No expired clients found.
[2026-05-11 07:55:01] No expired clients found.
[2026-05-11 07:56:01] No expired clients found.
[2026-05-11 07:57:01] No expired clients found.
[2026-05-11 07:58:01] No expired clients found.
[2026-05-11 07:59:01] No expired clients found.
[2026-05-11 08:00:01] No expired clients found.
[2026-05-11 08:01:01] No expired clients found.
[2026-05-11 08:02:02] No expired clients found.
[2026-05-11 08:03:01] No expired clients found.
[2026-05-11 08:04:01] No expired clients found.
[2026-05-11 08:05:01] No expired clients found.
[2026-05-11 08:06:01] No expired clients found.
[2026-05-11 08:07:01] No expired clients found.
[2026-05-11 08:08:01] No expired clients found.
[2026-05-11 08:09:01] No expired clients found.
[2026-05-11 08:10:01] No expired clients found.
[2026-05-11 08:11:01] No expired clients found.
[2026-05-11 08:12:01] No expired clients found.
[2026-05-11 08:13:01] No expired clients found.
[2026-05-11 08:14:01] No expired clients found.
[2026-05-11 08:15:01] No expired clients found.
[2026-05-11 08:16:01] No expired clients found.
[2026-05-11 08:17:01] No expired clients found.
[2026-05-11 08:18:01] No expired clients found.
[2026-05-11 08:19:01] No expired clients found.
[2026-05-11 08:20:01] No expired clients found.
[2026-05-11 08:21:01] No expired clients found.
[2026-05-11 08:22:02] No expired clients found.
[2026-05-11 08:23:01] No expired clients found.
[2026-05-11 08:24:01] No expired clients found.
[2026-05-11 08:25:01] No expired clients found.
[2026-05-11 08:26:01] No expired clients found.
[2026-05-11 08:27:01] No expired clients found.
[2026-05-11 08:28:01] No expired clients found.
[2026-05-11 08:29:01] No expired clients found.
[2026-05-11 08:30:01] No expired clients found.
[2026-05-11 08:31:01] No expired clients found.
[2026-05-11 08:32:01] No expired clients found.
[2026-05-11 08:33:01] No expired clients found.
[2026-05-11 08:34:01] No expired clients found.
[2026-05-11 08:35:01] No expired clients found.
[2026-05-11 08:36:01] No expired clients found.
[2026-05-11 08:37:01] No expired clients found.
[2026-05-11 08:38:01] No expired clients found.
[2026-05-11 08:39:01] No expired clients found.
[2026-05-11 08:40:01] No expired clients found.
[2026-05-11 08:41:02] No expired clients found.
[2026-05-11 08:42:01] No expired clients found.
[2026-05-11 08:43:01] No expired clients found.
[2026-05-11 08:44:01] No expired clients found.
[2026-05-11 08:45:01] No expired clients found.
[2026-05-11 08:46:01] No expired clients found.
[2026-05-11 08:47:01] No expired clients found.
[2026-05-11 08:48:01] No expired clients found.
[2026-05-11 08:49:01] No expired clients found.
[2026-05-11 08:50:01] No expired clients found.
[2026-05-11 08:51:01] No expired clients found.
[2026-05-11 08:52:01] No expired clients found.
[2026-05-11 08:53:01] No expired clients found.
[2026-05-11 08:54:01] No expired clients found.
[2026-05-11 08:55:01] No expired clients found.
[2026-05-11 08:56:01] No expired clients found.
[2026-05-11 08:57:01] No expired clients found.
[2026-05-11 08:58:01] No expired clients found.
[2026-05-11 08:59:01] No expired clients found.
[2026-05-11 09:00:01] No expired clients found.
[2026-05-11 09:01:01] No expired clients found.
[2026-05-11 09:02:01] No expired clients found.
[2026-05-11 09:03:01] No expired clients found.
[2026-05-11 09:04:01] No expired clients found.
[2026-05-11 09:05:01] No expired clients found.
[2026-05-11 09:06:01] No expired clients found.
[2026-05-11 09:07:01] No expired clients found.
[2026-05-11 09:08:01] No expired clients found.
[2026-05-11 09:09:01] No expired clients found.
[2026-05-11 09:10:01] No expired clients found.
[2026-05-11 09:11:01] No expired clients found.
[2026-05-11 09:12:01] No expired clients found.
[2026-05-11 09:13:01] No expired clients found.
[2026-05-11 09:14:01] No expired clients found.
[2026-05-11 09:15:01] No expired clients found.
[2026-05-11 09:16:01] No expired clients found.
[2026-05-11 09:17:01] No expired clients found.
[2026-05-11 09:18:01] No expired clients found.
[2026-05-11 09:19:01] No expired clients found.
[2026-05-11 09:20:02] No expired clients found.
[2026-05-11 09:21:01] No expired clients found.
[2026-05-11 09:22:01] No expired clients found.
[2026-05-11 09:23:01] No expired clients found.
[2026-05-11 09:24:01] No expired clients found.
[2026-05-11 09:25:01] No expired clients found.
[2026-05-11 09:26:01] No expired clients found.
[2026-05-11 09:27:01] No expired clients found.
[2026-05-11 09:28:01] No expired clients found.
[2026-05-11 09:29:01] No expired clients found.
[2026-05-11 09:30:01] No expired clients found.
[2026-05-11 09:31:01] No expired clients found.
[2026-05-11 09:32:01] No expired clients found.
[2026-05-11 09:33:01] No expired clients found.
[2026-05-11 09:34:01] No expired clients found.
[2026-05-11 09:35:01] No expired clients found.
[2026-05-11 09:36:01] No expired clients found.
[2026-05-11 09:37:01] No expired clients found.
[2026-05-11 09:38:01] No expired clients found.
[2026-05-11 09:39:01] No expired clients found.
[2026-05-11 09:40:02] No expired clients found.
[2026-05-11 09:41:01] No expired clients found.
[2026-05-11 09:42:01] No expired clients found.
[2026-05-11 09:43:01] No expired clients found.
[2026-05-11 09:44:01] No expired clients found.
[2026-05-11 09:45:01] No expired clients found.
[2026-05-11 09:46:01] No expired clients found.
[2026-05-11 09:47:01] No expired clients found.
[2026-05-11 09:48:01] No expired clients found.
[2026-05-11 09:49:01] No expired clients found.
[2026-05-11 09:50:01] No expired clients found.
[2026-05-11 09:51:01] No expired clients found.
[2026-05-11 09:52:01] No expired clients found.
[2026-05-11 09:53:01] No expired clients found.
[2026-05-11 09:54:01] No expired clients found.
[2026-05-11 09:55:01] No expired clients found.
[2026-05-11 09:56:01] No expired clients found.
[2026-05-11 09:57:01] No expired clients found.
[2026-05-11 09:58:01] No expired clients found.
[2026-05-11 09:59:01] No expired clients found.
[2026-05-11 10:00:01] No expired clients found.
[2026-05-11 10:01:01] No expired clients found.
[2026-05-11 10:02:01] No expired clients found.
[2026-05-11 10:03:01] No expired clients found.
[2026-05-11 10:04:01] No expired clients found.
[2026-05-11 10:05:01] No expired clients found.
[2026-05-11 10:06:01] No expired clients found.
[2026-05-11 10:07:01] No expired clients found.
[2026-05-11 10:08:01] No expired clients found.
[2026-05-11 10:09:01] No expired clients found.
[2026-05-11 10:10:01] No expired clients found.
[2026-05-11 10:11:01] No expired clients found.
[2026-05-11 10:12:01] No expired clients found.
[2026-05-11 10:13:01] No expired clients found.
[2026-05-11 10:14:01] No expired clients found.
[2026-05-11 10:15:01] No expired clients found.
[2026-05-11 10:16:01] No expired clients found.
[2026-05-11 10:17:01] No expired clients found.
[2026-05-11 10:18:01] No expired clients found.
[2026-05-11 10:19:01] No expired clients found.
[2026-05-11 10:20:02] No expired clients found.
[2026-05-11 10:21:01] No expired clients found.
[2026-05-11 10:22:01] No expired clients found.
[2026-05-11 10:23:01] No expired clients found.
[2026-05-11 10:24:01] No expired clients found.
[2026-05-11 10:25:01] No expired clients found.
[2026-05-11 10:26:01] No expired clients found.
[2026-05-11 10:27:01] No expired clients found.
[2026-05-11 10:28:01] No expired clients found.
[2026-05-11 10:29:01] No expired clients found.
[2026-05-11 10:30:01] No expired clients found.
[2026-05-11 10:31:01] No expired clients found.
[2026-05-11 10:32:01] No expired clients found.
[2026-05-11 10:33:01] No expired clients found.
[2026-05-11 10:34:01] No expired clients found.
[2026-05-11 10:35:01] No expired clients found.
[2026-05-11 10:36:01] No expired clients found.
[2026-05-11 10:37:01] No expired clients found.
[2026-05-11 10:38:01] No expired clients found.
[2026-05-11 10:39:01] No expired clients found.
[2026-05-11 10:40:02] No expired clients found.
[2026-05-11 10:41:01] No expired clients found.
[2026-05-11 10:42:01] No expired clients found.
[2026-05-11 10:43:01] No expired clients found.
[2026-05-11 10:44:01] No expired clients found.
[2026-05-11 10:45:01] No expired clients found.
[2026-05-11 10:46:01] No expired clients found.
[2026-05-11 10:47:01] No expired clients found.
[2026-05-11 10:48:01] No expired clients found.
[2026-05-11 10:49:01] No expired clients found.
[2026-05-11 10:50:01] No expired clients found.
[2026-05-11 10:51:01] No expired clients found.
[2026-05-11 10:52:01] No expired clients found.
[2026-05-11 10:53:01] No expired clients found.
[2026-05-11 10:54:01] No expired clients found.
[2026-05-11 10:55:01] No expired clients found.
[2026-05-11 10:56:01] No expired clients found.
[2026-05-11 10:57:01] No expired clients found.
[2026-05-11 10:58:01] No expired clients found.
[2026-05-11 10:59:01] No expired clients found.
[2026-05-11 11:00:01] No expired clients found.
[2026-05-11 11:01:01] No expired clients found.
[2026-05-11 11:02:01] No expired clients found.
[2026-05-11 11:03:01] No expired clients found.
[2026-05-11 11:04:01] No expired clients found.
[2026-05-11 11:05:02] No expired clients found.
[2026-05-11 11:06:22] No expired clients found.
[2026-05-11 11:13:01] No expired clients found.
[2026-05-11 11:14:02] No expired clients found.
[2026-05-11 11:15:02] No expired clients found.
[2026-05-11 11:16:01] No expired clients found.
[2026-05-11 11:17:01] No expired clients found.
[2026-05-11 11:18:02] No expired clients found.
[2026-05-11 11:19:01] No expired clients found.
[2026-05-11 11:20:01] No expired clients found.
[2026-05-11 11:21:01] No expired clients found.
[2026-05-11 11:22:01] No expired clients found.
[2026-05-11 11:23:01] No expired clients found.
[2026-05-11 11:24:01] No expired clients found.
[2026-05-11 11:25:01] No expired clients found.
[2026-05-11 11:26:01] No expired clients found.
[2026-05-11 11:27:01] No expired clients found.
[2026-05-11 11:28:01] No expired clients found.
[2026-05-11 11:29:01] No expired clients found.
[2026-05-11 11:30:01] No expired clients found.
[2026-05-11 11:31:02] No expired clients found.
[2026-05-11 11:32:01] No expired clients found.
[2026-05-11 11:33:01] No expired clients found.
[2026-05-11 11:34:01] No expired clients found.
[2026-05-11 11:35:01] No expired clients found.
[2026-05-11 11:36:01] No expired clients found.
[2026-05-11 11:37:01] No expired clients found.
[2026-05-11 11:38:01] No expired clients found.
[2026-05-11 11:39:01] No expired clients found.
[2026-05-11 11:40:01] No expired clients found.
[2026-05-11 11:41:01] No expired clients found.
[2026-05-11 11:42:01] No expired clients found.
[2026-05-11 11:43:01] No expired clients found.
[2026-05-11 11:44:01] No expired clients found.
[2026-05-11 11:45:01] No expired clients found.
[2026-05-11 11:46:02] No expired clients found.
[2026-05-11 11:47:01] No expired clients found.
[2026-05-11 11:48:01] No expired clients found.
[2026-05-11 11:49:01] No expired clients found.
[2026-05-11 11:50:01] No expired clients found.
[2026-05-11 11:51:01] No expired clients found.
[2026-05-11 11:52:01] No expired clients found.
[2026-05-11 11:53:01] No expired clients found.
[2026-05-11 11:54:02] No expired clients found.
[2026-05-11 11:55:01] No expired clients found.
[2026-05-11 11:56:01] No expired clients found.
[2026-05-11 11:57:01] No expired clients found.
[2026-05-11 11:58:01] No expired clients found.
[2026-05-11 11:59:01] No expired clients found.
[2026-05-11 12:00:01] No expired clients found.
[2026-05-11 12:01:01] No expired clients found.
[2026-05-11 12:02:01] No expired clients found.
[2026-05-11 12:03:01] No expired clients found.
[2026-05-11 12:04:01] No expired clients found.
[2026-05-11 12:05:01] No expired clients found.
[2026-05-11 12:06:01] No expired clients found.
[2026-05-11 12:07:01] No expired clients found.
[2026-05-11 12:08:01] No expired clients found.
[2026-05-11 12:09:02] No expired clients found.
[2026-05-11 12:10:01] No expired clients found.
[2026-05-11 12:11:01] No expired clients found.
[2026-05-11 12:12:01] No expired clients found.
[2026-05-11 12:13:01] No expired clients found.
[2026-05-11 12:14:01] No expired clients found.
[2026-05-11 12:15:01] No expired clients found.
[2026-05-11 12:16:01] No expired clients found.
[2026-05-11 12:17:01] No expired clients found.
[2026-05-11 12:18:01] No expired clients found.
[2026-05-11 12:19:01] No expired clients found.
[2026-05-11 12:20:01] No expired clients found.
[2026-05-11 12:21:01] No expired clients found.
[2026-05-11 12:22:01] No expired clients found.
[2026-05-11 12:23:01] No expired clients found.
[2026-05-11 12:24:01] No expired clients found.
[2026-05-11 12:25:01] No expired clients found.
[2026-05-11 12:26:01] No expired clients found.
[2026-05-11 12:27:01] No expired clients found.
[2026-05-11 12:28:02] No expired clients found.
[2026-05-11 12:29:01] No expired clients found.
[2026-05-11 12:30:01] No expired clients found.
[2026-05-11 12:31:01] No expired clients found.
[2026-05-11 12:32:01] No expired clients found.
[2026-05-11 12:33:01] No expired clients found.
[2026-05-11 12:34:01] No expired clients found.
[2026-05-11 12:35:01] No expired clients found.
[2026-05-11 12:36:01] No expired clients found.
[2026-05-11 12:37:01] No expired clients found.
[2026-05-11 12:38:01] No expired clients found.
[2026-05-11 12:39:01] No expired clients found.
[2026-05-11 12:40:01] No expired clients found.
[2026-05-11 12:41:01] No expired clients found.
[2026-05-11 12:42:01] No expired clients found.
[2026-05-11 12:45:03] No expired clients found.
[2026-05-11 12:46:01] No expired clients found.
[2026-05-11 12:47:01] No expired clients found.
[2026-05-11 12:48:01] No expired clients found.
[2026-05-11 12:49:01] No expired clients found.
[2026-05-11 12:50:02] No expired clients found.
[2026-05-11 12:51:01] No expired clients found.
[2026-05-11 12:52:01] No expired clients found.
[2026-05-11 12:53:01] No expired clients found.
[2026-05-11 12:54:01] No expired clients found.
[2026-05-11 12:55:01] No expired clients found.
[2026-05-11 12:56:01] No expired clients found.
[2026-05-11 12:57:01] No expired clients found.
[2026-05-11 12:58:01] No expired clients found.
[2026-05-11 12:59:01] No expired clients found.
[2026-05-11 13:00:01] No expired clients found.
[2026-05-11 13:01:01] No expired clients found.
[2026-05-11 13:02:01] No expired clients found.
[2026-05-11 13:03:01] No expired clients found.
[2026-05-11 13:04:01] No expired clients found.
[2026-05-11 13:05:02] No expired clients found.
[2026-05-11 13:06:01] No expired clients found.
[2026-05-11 13:07:01] No expired clients found.
[2026-05-11 13:08:01] No expired clients found.
[2026-05-11 13:09:01] No expired clients found.
[2026-05-11 13:10:01] No expired clients found.
[2026-05-11 13:11:01] No expired clients found.
[2026-05-11 13:12:01] No expired clients found.
[2026-05-11 13:13:01] No expired clients found.
[2026-05-11 13:14:01] No expired clients found.
[2026-05-11 13:15:01] No expired clients found.
[2026-05-11 13:16:01] No expired clients found.
[2026-05-11 13:17:01] No expired clients found.
[2026-05-11 13:18:01] No expired clients found.
[2026-05-11 13:19:01] No expired clients found.
[2026-05-11 13:20:01] No expired clients found.
[2026-05-11 13:21:02] No expired clients found.
[2026-05-11 13:22:01] No expired clients found.
[2026-05-11 13:23:01] No expired clients found.
[2026-05-11 13:24:01] No expired clients found.
[2026-05-11 13:25:01] No expired clients found.
[2026-05-11 13:26:01] No expired clients found.
[2026-05-11 13:27:01] No expired clients found.
[2026-05-11 13:28:01] No expired clients found.
[2026-05-11 13:29:01] No expired clients found.
[2026-05-11 13:30:01] No expired clients found.
[2026-05-11 13:31:01] No expired clients found.
[2026-05-11 13:32:01] No expired clients found.
[2026-05-11 13:33:01] No expired clients found.
[2026-05-11 13:34:01] No expired clients found.
[2026-05-11 13:35:01] No expired clients found.
[2026-05-11 13:36:01] No expired clients found.
[2026-05-11 13:37:01] No expired clients found.
[2026-05-11 13:38:01] No expired clients found.
[2026-05-11 13:39:01] No expired clients found.
[2026-05-11 13:40:01] No expired clients found.
[2026-05-11 13:41:01] No expired clients found.
[2026-05-11 13:42:01] No expired clients found.
[2026-05-11 13:43:01] No expired clients found.
[2026-05-11 13:44:01] No expired clients found.
[2026-05-11 13:45:01] No expired clients found.
[2026-05-11 13:46:02] No expired clients found.
[2026-05-11 13:47:01] No expired clients found.
[2026-05-11 13:48:01] No expired clients found.
[2026-05-11 13:49:01] No expired clients found.
[2026-05-11 13:50:01] No expired clients found.
[2026-05-11 13:51:01] No expired clients found.
[2026-05-11 13:52:01] No expired clients found.
[2026-05-11 13:53:01] No expired clients found.
[2026-05-11 13:54:01] No expired clients found.
[2026-05-11 13:55:01] No expired clients found.
[2026-05-11 13:56:01] No expired clients found.
[2026-05-11 13:57:01] No expired clients found.
[2026-05-11 13:58:01] No expired clients found.
[2026-05-11 13:59:02] No expired clients found.
[2026-05-11 14:00:01] No expired clients found.
[2026-05-11 14:01:01] No expired clients found.
[2026-05-11 14:02:01] No expired clients found.
[2026-05-11 14:03:01] No expired clients found.
[2026-05-11 14:04:01] No expired clients found.
[2026-05-11 14:05:01] No expired clients found.
[2026-05-11 14:06:01] No expired clients found.
[2026-05-11 14:07:01] No expired clients found.
[2026-05-11 14:08:01] No expired clients found.
[2026-05-11 14:09:02] No expired clients found.
[2026-05-11 14:10:01] No expired clients found.
[2026-05-11 14:11:01] No expired clients found.
[2026-05-11 14:12:01] No expired clients found.
[2026-05-11 14:13:01] No expired clients found.
[2026-05-11 14:14:01] No expired clients found.
[2026-05-11 14:15:01] No expired clients found.
[2026-05-11 14:16:01] No expired clients found.
[2026-05-11 14:17:01] No expired clients found.
[2026-05-11 14:18:01] No expired clients found.
[2026-05-11 14:19:01] No expired clients found.
[2026-05-11 14:20:01] No expired clients found.
[2026-05-11 14:21:01] No expired clients found.
[2026-05-11 14:22:01] No expired clients found.
[2026-05-11 14:23:02] No expired clients found.
[2026-05-11 14:24:01] No expired clients found.
[2026-05-11 14:25:01] No expired clients found.
[2026-05-11 14:26:01] No expired clients found.
[2026-05-11 14:27:01] No expired clients found.
[2026-05-11 14:28:01] No expired clients found.
[2026-05-11 14:29:01] No expired clients found.
[2026-05-11 14:30:02] No expired clients found.
[2026-05-11 14:31:01] No expired clients found.
[2026-05-11 14:32:01] No expired clients found.
[2026-05-11 14:33:01] No expired clients found.
[2026-05-11 14:34:01] No expired clients found.
[2026-05-11 14:35:01] No expired clients found.
[2026-05-11 14:36:01] No expired clients found.
[2026-05-11 14:37:01] No expired clients found.
[2026-05-11 14:38:01] No expired clients found.
[2026-05-11 14:39:01] No expired clients found.
[2026-05-11 14:40:01] No expired clients found.
[2026-05-11 14:41:01] No expired clients found.
[2026-05-11 14:42:01] No expired clients found.
[2026-05-11 14:43:01] No expired clients found.
[2026-05-11 14:44:01] No expired clients found.
[2026-05-11 14:45:02] No expired clients found.
[2026-05-11 14:46:01] No expired clients found.
[2026-05-11 14:47:01] No expired clients found.
[2026-05-11 14:48:01] No expired clients found.
[2026-05-11 14:49:01] No expired clients found.
[2026-05-11 14:50:01] No expired clients found.
[2026-05-11 14:51:01] No expired clients found.
[2026-05-11 14:52:01] No expired clients found.
[2026-05-11 14:53:01] No expired clients found.
[2026-05-11 14:54:01] No expired clients found.
[2026-05-11 14:55:01] No expired clients found.
[2026-05-11 14:56:01] No expired clients found.
[2026-05-11 14:57:01] No expired clients found.
[2026-05-11 14:58:01] No expired clients found.
[2026-05-11 14:59:02] No expired clients found.
[2026-05-11 15:00:01] No expired clients found.
[2026-05-11 15:01:01] No expired clients found.
[2026-05-11 15:02:01] No expired clients found.
[2026-05-11 15:03:01] No expired clients found.
[2026-05-11 15:04:01] No expired clients found.
[2026-05-11 15:05:01] No expired clients found.
[2026-05-11 15:06:01] No expired clients found.
[2026-05-11 15:07:01] No expired clients found.
[2026-05-11 15:08:01] No expired clients found.
[2026-05-11 15:09:02] No expired clients found.
[2026-05-11 15:10:01] No expired clients found.
[2026-05-11 15:11:01] No expired clients found.
[2026-05-11 15:12:01] No expired clients found.
[2026-05-11 15:13:01] No expired clients found.
[2026-05-11 15:14:01] No expired clients found.
[2026-05-11 15:15:01] No expired clients found.
[2026-05-11 15:16:01] No expired clients found.
[2026-05-11 15:17:01] No expired clients found.
[2026-05-11 15:18:01] No expired clients found.
[2026-05-11 15:19:01] No expired clients found.
[2026-05-11 15:20:01] No expired clients found.
[2026-05-11 15:21:01] No expired clients found.
[2026-05-11 15:22:01] No expired clients found.
[2026-05-11 15:23:01] No expired clients found.
[2026-05-11 15:24:01] No expired clients found.
[2026-05-11 15:25:01] No expired clients found.
[2026-05-11 15:26:01] No expired clients found.
[2026-05-11 15:27:02] No expired clients found.
[2026-05-11 15:28:01] No expired clients found.
[2026-05-11 15:29:01] No expired clients found.
[2026-05-11 15:30:01] No expired clients found.
[2026-05-11 15:31:01] No expired clients found.
[2026-05-11 15:32:01] No expired clients found.
[2026-05-11 15:33:01] No expired clients found.
[2026-05-11 15:34:01] No expired clients found.
[2026-05-11 15:35:01] No expired clients found.
[2026-05-11 15:36:01] No expired clients found.
[2026-05-11 15:37:01] No expired clients found.
[2026-05-11 15:38:01] No expired clients found.
[2026-05-11 15:39:01] No expired clients found.
[2026-05-11 15:40:01] No expired clients found.
[2026-05-11 15:41:01] No expired clients found.
[2026-05-11 15:42:01] No expired clients found.
[2026-05-11 15:43:01] No expired clients found.
[2026-05-11 15:44:01] No expired clients found.
[2026-05-11 15:45:01] No expired clients found.
[2026-05-11 15:46:01] No expired clients found.
[2026-05-11 15:47:02] No expired clients found.
[2026-05-11 15:48:01] No expired clients found.
[2026-05-11 15:49:01] No expired clients found.
[2026-05-11 15:50:01] No expired clients found.
[2026-05-11 15:51:01] No expired clients found.
[2026-05-11 15:52:01] No expired clients found.
[2026-05-11 15:53:01] No expired clients found.
[2026-05-11 15:54:01] No expired clients found.
[2026-05-11 15:55:01] No expired clients found.
[2026-05-11 15:56:01] No expired clients found.
[2026-05-11 15:57:02] No expired clients found.
[2026-05-11 15:58:01] No expired clients found.
[2026-05-11 15:59:01] No expired clients found.
[2026-05-11 16:00:01] No expired clients found.
[2026-05-11 16:02:01] No expired clients found.
[2026-05-11 16:03:01] No expired clients found.
[2026-05-11 16:04:02] No expired clients found.
[2026-05-11 16:05:01] No expired clients found.
[2026-05-11 16:06:01] No expired clients found.
[2026-05-11 16:07:01] No expired clients found.
[2026-05-11 16:08:01] No expired clients found.
[2026-05-11 16:09:01] No expired clients found.
[2026-05-11 16:10:01] No expired clients found.
[2026-05-11 16:11:02] No expired clients found.
[2026-05-11 16:12:01] No expired clients found.
[2026-05-11 16:13:01] No expired clients found.
[2026-05-11 16:14:01] No expired clients found.
[2026-05-11 16:15:01] No expired clients found.
[2026-05-11 16:16:01] No expired clients found.
[2026-05-11 16:17:01] No expired clients found.
[2026-05-11 16:18:01] No expired clients found.
[2026-05-11 16:19:01] No expired clients found.
[2026-05-11 16:20:01] No expired clients found.
[2026-05-11 16:21:01] No expired clients found.
[2026-05-11 16:22:01] No expired clients found.
[2026-05-11 16:23:01] No expired clients found.
[2026-05-11 16:24:01] No expired clients found.
[2026-05-11 16:25:01] No expired clients found.
[2026-05-11 16:26:01] No expired clients found.
[2026-05-11 16:27:01] No expired clients found.
[2026-05-11 16:28:01] No expired clients found.
[2026-05-11 16:29:01] No expired clients found.
[2026-05-11 16:30:01] No expired clients found.
[2026-05-11 16:31:01] No expired clients found.
[2026-05-11 16:32:01] No expired clients found.
[2026-05-11 16:33:01] No expired clients found.
[2026-05-11 16:34:02] No expired clients found.
[2026-05-11 16:35:01] No expired clients found.
[2026-05-11 16:36:01] No expired clients found.
[2026-05-11 16:37:01] No expired clients found.
[2026-05-11 16:38:01] No expired clients found.
[2026-05-11 16:39:01] No expired clients found.
[2026-05-11 16:40:01] No expired clients found.
[2026-05-11 16:41:01] No expired clients found.
[2026-05-11 16:42:01] No expired clients found.
[2026-05-11 16:43:02] No expired clients found.
[2026-05-11 16:44:01] No expired clients found.
[2026-05-11 16:45:01] No expired clients found.
[2026-05-11 16:46:01] No expired clients found.
[2026-05-11 16:47:01] No expired clients found.
[2026-05-11 16:48:01] No expired clients found.
[2026-05-11 16:49:01] No expired clients found.
[2026-05-11 16:50:01] No expired clients found.
[2026-05-11 16:51:01] No expired clients found.
[2026-05-11 16:52:01] No expired clients found.
[2026-05-11 16:53:01] No expired clients found.
[2026-05-11 16:54:02] No expired clients found.
[2026-05-11 16:55:01] No expired clients found.
[2026-05-11 16:56:01] No expired clients found.
[2026-05-11 16:57:01] No expired clients found.
[2026-05-11 16:58:01] No expired clients found.
[2026-05-11 16:59:01] No expired clients found.
[2026-05-11 17:00:01] No expired clients found.
[2026-05-11 17:01:01] No expired clients found.
[2026-05-11 17:02:01] No expired clients found.
[2026-05-11 17:03:01] No expired clients found.
[2026-05-11 17:04:01] No expired clients found.
[2026-05-11 17:05:01] No expired clients found.
[2026-05-11 17:06:01] No expired clients found.
[2026-05-11 17:07:01] No expired clients found.
[2026-05-11 17:08:02] No expired clients found.
[2026-05-11 17:12:01] No expired clients found.
[2026-05-11 17:13:01] No expired clients found.
[2026-05-11 17:14:02] No expired clients found.
[2026-05-11 17:15:01] No expired clients found.
[2026-05-11 17:16:01] No expired clients found.
[2026-05-11 17:17:01] No expired clients found.
[2026-05-11 17:18:01] No expired clients found.
[2026-05-11 17:19:01] No expired clients found.
[2026-05-11 17:20:01] No expired clients found.
[2026-05-11 17:21:01] No expired clients found.
[2026-05-11 17:22:01] No expired clients found.
[2026-05-11 17:23:01] No expired clients found.
[2026-05-11 17:24:01] No expired clients found.
[2026-05-11 17:25:02] No expired clients found.
[2026-05-11 17:26:01] No expired clients found.
[2026-05-11 17:27:01] No expired clients found.
[2026-05-11 17:28:01] No expired clients found.
[2026-05-11 17:29:01] No expired clients found.
[2026-05-11 17:30:01] No expired clients found.
[2026-05-11 17:31:01] No expired clients found.
[2026-05-11 17:32:01] No expired clients found.
[2026-05-11 17:33:01] No expired clients found.
[2026-05-11 17:34:01] No expired clients found.
[2026-05-11 17:35:01] No expired clients found.
[2026-05-11 17:36:01] No expired clients found.
[2026-05-11 17:37:01] No expired clients found.
[2026-05-11 17:38:02] No expired clients found.
[2026-05-11 17:39:01] No expired clients found.
[2026-05-11 17:40:01] No expired clients found.
[2026-05-11 17:41:01] No expired clients found.
[2026-05-11 17:42:01] No expired clients found.
[2026-05-11 17:43:01] No expired clients found.
[2026-05-11 17:44:01] No expired clients found.
[2026-05-11 17:45:02] No expired clients found.
[2026-05-11 17:46:01] No expired clients found.
[2026-05-11 17:47:01] No expired clients found.
[2026-05-11 17:48:01] No expired clients found.
[2026-05-11 17:49:01] No expired clients found.
[2026-05-11 17:50:01] No expired clients found.
[2026-05-11 17:51:01] No expired clients found.
[2026-05-11 17:52:01] No expired clients found.
[2026-05-11 17:53:01] No expired clients found.
[2026-05-11 17:54:01] No expired clients found.
[2026-05-11 17:55:02] No expired clients found.
[2026-05-11 17:56:01] No expired clients found.
[2026-05-11 17:57:01] No expired clients found.
[2026-05-11 17:58:01] No expired clients found.
[2026-05-11 17:59:01] No expired clients found.
[2026-05-11 18:00:01] No expired clients found.
[2026-05-11 18:01:01] No expired clients found.
[2026-05-11 18:02:01] No expired clients found.
[2026-05-11 18:03:01] No expired clients found.
[2026-05-11 18:04:01] No expired clients found.
[2026-05-11 18:05:01] No expired clients found.
[2026-05-11 18:06:01] No expired clients found.
[2026-05-11 18:07:01] No expired clients found.
[2026-05-11 18:08:01] No expired clients found.
[2026-05-11 18:09:01] No expired clients found.
[2026-05-11 18:10:02] No expired clients found.
[2026-05-11 18:11:01] No expired clients found.
[2026-05-11 18:12:01] No expired clients found.
[2026-05-11 18:13:01] No expired clients found.
[2026-05-11 18:14:01] No expired clients found.
[2026-05-11 18:15:01] No expired clients found.
[2026-05-11 18:16:01] No expired clients found.
[2026-05-11 18:17:01] No expired clients found.
[2026-05-11 18:18:02] No expired clients found.
[2026-05-11 18:19:01] No expired clients found.
[2026-05-11 18:20:01] No expired clients found.
[2026-05-11 18:21:01] No expired clients found.
[2026-05-11 18:22:01] No expired clients found.
[2026-05-11 18:23:02] No expired clients found.
[2026-05-11 18:24:01] No expired clients found.
[2026-05-11 18:25:01] No expired clients found.
[2026-05-11 18:26:01] No expired clients found.
[2026-05-11 18:27:02] No expired clients found.
[2026-05-11 18:28:01] No expired clients found.
[2026-05-11 18:29:01] No expired clients found.
[2026-05-11 18:30:01] No expired clients found.
[2026-05-11 18:31:02] No expired clients found.
[2026-05-11 18:32:01] No expired clients found.
[2026-05-11 18:33:01] No expired clients found.
[2026-05-11 18:34:01] No expired clients found.
[2026-05-11 18:35:46] No expired clients found.
[2026-05-11 18:36:03] No expired clients found.
[2026-05-11 18:37:01] No expired clients found.
[2026-05-11 18:38:01] No expired clients found.
[2026-05-11 18:39:01] No expired clients found.
[2026-05-11 18:40:02] No expired clients found.
[2026-05-11 18:41:01] No expired clients found.
[2026-05-11 18:42:01] No expired clients found.
[2026-05-11 18:43:01] No expired clients found.
[2026-05-11 18:44:01] No expired clients found.
[2026-05-11 18:45:02] No expired clients found.
[2026-05-11 18:46:01] No expired clients found.
[2026-05-11 18:47:01] No expired clients found.
[2026-05-11 18:48:02] No expired clients found.
[2026-05-11 18:49:01] No expired clients found.
[2026-05-11 18:50:01] No expired clients found.
[2026-05-11 18:51:01] No expired clients found.
[2026-05-11 18:52:01] No expired clients found.
[2026-05-11 18:53:01] No expired clients found.
[2026-05-11 18:54:01] No expired clients found.
[2026-05-11 18:57:02] No expired clients found.
[2026-05-11 18:58:01] No expired clients found.
[2026-05-11 18:59:01] No expired clients found.
[2026-05-11 19:00:01] No expired clients found.
[2026-05-11 19:01:02] No expired clients found.
[2026-05-11 19:02:01] No expired clients found.
[2026-05-11 19:03:02] No expired clients found.
[2026-05-11 19:04:01] No expired clients found.
[2026-05-11 19:05:02] No expired clients found.
[2026-05-11 19:06:01] No expired clients found.
[2026-05-11 19:07:01] No expired clients found.
[2026-05-11 19:08:01] No expired clients found.
[2026-05-11 19:09:01] No expired clients found.
[2026-05-11 19:10:01] No expired clients found.
[2026-05-11 19:11:01] No expired clients found.
[2026-05-11 19:12:01] No expired clients found.
[2026-05-11 19:13:02] No expired clients found.
[2026-05-11 19:14:01] No expired clients found.
[2026-05-11 19:15:01] No expired clients found.
[2026-05-11 19:16:01] No expired clients found.
[2026-05-11 19:17:01] No expired clients found.
[2026-05-11 19:18:01] No expired clients found.
[2026-05-11 19:19:01] No expired clients found.
[2026-05-11 19:20:01] No expired clients found.
[2026-05-11 19:21:01] No expired clients found.
[2026-05-11 19:22:01] No expired clients found.
[2026-05-11 19:23:01] No expired clients found.
[2026-05-11 19:24:01] No expired clients found.
[2026-05-11 19:25:01] No expired clients found.
[2026-05-11 19:26:02] No expired clients found.
[2026-05-11 19:27:01] No expired clients found.
[2026-05-11 19:28:01] No expired clients found.
[2026-05-11 19:29:01] No expired clients found.
[2026-05-11 19:30:01] No expired clients found.
[2026-05-11 19:31:01] No expired clients found.
[2026-05-11 19:32:01] No expired clients found.
[2026-05-11 19:33:01] No expired clients found.
[2026-05-11 19:34:01] No expired clients found.
[2026-05-11 19:35:01] No expired clients found.
[2026-05-11 19:36:01] No expired clients found.
[2026-05-11 19:37:01] No expired clients found.
[2026-05-11 19:38:01] No expired clients found.
[2026-05-11 19:39:01] No expired clients found.
[2026-05-11 19:40:01] No expired clients found.
[2026-05-11 19:41:01] No expired clients found.
[2026-05-11 19:42:02] No expired clients found.
[2026-05-11 19:43:01] No expired clients found.
[2026-05-11 19:44:01] No expired clients found.
[2026-05-11 19:45:01] No expired clients found.
[2026-05-11 19:46:01] No expired clients found.
[2026-05-11 19:47:01] No expired clients found.
[2026-05-11 19:48:01] No expired clients found.
[2026-05-11 19:49:01] No expired clients found.
[2026-05-11 19:50:01] No expired clients found.
[2026-05-11 19:51:01] No expired clients found.
[2026-05-11 19:52:01] No expired clients found.
[2026-05-11 19:53:01] No expired clients found.
[2026-05-11 19:54:01] No expired clients found.
[2026-05-11 19:55:01] No expired clients found.
[2026-05-11 19:56:02] No expired clients found.
[2026-05-11 19:57:01] No expired clients found.
[2026-05-11 19:58:01] No expired clients found.
[2026-05-11 19:59:01] No expired clients found.
[2026-05-11 20:00:01] No expired clients found.
[2026-05-11 20:01:02] No expired clients found.
[2026-05-11 20:02:01] No expired clients found.
[2026-05-11 20:03:01] No expired clients found.
[2026-05-11 20:04:01] No expired clients found.
[2026-05-11 20:05:01] No expired clients found.
[2026-05-11 20:06:01] No expired clients found.
[2026-05-11 20:07:01] No expired clients found.
[2026-05-11 20:08:01] No expired clients found.
[2026-05-11 20:09:01] No expired clients found.
[2026-05-11 20:10:02] No expired clients found.
[2026-05-11 20:11:01] No expired clients found.
[2026-05-11 20:12:01] No expired clients found.
[2026-05-11 20:13:01] No expired clients found.
[2026-05-11 20:14:01] No expired clients found.
[2026-05-11 20:15:01] No expired clients found.
[2026-05-11 20:16:01] No expired clients found.
[2026-05-11 20:17:01] No expired clients found.
[2026-05-11 20:18:01] No expired clients found.
[2026-05-11 20:19:01] No expired clients found.
[2026-05-11 20:20:01] No expired clients found.
[2026-05-11 20:21:02] No expired clients found.
[2026-05-11 20:22:01] No expired clients found.
[2026-05-11 20:23:01] No expired clients found.
[2026-05-11 20:24:01] No expired clients found.
[2026-05-11 20:25:02] No expired clients found.
[2026-05-11 20:26:01] No expired clients found.
[2026-05-11 20:27:01] No expired clients found.
[2026-05-11 20:28:01] No expired clients found.
[2026-05-11 20:29:01] No expired clients found.
[2026-05-11 20:30:01] No expired clients found.
[2026-05-11 20:31:01] No expired clients found.
[2026-05-11 20:32:01] No expired clients found.
[2026-05-11 20:33:01] No expired clients found.
[2026-05-11 20:34:01] No expired clients found.
[2026-05-11 20:35:01] No expired clients found.
[2026-05-11 20:36:01] No expired clients found.
[2026-05-11 20:37:02] No expired clients found.
[2026-05-11 20:38:01] No expired clients found.
[2026-05-11 20:39:01] No expired clients found.
[2026-05-11 20:40:01] No expired clients found.
[2026-05-11 20:41:01] No expired clients found.
[2026-05-11 20:42:01] No expired clients found.
[2026-05-11 20:43:01] No expired clients found.
[2026-05-11 20:44:01] No expired clients found.
[2026-05-11 20:45:01] No expired clients found.
[2026-05-11 20:46:01] No expired clients found.
[2026-05-11 20:47:01] No expired clients found.
[2026-05-11 20:48:01] No expired clients found.
[2026-05-11 20:49:01] No expired clients found.
[2026-05-11 20:50:01] No expired clients found.
[2026-05-11 20:51:01] No expired clients found.
[2026-05-11 20:52:02] No expired clients found.
[2026-05-11 20:53:01] No expired clients found.
[2026-05-11 20:54:01] No expired clients found.
[2026-05-11 20:55:01] No expired clients found.
[2026-05-11 20:56:01] No expired clients found.
[2026-05-11 20:57:01] No expired clients found.
[2026-05-11 20:58:01] No expired clients found.
[2026-05-11 20:59:01] No expired clients found.
[2026-05-11 21:00:01] No expired clients found.
[2026-05-11 21:01:01] No expired clients found.
[2026-05-11 21:02:01] No expired clients found.
[2026-05-11 21:03:01] No expired clients found.
[2026-05-11 21:04:01] No expired clients found.
[2026-05-11 21:05:01] No expired clients found.
[2026-05-11 21:06:02] No expired clients found.
[2026-05-11 21:07:01] No expired clients found.
[2026-05-11 21:08:01] No expired clients found.
[2026-05-11 21:09:01] No expired clients found.
[2026-05-11 21:10:01] No expired clients found.
[2026-05-11 21:11:01] No expired clients found.
[2026-05-11 21:12:01] No expired clients found.
[2026-05-11 21:13:01] No expired clients found.
[2026-05-11 21:14:01] No expired clients found.
[2026-05-11 21:15:01] No expired clients found.
[2026-05-11 21:16:01] No expired clients found.
[2026-05-11 21:17:01] No expired clients found.
[2026-05-11 21:18:01] No expired clients found.
[2026-05-11 21:19:01] No expired clients found.
[2026-05-11 21:20:01] No expired clients found.
[2026-05-11 21:21:01] No expired clients found.
[2026-05-11 21:22:01] No expired clients found.
[2026-05-11 21:23:01] No expired clients found.
[2026-05-11 21:24:01] No expired clients found.
[2026-05-11 21:25:02] No expired clients found.
[2026-05-11 21:26:01] No expired clients found.
[2026-05-11 21:27:01] No expired clients found.
[2026-05-11 21:28:01] No expired clients found.
[2026-05-11 21:29:01] No expired clients found.
[2026-05-11 21:30:02] No expired clients found.
[2026-05-11 21:31:01] No expired clients found.
[2026-05-11 21:32:01] No expired clients found.
[2026-05-11 21:33:01] No expired clients found.
[2026-05-11 21:34:01] No expired clients found.
[2026-05-11 21:35:01] No expired clients found.
[2026-05-11 21:36:01] No expired clients found.
[2026-05-11 21:37:01] No expired clients found.
[2026-05-11 21:38:01] No expired clients found.
[2026-05-11 21:39:02] No expired clients found.
[2026-05-11 21:40:01] No expired clients found.
[2026-05-11 21:41:01] No expired clients found.
[2026-05-11 21:42:01] No expired clients found.
[2026-05-11 21:43:01] No expired clients found.
[2026-05-11 21:44:01] No expired clients found.
[2026-05-11 21:45:03] No expired clients found.
[2026-05-11 21:46:01] No expired clients found.
[2026-05-11 21:47:02] No expired clients found.
[2026-05-11 21:48:01] No expired clients found.
[2026-05-11 21:49:01] No expired clients found.
[2026-05-11 21:50:01] No expired clients found.
[2026-05-11 21:51:01] No expired clients found.
[2026-05-11 21:52:01] No expired clients found.
[2026-05-11 21:53:02] No expired clients found.
[2026-05-11 21:54:01] No expired clients found.
[2026-05-11 21:55:01] No expired clients found.
[2026-05-11 21:56:01] No expired clients found.
[2026-05-11 21:57:01] No expired clients found.
[2026-05-11 21:58:01] No expired clients found.
[2026-05-11 21:59:01] No expired clients found.
[2026-05-11 22:00:01] No expired clients found.
[2026-05-11 22:01:01] No expired clients found.
[2026-05-11 22:02:03] Expired client disabled: MH-ADF8BB3F
[2026-05-11 22:03:01] No expired clients found.
[2026-05-11 22:04:01] No expired clients found.
[2026-05-11 22:05:02] No expired clients found.
[2026-05-11 22:06:01] No expired clients found.
[2026-05-11 22:07:01] No expired clients found.
[2026-05-11 22:08:01] No expired clients found.
[2026-05-11 22:09:09] No expired clients found.
[2026-05-11 22:10:02] No expired clients found.
[2026-05-11 22:11:02] No expired clients found.
[2026-05-11 22:12:01] No expired clients found.
[2026-05-11 22:13:02] No expired clients found.
[2026-05-11 22:14:01] No expired clients found.
[2026-05-11 22:15:02] No expired clients found.
[2026-05-11 22:16:02] No expired clients found.
[2026-05-11 22:17:01] No expired clients found.
[2026-05-11 22:18:01] No expired clients found.
[2026-05-11 22:19:02] No expired clients found.
[2026-05-11 22:20:01] No expired clients found.
[2026-05-11 22:21:01] No expired clients found.
[2026-05-11 22:22:01] No expired clients found.
[2026-05-11 22:23:01] No expired clients found.
[2026-05-11 22:24:01] No expired clients found.
[2026-05-11 22:25:02] No expired clients found.
[2026-05-11 22:26:01] No expired clients found.
[2026-05-11 22:27:01] No expired clients found.
[2026-05-11 22:28:01] No expired clients found.
[2026-05-11 22:29:01] No expired clients found.
[2026-05-11 22:30:02] No expired clients found.
[2026-05-11 22:31:01] No expired clients found.
[2026-05-11 22:32:01] No expired clients found.
[2026-05-11 22:33:01] No expired clients found.
[2026-05-11 22:34:29] No expired clients found.
[2026-05-11 22:35:01] No expired clients found.
[2026-05-11 22:36:01] No expired clients found.
[2026-05-11 22:37:01] No expired clients found.
[2026-05-11 22:38:02] No expired clients found.
[2026-05-11 22:39:03] No expired clients found.
[2026-05-11 22:40:02] No expired clients found.
[2026-05-11 22:42:06] No expired clients found.
[2026-05-11 22:42:06] No expired clients found.
[2026-05-11 22:45:01] No expired clients found.
[2026-05-11 22:46:02] No expired clients found.
[2026-05-11 22:47:01] No expired clients found.
[2026-05-11 22:48:01] No expired clients found.
[2026-05-11 22:49:02] No expired clients found.
[2026-05-11 22:50:01] No expired clients found.
[2026-05-11 22:51:01] No expired clients found.
[2026-05-11 22:52:01] No expired clients found.
[2026-05-11 22:53:01] No expired clients found.
[2026-05-11 22:54:01] No expired clients found.
[2026-05-11 22:55:02] No expired clients found.
[2026-05-11 22:56:01] No expired clients found.
[2026-05-11 22:57:01] No expired clients found.
[2026-05-11 22:58:01] No expired clients found.
[2026-05-11 22:59:01] No expired clients found.
[2026-05-11 23:00:01] No expired clients found.
[2026-05-11 23:01:01] No expired clients found.
[2026-05-11 23:02:01] No expired clients found.
[2026-05-11 23:03:01] No expired clients found.
[2026-05-11 23:04:01] No expired clients found.
[2026-05-11 23:05:01] No expired clients found.
[2026-05-11 23:06:01] No expired clients found.
[2026-05-11 23:07:01] No expired clients found.
[2026-05-11 23:08:01] No expired clients found.
[2026-05-11 23:09:01] No expired clients found.
[2026-05-11 23:10:01] No expired clients found.
[2026-05-11 23:11:01] No expired clients found.
[2026-05-11 23:12:01] No expired clients found.
[2026-05-11 23:13:02] No expired clients found.
[2026-05-11 23:14:01] No expired clients found.
[2026-05-11 23:15:01] No expired clients found.
[2026-05-11 23:16:01] No expired clients found.
[2026-05-11 23:17:01] No expired clients found.
[2026-05-11 23:18:01] No expired clients found.
[2026-05-11 23:19:01] No expired clients found.
[2026-05-11 23:20:01] No expired clients found.
[2026-05-11 23:21:01] No expired clients found.
[2026-05-11 23:22:01] No expired clients found.
[2026-05-11 23:23:01] No expired clients found.
[2026-05-11 23:24:01] No expired clients found.
[2026-05-11 23:25:01] No expired clients found.
[2026-05-11 23:26:05] No expired clients found.
[2026-05-11 23:27:01] No expired clients found.
[2026-05-11 23:28:01] No expired clients found.
[2026-05-11 23:29:01] No expired clients found.
[2026-05-11 23:30:01] No expired clients found.
[2026-05-11 23:31:02] No expired clients found.
[2026-05-11 23:32:01] No expired clients found.
[2026-05-11 23:33:01] No expired clients found.
[2026-05-11 23:34:01] No expired clients found.
[2026-05-11 23:35:01] No expired clients found.
[2026-05-11 23:36:01] No expired clients found.
[2026-05-11 23:37:01] No expired clients found.
[2026-05-11 23:38:01] No expired clients found.
[2026-05-11 23:39:01] No expired clients found.
[2026-05-11 23:40:01] No expired clients found.
[2026-05-11 23:41:01] No expired clients found.
[2026-05-11 23:42:01] No expired clients found.
[2026-05-11 23:43:01] No expired clients found.
[2026-05-11 23:44:01] No expired clients found.
[2026-05-11 23:45:02] No expired clients found.
[2026-05-11 23:46:01] No expired clients found.
[2026-05-11 23:47:01] No expired clients found.
[2026-05-11 23:48:01] No expired clients found.
[2026-05-11 23:49:01] No expired clients found.
[2026-05-11 23:50:01] No expired clients found.
[2026-05-11 23:51:01] No expired clients found.
[2026-05-11 23:52:01] No expired clients found.
[2026-05-11 23:53:01] No expired clients found.
[2026-05-11 23:54:01] No expired clients found.
[2026-05-11 23:55:01] No expired clients found.
[2026-05-11 23:56:01] No expired clients found.
[2026-05-11 23:57:01] No expired clients found.
[2026-05-11 23:58:02] No expired clients found.
[2026-05-11 23:59:01] No expired clients found.
[2026-05-12 00:00:01] No expired clients found.
[2026-05-12 00:01:01] No expired clients found.
[2026-05-12 00:02:01] No expired clients found.
[2026-05-12 00:03:01] No expired clients found.
[2026-05-12 00:04:01] No expired clients found.
[2026-05-12 00:05:01] No expired clients found.
[2026-05-12 00:06:02] No expired clients found.
[2026-05-12 00:07:01] No expired clients found.
[2026-05-12 00:08:01] No expired clients found.
[2026-05-12 00:09:01] No expired clients found.
[2026-05-12 00:10:01] No expired clients found.
[2026-05-12 00:11:01] No expired clients found.
[2026-05-12 00:12:01] No expired clients found.
[2026-05-12 00:13:01] No expired clients found.
[2026-05-12 00:14:02] No expired clients found.
[2026-05-12 00:15:01] No expired clients found.
[2026-05-12 00:16:01] No expired clients found.
[2026-05-12 00:17:01] No expired clients found.
[2026-05-12 00:18:01] No expired clients found.
[2026-05-12 00:19:01] No expired clients found.
[2026-05-12 00:20:01] No expired clients found.
[2026-05-12 00:21:01] No expired clients found.
[2026-05-12 00:22:01] No expired clients found.
[2026-05-12 00:23:02] No expired clients found.
[2026-05-12 00:24:01] No expired clients found.
[2026-05-12 00:25:01] No expired clients found.
[2026-05-12 00:26:01] No expired clients found.
[2026-05-12 00:27:01] No expired clients found.
[2026-05-12 00:28:01] No expired clients found.
[2026-05-12 00:29:01] No expired clients found.
[2026-05-12 00:30:01] No expired clients found.
[2026-05-12 00:31:01] No expired clients found.
[2026-05-12 00:32:02] No expired clients found.
[2026-05-12 00:33:01] No expired clients found.
[2026-05-12 00:34:01] No expired clients found.
[2026-05-12 00:35:01] No expired clients found.
[2026-05-12 00:36:01] No expired clients found.
[2026-05-12 00:37:01] No expired clients found.
[2026-05-12 00:38:01] No expired clients found.
[2026-05-12 00:39:01] No expired clients found.
[2026-05-12 00:40:01] No expired clients found.
[2026-05-12 00:41:01] No expired clients found.
[2026-05-12 00:42:01] No expired clients found.
[2026-05-12 00:43:01] No expired clients found.
[2026-05-12 00:44:02] No expired clients found.
[2026-05-12 00:45:01] No expired clients found.
[2026-05-12 00:46:01] No expired clients found.
[2026-05-12 00:47:01] No expired clients found.
[2026-05-12 00:48:01] No expired clients found.
[2026-05-12 00:49:01] No expired clients found.
[2026-05-12 00:50:01] No expired clients found.
[2026-05-12 00:51:01] No expired clients found.
[2026-05-12 00:52:01] No expired clients found.
[2026-05-12 00:53:02] No expired clients found.
[2026-05-12 00:54:01] No expired clients found.
[2026-05-12 00:55:01] No expired clients found.
[2026-05-12 00:56:01] No expired clients found.
[2026-05-12 00:57:01] No expired clients found.
[2026-05-12 00:58:01] No expired clients found.
[2026-05-12 00:59:01] No expired clients found.
[2026-05-12 01:00:01] No expired clients found.
[2026-05-12 01:01:01] No expired clients found.
[2026-05-12 01:02:01] No expired clients found.
[2026-05-12 01:03:01] No expired clients found.
[2026-05-12 01:04:01] No expired clients found.
[2026-05-12 01:05:01] No expired clients found.
[2026-05-12 01:06:01] No expired clients found.
[2026-05-12 01:07:02] No expired clients found.
[2026-05-12 01:08:01] No expired clients found.
[2026-05-12 01:09:01] No expired clients found.
[2026-05-12 01:10:01] No expired clients found.
[2026-05-12 01:11:01] No expired clients found.
[2026-05-12 01:12:01] No expired clients found.
[2026-05-12 01:13:01] No expired clients found.
[2026-05-12 01:14:01] No expired clients found.
[2026-05-12 01:15:01] No expired clients found.
[2026-05-12 01:16:02] No expired clients found.
[2026-05-12 01:17:01] No expired clients found.
[2026-05-12 01:18:01] No expired clients found.
[2026-05-12 01:19:01] No expired clients found.
[2026-05-12 01:20:01] No expired clients found.
[2026-05-12 01:21:01] No expired clients found.
[2026-05-12 01:22:02] No expired clients found.
[2026-05-12 01:23:01] No expired clients found.
[2026-05-12 01:24:01] No expired clients found.
[2026-05-12 01:25:01] No expired clients found.
[2026-05-12 01:26:11] No expired clients found.
[2026-05-12 01:27:01] No expired clients found.
[2026-05-12 01:28:01] No expired clients found.
[2026-05-12 01:29:01] No expired clients found.
[2026-05-12 01:30:02] No expired clients found.
[2026-05-12 01:31:01] No expired clients found.
[2026-05-12 01:32:01] No expired clients found.
[2026-05-12 01:33:01] No expired clients found.
[2026-05-12 01:34:01] No expired clients found.
[2026-05-12 01:35:01] No expired clients found.
[2026-05-12 01:36:02] No expired clients found.
[2026-05-12 01:37:01] No expired clients found.
[2026-05-12 01:38:01] No expired clients found.
[2026-05-12 01:39:01] No expired clients found.
[2026-05-12 01:40:01] No expired clients found.
[2026-05-12 01:41:01] No expired clients found.
[2026-05-12 01:42:01] No expired clients found.
[2026-05-12 01:43:01] No expired clients found.
[2026-05-12 01:44:01] No expired clients found.
[2026-05-12 01:44:52] No expired clients found.
[2026-05-12 01:45:01] No expired clients found.
[2026-05-12 01:46:02] No expired clients found.
[2026-05-12 01:47:01] No expired clients found.
[2026-05-12 01:47:26] No expired clients found.
[2026-05-12 01:48:01] No expired clients found.
[2026-05-12 01:49:01] No expired clients found.
[2026-05-12 01:50:01] No expired clients found.
[2026-05-12 01:51:01] No expired clients found.
[2026-05-12 01:52:01] No expired clients found.
[2026-05-12 01:53:01] No expired clients found.
[2026-05-12 01:54:02] No expired clients found.
[2026-05-12 01:55:01] No expired clients found.
[2026-05-12 01:56:01] No expired clients found.
[2026-05-12 01:57:01] No expired clients found.
[2026-05-12 01:58:01] No expired clients found.
[2026-05-12 01:59:01] No expired clients found.
[2026-05-12 02:00:01] No expired clients found.
[2026-05-12 02:01:01] No expired clients found.
[2026-05-12 02:02:01] No expired clients found.
[2026-05-12 02:03:02] No expired clients found.
[2026-05-12 02:04:01] No expired clients found.
[2026-05-12 02:05:01] No expired clients found.
[2026-05-12 02:06:01] No expired clients found.
[2026-05-12 02:07:02] No expired clients found.
[2026-05-12 02:08:01] No expired clients found.
[2026-05-12 02:09:01] No expired clients found.
[2026-05-12 02:10:01] No expired clients found.
[2026-05-12 02:11:01] No expired clients found.
[2026-05-12 02:12:01] No expired clients found.
[2026-05-12 02:13:01] No expired clients found.
[2026-05-12 02:14:44] No expired clients found.
[2026-05-12 02:15:06] No expired clients found.
[2026-05-12 02:16:02] No expired clients found.
[2026-05-12 02:17:01] No expired clients found.
[2026-05-12 02:18:01] No expired clients found.
[2026-05-12 02:19:02] No expired clients found.
[2026-05-12 02:20:01] No expired clients found.
[2026-05-12 02:21:01] No expired clients found.
[2026-05-12 02:22:01] No expired clients found.
[2026-05-12 02:23:01] No expired clients found.
[2026-05-12 02:24:01] No expired clients found.
[2026-05-12 02:25:01] No expired clients found.
[2026-05-12 02:26:01] No expired clients found.
[2026-05-12 02:27:01] No expired clients found.
[2026-05-12 02:28:02] No expired clients found.
[2026-05-12 02:29:01] No expired clients found.
[2026-05-12 02:30:01] No expired clients found.
[2026-05-12 02:31:01] No expired clients found.
[2026-05-12 02:32:01] No expired clients found.
[2026-05-12 02:33:01] No expired clients found.
[2026-05-12 02:34:01] No expired clients found.
[2026-05-12 02:35:01] No expired clients found.
[2026-05-12 02:36:01] No expired clients found.
[2026-05-12 02:37:01] No expired clients found.
[2026-05-12 02:38:02] No expired clients found.
[2026-05-12 02:39:01] No expired clients found.
[2026-05-12 02:40:01] No expired clients found.
[2026-05-12 02:41:01] No expired clients found.
[2026-05-12 02:42:01] No expired clients found.
[2026-05-12 02:43:02] No expired clients found.
[2026-05-12 02:44:01] No expired clients found.
[2026-05-12 02:45:02] No expired clients found.
[2026-05-12 02:46:01] No expired clients found.
[2026-05-12 02:47:01] No expired clients found.
[2026-05-12 02:48:01] No expired clients found.
[2026-05-12 02:49:01] No expired clients found.
[2026-05-12 02:50:01] No expired clients found.
[2026-05-12 02:51:01] No expired clients found.
[2026-05-12 02:52:02] No expired clients found.
[2026-05-12 02:53:01] No expired clients found.
[2026-05-12 02:54:01] No expired clients found.
[2026-05-12 02:55:01] No expired clients found.
[2026-05-12 02:56:01] No expired clients found.
[2026-05-12 02:57:01] No expired clients found.
[2026-05-12 02:58:01] No expired clients found.
[2026-05-12 02:59:01] No expired clients found.
[2026-05-12 03:00:01] No expired clients found.
[2026-05-12 03:01:01] No expired clients found.
[2026-05-12 03:02:01] No expired clients found.
[2026-05-12 03:03:01] No expired clients found.
[2026-05-12 03:04:01] No expired clients found.
[2026-05-12 03:05:01] No expired clients found.
[2026-05-12 03:06:01] No expired clients found.
[2026-05-12 03:07:01] No expired clients found.
[2026-05-12 03:08:01] No expired clients found.
[2026-05-12 03:09:02] No expired clients found.
[2026-05-12 03:10:01] No expired clients found.
[2026-05-12 03:11:01] No expired clients found.
[2026-05-12 03:12:01] No expired clients found.
[2026-05-12 03:13:01] No expired clients found.
[2026-05-12 03:14:01] No expired clients found.
[2026-05-12 03:15:01] No expired clients found.
[2026-05-12 03:16:02] No expired clients found.
[2026-05-12 03:17:01] No expired clients found.
[2026-05-12 03:18:01] No expired clients found.
[2026-05-12 03:19:01] No expired clients found.
[2026-05-12 03:20:01] No expired clients found.
[2026-05-12 03:21:01] No expired clients found.
[2026-05-12 03:22:01] No expired clients found.
[2026-05-12 03:23:01] No expired clients found.
[2026-05-12 03:24:01] No expired clients found.
[2026-05-12 03:25:01] No expired clients found.
[2026-05-12 03:26:01] No expired clients found.
[2026-05-12 03:27:02] No expired clients found.
[2026-05-12 03:28:01] No expired clients found.
[2026-05-12 03:29:01] No expired clients found.
[2026-05-12 03:30:01] No expired clients found.
[2026-05-12 03:31:01] No expired clients found.
[2026-05-12 03:32:01] No expired clients found.
[2026-05-12 03:33:01] No expired clients found.
[2026-05-12 03:34:01] No expired clients found.
[2026-05-12 03:35:01] No expired clients found.
[2026-05-12 03:36:01] No expired clients found.
[2026-05-12 03:37:01] No expired clients found.
[2026-05-12 03:38:01] No expired clients found.
[2026-05-12 03:39:02] No expired clients found.
[2026-05-12 03:40:01] No expired clients found.
[2026-05-12 03:41:01] No expired clients found.
[2026-05-12 03:42:01] No expired clients found.
[2026-05-12 03:43:01] No expired clients found.
[2026-05-12 03:44:02] No expired clients found.
[2026-05-12 03:45:01] No expired clients found.
[2026-05-12 03:46:01] No expired clients found.
[2026-05-12 03:47:02] No expired clients found.
[2026-05-12 03:48:01] No expired clients found.
[2026-05-12 03:49:01] No expired clients found.
[2026-05-12 03:50:01] No expired clients found.
[2026-05-12 03:51:01] No expired clients found.
[2026-05-12 03:52:01] No expired clients found.
[2026-05-12 03:53:01] No expired clients found.
[2026-05-12 03:54:02] No expired clients found.
[2026-05-12 03:55:01] No expired clients found.
[2026-05-12 03:56:01] No expired clients found.
[2026-05-12 03:57:01] No expired clients found.
[2026-05-12 03:58:01] No expired clients found.
[2026-05-12 03:59:01] No expired clients found.
[2026-05-12 04:00:01] No expired clients found.
[2026-05-12 04:01:01] No expired clients found.
[2026-05-12 04:02:01] No expired clients found.
[2026-05-12 04:03:02] No expired clients found.
[2026-05-12 04:04:01] No expired clients found.
[2026-05-12 04:05:02] No expired clients found.
[2026-05-12 04:06:02] No expired clients found.
[2026-05-12 04:08:14] No expired clients found.
[2026-05-12 04:08:14] No expired clients found.
[2026-05-12 04:09:01] No expired clients found.
[2026-05-12 04:10:01] No expired clients found.
[2026-05-12 04:11:01] No expired clients found.
[2026-05-12 04:12:01] No expired clients found.
[2026-05-12 04:13:01] No expired clients found.
[2026-05-12 04:14:02] No expired clients found.
[2026-05-12 04:15:01] No expired clients found.
[2026-05-12 04:16:01] No expired clients found.
[2026-05-12 04:17:02] No expired clients found.
[2026-05-12 04:18:01] No expired clients found.
[2026-05-12 04:19:01] No expired clients found.
[2026-05-12 04:20:01] No expired clients found.
[2026-05-12 04:21:02] No expired clients found.
[2026-05-12 04:22:01] No expired clients found.
[2026-05-12 04:23:01] No expired clients found.
[2026-05-12 04:24:01] No expired clients found.
[2026-05-12 04:25:01] No expired clients found.
[2026-05-12 04:26:01] No expired clients found.
[2026-05-12 04:27:01] No expired clients found.
[2026-05-12 04:28:01] No expired clients found.
[2026-05-12 04:29:02] No expired clients found.
[2026-05-12 04:30:01] No expired clients found.
[2026-05-12 04:31:01] No expired clients found.
[2026-05-12 04:32:01] No expired clients found.
[2026-05-12 04:33:01] No expired clients found.
[2026-05-12 04:34:01] No expired clients found.
[2026-05-12 04:35:01] No expired clients found.
[2026-05-12 04:36:01] No expired clients found.
[2026-05-12 04:37:01] No expired clients found.
[2026-05-12 04:38:01] No expired clients found.
[2026-05-12 04:39:01] No expired clients found.
[2026-05-12 04:40:01] No expired clients found.
[2026-05-12 04:41:01] No expired clients found.
[2026-05-12 04:42:01] No expired clients found.
[2026-05-12 04:43:01] No expired clients found.
[2026-05-12 04:44:01] No expired clients found.
[2026-05-12 04:45:01] No expired clients found.
[2026-05-12 04:46:01] No expired clients found.
[2026-05-12 04:47:01] No expired clients found.
[2026-05-12 04:48:02] No expired clients found.
[2026-05-12 04:49:01] No expired clients found.
[2026-05-12 04:50:01] No expired clients found.
[2026-05-12 04:51:01] No expired clients found.
[2026-05-12 04:52:01] No expired clients found.
[2026-05-12 04:53:01] No expired clients found.
[2026-05-12 04:54:01] No expired clients found.
[2026-05-12 04:55:01] No expired clients found.
[2026-05-12 04:58:05] No expired clients found.
[2026-05-12 04:58:05] No expired clients found.
[2026-05-12 04:58:05] No expired clients found.
[2026-05-12 04:59:01] No expired clients found.
[2026-05-12 05:00:01] No expired clients found.
[2026-05-12 05:01:01] No expired clients found.
[2026-05-12 05:02:01] No expired clients found.
[2026-05-12 05:03:01] No expired clients found.
[2026-05-12 05:04:01] No expired clients found.
[2026-05-12 05:05:01] No expired clients found.
[2026-05-12 05:06:01] No expired clients found.
[2026-05-12 05:07:01] No expired clients found.
[2026-05-12 05:08:01] No expired clients found.
[2026-05-12 05:09:01] No expired clients found.
[2026-05-12 05:10:01] No expired clients found.
[2026-05-12 05:11:01] No expired clients found.
[2026-05-12 05:12:01] No expired clients found.
[2026-05-12 05:13:01] No expired clients found.
[2026-05-12 05:14:01] No expired clients found.
[2026-05-12 05:15:01] No expired clients found.
[2026-05-12 05:16:01] No expired clients found.
[2026-05-12 05:17:01] No expired clients found.
[2026-05-12 05:18:01] No expired clients found.
[2026-05-12 05:19:01] No expired clients found.
[2026-05-12 05:20:01] No expired clients found.
[2026-05-12 05:21:01] No expired clients found.
[2026-05-12 05:22:01] No expired clients found.
[2026-05-12 05:23:01] No expired clients found.
[2026-05-12 05:24:02] No expired clients found.
[2026-05-12 05:25:01] No expired clients found.
[2026-05-12 05:26:01] No expired clients found.
[2026-05-12 05:27:01] No expired clients found.
[2026-05-12 05:28:01] No expired clients found.
[2026-05-12 05:29:01] No expired clients found.
[2026-05-12 05:30:01] No expired clients found.
[2026-05-12 05:31:01] No expired clients found.
[2026-05-12 05:32:01] No expired clients found.
[2026-05-12 05:33:01] No expired clients found.
[2026-05-12 05:34:01] No expired clients found.
[2026-05-12 05:35:01] No expired clients found.
[2026-05-12 05:36:01] No expired clients found.
[2026-05-12 05:37:01] No expired clients found.
[2026-05-12 05:38:01] No expired clients found.
[2026-05-12 05:39:01] No expired clients found.
[2026-05-12 05:40:01] No expired clients found.
[2026-05-12 05:41:01] No expired clients found.
[2026-05-12 05:42:01] No expired clients found.
[2026-05-12 05:43:01] No expired clients found.
[2026-05-12 05:44:01] No expired clients found.
[2026-05-12 05:45:01] No expired clients found.
[2026-05-12 05:46:01] No expired clients found.
[2026-05-12 05:47:01] No expired clients found.
[2026-05-12 05:48:01] No expired clients found.
[2026-05-12 05:49:01] No expired clients found.
[2026-05-12 05:50:01] No expired clients found.
[2026-05-12 05:51:01] No expired clients found.
[2026-05-12 05:52:01] No expired clients found.
[2026-05-12 05:53:01] No expired clients found.
[2026-05-12 05:54:01] No expired clients found.
[2026-05-12 05:55:01] No expired clients found.
[2026-05-12 05:56:01] No expired clients found.
[2026-05-12 05:57:01] No expired clients found.
[2026-05-12 05:58:01] No expired clients found.
[2026-05-12 05:59:01] No expired clients found.
[2026-05-12 06:00:01] No expired clients found.
[2026-05-12 06:01:01] No expired clients found.
[2026-05-12 06:02:01] No expired clients found.
[2026-05-12 06:03:01] No expired clients found.
[2026-05-12 06:04:02] No expired clients found.
[2026-05-12 06:05:01] No expired clients found.
[2026-05-12 06:06:01] No expired clients found.
[2026-05-12 06:07:01] No expired clients found.
[2026-05-12 06:08:01] No expired clients found.
[2026-05-12 06:09:01] No expired clients found.
[2026-05-12 06:10:01] No expired clients found.
[2026-05-12 06:11:01] No expired clients found.
[2026-05-12 06:12:01] No expired clients found.
[2026-05-12 06:13:01] No expired clients found.
[2026-05-12 06:14:01] No expired clients found.
[2026-05-12 06:15:01] No expired clients found.
[2026-05-12 06:16:01] No expired clients found.
[2026-05-12 06:17:01] No expired clients found.
[2026-05-12 06:18:01] No expired clients found.
[2026-05-12 06:19:01] No expired clients found.
[2026-05-12 06:20:01] No expired clients found.
[2026-05-12 06:21:01] No expired clients found.
[2026-05-12 06:22:01] No expired clients found.
[2026-05-12 06:23:01] No expired clients found.
[2026-05-12 06:24:02] No expired clients found.
[2026-05-12 06:25:01] No expired clients found.
[2026-05-12 06:26:01] No expired clients found.
[2026-05-12 06:27:01] No expired clients found.
[2026-05-12 06:28:01] No expired clients found.
[2026-05-12 06:29:01] No expired clients found.
[2026-05-12 06:30:01] No expired clients found.
[2026-05-12 06:31:01] No expired clients found.
[2026-05-12 06:32:01] No expired clients found.
[2026-05-12 06:33:01] No expired clients found.
[2026-05-12 06:34:01] No expired clients found.
[2026-05-12 06:35:01] No expired clients found.
[2026-05-12 06:36:01] No expired clients found.
[2026-05-12 06:37:01] No expired clients found.
[2026-05-12 06:38:01] No expired clients found.
[2026-05-12 06:39:01] No expired clients found.
[2026-05-12 06:40:01] No expired clients found.
[2026-05-12 06:41:01] No expired clients found.
[2026-05-12 06:42:01] No expired clients found.
[2026-05-12 06:43:01] No expired clients found.
[2026-05-12 06:44:01] No expired clients found.
[2026-05-12 06:45:02] No expired clients found.
[2026-05-12 06:46:01] No expired clients found.
[2026-05-12 06:47:01] No expired clients found.
[2026-05-12 06:48:01] No expired clients found.
[2026-05-12 06:49:01] No expired clients found.
[2026-05-12 06:50:01] No expired clients found.
[2026-05-12 06:51:01] No expired clients found.
[2026-05-12 06:52:01] No expired clients found.
[2026-05-12 06:53:01] No expired clients found.
[2026-05-12 06:54:01] No expired clients found.
[2026-05-12 06:55:01] No expired clients found.
[2026-05-12 06:56:01] No expired clients found.
[2026-05-12 06:57:01] No expired clients found.
[2026-05-12 06:58:01] No expired clients found.
[2026-05-12 06:59:01] No expired clients found.
[2026-05-12 07:00:01] No expired clients found.
[2026-05-12 07:01:01] No expired clients found.
[2026-05-12 07:02:02] No expired clients found.
[2026-05-12 07:03:01] No expired clients found.
[2026-05-12 07:04:01] No expired clients found.
[2026-05-12 07:05:01] No expired clients found.
[2026-05-12 07:06:01] No expired clients found.
[2026-05-12 07:07:01] No expired clients found.
[2026-05-12 07:08:01] No expired clients found.
[2026-05-12 07:09:01] No expired clients found.
[2026-05-12 07:10:01] No expired clients found.
[2026-05-12 07:11:01] No expired clients found.
[2026-05-12 07:12:01] No expired clients found.
[2026-05-12 07:13:01] No expired clients found.
[2026-05-12 07:14:01] No expired clients found.
[2026-05-12 07:15:01] No expired clients found.
[2026-05-12 07:16:01] No expired clients found.
[2026-05-12 07:17:01] No expired clients found.
[2026-05-12 07:18:01] No expired clients found.
[2026-05-12 07:19:01] No expired clients found.
[2026-05-12 07:20:01] No expired clients found.
[2026-05-12 07:21:02] No expired clients found.
[2026-05-12 07:22:01] No expired clients found.
[2026-05-12 07:23:01] No expired clients found.
[2026-05-12 07:24:01] No expired clients found.
[2026-05-12 07:25:01] No expired clients found.
[2026-05-12 07:26:01] No expired clients found.
[2026-05-12 07:27:01] No expired clients found.
[2026-05-12 07:28:01] No expired clients found.
[2026-05-12 07:29:01] No expired clients found.
[2026-05-12 07:30:01] No expired clients found.
[2026-05-12 07:31:01] No expired clients found.
[2026-05-12 07:32:01] No expired clients found.
[2026-05-12 07:33:01] No expired clients found.
[2026-05-12 07:34:01] No expired clients found.
[2026-05-12 07:35:01] No expired clients found.
[2026-05-12 07:36:01] No expired clients found.
[2026-05-12 07:37:01] No expired clients found.
[2026-05-12 07:38:01] No expired clients found.
[2026-05-12 07:39:01] No expired clients found.
[2026-05-12 07:40:01] No expired clients found.
[2026-05-12 07:41:02] No expired clients found.
[2026-05-12 07:42:01] No expired clients found.
[2026-05-12 07:43:01] No expired clients found.
[2026-05-12 07:44:01] No expired clients found.
[2026-05-12 07:45:01] No expired clients found.
[2026-05-12 07:46:01] No expired clients found.
[2026-05-12 07:47:01] No expired clients found.
[2026-05-12 07:48:01] No expired clients found.
[2026-05-12 07:49:01] No expired clients found.
[2026-05-12 07:50:01] No expired clients found.
[2026-05-12 07:51:01] No expired clients found.
[2026-05-12 07:52:01] No expired clients found.
[2026-05-12 07:53:01] No expired clients found.
[2026-05-12 07:54:01] No expired clients found.
[2026-05-12 07:55:01] No expired clients found.
[2026-05-12 07:56:01] No expired clients found.
[2026-05-12 07:57:01] No expired clients found.
[2026-05-12 07:58:01] No expired clients found.
[2026-05-12 07:59:01] No expired clients found.
[2026-05-12 08:00:01] No expired clients found.
[2026-05-12 08:01:01] No expired clients found.
[2026-05-12 08:02:01] No expired clients found.
[2026-05-12 08:03:01] No expired clients found.
[2026-05-12 08:04:01] No expired clients found.
[2026-05-12 08:05:01] No expired clients found.
[2026-05-12 08:06:01] No expired clients found.
[2026-05-12 08:07:01] No expired clients found.
[2026-05-12 08:08:01] No expired clients found.
[2026-05-12 08:09:01] No expired clients found.
[2026-05-12 08:10:01] No expired clients found.
[2026-05-12 08:11:01] No expired clients found.
[2026-05-12 08:12:01] No expired clients found.
[2026-05-12 08:13:01] No expired clients found.
[2026-05-12 08:14:01] No expired clients found.
[2026-05-12 08:15:01] No expired clients found.
[2026-05-12 08:16:01] No expired clients found.
[2026-05-12 08:17:01] No expired clients found.
[2026-05-12 08:18:01] No expired clients found.
[2026-05-12 08:19:02] No expired clients found.
[2026-05-12 08:20:01] No expired clients found.
[2026-05-12 08:21:01] No expired clients found.
[2026-05-12 08:22:01] No expired clients found.
[2026-05-12 08:23:01] No expired clients found.
[2026-05-12 08:24:01] No expired clients found.
[2026-05-12 08:25:01] No expired clients found.
[2026-05-12 08:26:01] No expired clients found.
[2026-05-12 08:27:01] No expired clients found.
[2026-05-12 08:28:01] No expired clients found.
[2026-05-12 08:29:01] No expired clients found.
[2026-05-12 08:30:01] No expired clients found.
[2026-05-12 08:31:01] No expired clients found.
[2026-05-12 08:32:01] No expired clients found.
[2026-05-12 08:33:01] No expired clients found.
[2026-05-12 08:34:01] No expired clients found.
[2026-05-12 08:35:01] No expired clients found.
[2026-05-12 08:36:01] No expired clients found.
[2026-05-12 08:37:01] No expired clients found.
[2026-05-12 08:38:01] No expired clients found.
[2026-05-12 08:39:01] No expired clients found.
[2026-05-12 08:40:01] No expired clients found.
[2026-05-12 08:41:01] No expired clients found.
[2026-05-12 08:42:01] No expired clients found.
[2026-05-12 08:43:01] No expired clients found.
[2026-05-12 08:44:01] No expired clients found.
[2026-05-12 08:45:01] No expired clients found.
[2026-05-12 08:46:01] No expired clients found.
[2026-05-12 08:47:01] No expired clients found.
[2026-05-12 08:48:01] No expired clients found.
[2026-05-12 08:49:01] No expired clients found.
[2026-05-12 08:50:01] No expired clients found.
[2026-05-12 08:51:01] No expired clients found.
[2026-05-12 08:52:01] No expired clients found.
[2026-05-12 08:53:01] No expired clients found.
[2026-05-12 08:54:01] No expired clients found.
[2026-05-12 08:55:02] No expired clients found.
[2026-05-12 08:56:01] No expired clients found.
[2026-05-12 08:57:01] No expired clients found.
[2026-05-12 08:58:01] No expired clients found.
[2026-05-12 08:59:01] No expired clients found.
[2026-05-12 09:00:01] No expired clients found.
[2026-05-12 09:01:01] No expired clients found.
[2026-05-12 09:02:01] No expired clients found.
[2026-05-12 09:03:01] No expired clients found.
[2026-05-12 09:04:01] No expired clients found.
[2026-05-12 09:05:01] No expired clients found.
[2026-05-12 09:06:01] No expired clients found.
[2026-05-12 09:07:01] No expired clients found.
[2026-05-12 09:08:01] No expired clients found.
[2026-05-12 09:09:01] No expired clients found.
[2026-05-12 09:10:01] No expired clients found.
[2026-05-12 09:11:01] No expired clients found.
[2026-05-12 09:12:01] No expired clients found.
[2026-05-12 09:13:01] No expired clients found.
[2026-05-12 09:14:01] No expired clients found.
[2026-05-12 09:15:01] No expired clients found.
[2026-05-12 09:16:01] No expired clients found.
[2026-05-12 09:17:01] No expired clients found.
[2026-05-12 09:18:01] No expired clients found.
[2026-05-12 09:19:01] No expired clients found.
[2026-05-12 09:20:01] No expired clients found.
[2026-05-12 09:21:01] No expired clients found.
[2026-05-12 09:22:01] No expired clients found.
[2026-05-12 09:23:01] No expired clients found.
[2026-05-12 09:24:01] No expired clients found.
[2026-05-12 09:25:01] No expired clients found.
[2026-05-12 09:26:01] No expired clients found.
[2026-05-12 09:27:01] No expired clients found.
[2026-05-12 09:28:01] No expired clients found.
[2026-05-12 09:29:01] No expired clients found.
[2026-05-12 09:30:01] No expired clients found.
[2026-05-12 09:31:01] No expired clients found.
[2026-05-12 09:32:01] No expired clients found.
[2026-05-12 09:33:01] No expired clients found.
[2026-05-12 09:34:01] No expired clients found.
[2026-05-12 09:35:01] No expired clients found.
[2026-05-12 09:36:01] No expired clients found.
[2026-05-12 09:37:01] No expired clients found.
[2026-05-12 09:38:01] No expired clients found.
[2026-05-12 09:39:01] No expired clients found.
[2026-05-12 09:40:01] No expired clients found.
[2026-05-12 09:41:01] No expired clients found.
[2026-05-12 09:42:01] No expired clients found.
[2026-05-12 09:43:02] No expired clients found.
[2026-05-12 09:44:01] No expired clients found.
[2026-05-12 09:45:01] No expired clients found.
[2026-05-12 09:46:01] No expired clients found.
[2026-05-12 09:47:01] No expired clients found.
[2026-05-12 09:48:01] No expired clients found.
[2026-05-12 09:49:01] No expired clients found.
[2026-05-12 09:50:01] No expired clients found.
[2026-05-12 09:51:01] No expired clients found.
[2026-05-12 09:52:01] No expired clients found.
[2026-05-12 09:53:01] No expired clients found.
[2026-05-12 09:54:01] No expired clients found.
[2026-05-12 09:55:01] No expired clients found.
[2026-05-12 09:56:02] No expired clients found.
[2026-05-12 09:57:01] No expired clients found.
[2026-05-12 09:58:01] No expired clients found.
[2026-05-12 09:59:01] No expired clients found.
[2026-05-12 10:00:02] No expired clients found.
[2026-05-12 10:01:01] No expired clients found.
[2026-05-12 10:02:01] No expired clients found.
[2026-05-12 10:03:01] No expired clients found.
[2026-05-12 10:04:01] No expired clients found.
[2026-05-12 10:05:01] No expired clients found.
[2026-05-12 10:06:01] No expired clients found.
[2026-05-12 10:07:01] No expired clients found.
[2026-05-12 10:08:01] No expired clients found.
[2026-05-12 10:09:01] No expired clients found.
[2026-05-12 10:10:02] No expired clients found.
[2026-05-12 10:11:01] No expired clients found.
[2026-05-12 10:12:01] No expired clients found.
[2026-05-12 10:13:01] No expired clients found.
[2026-05-12 10:14:01] No expired clients found.
[2026-05-12 10:15:01] No expired clients found.
[2026-05-12 10:16:01] No expired clients found.
[2026-05-12 10:17:01] No expired clients found.
[2026-05-12 10:18:01] No expired clients found.
[2026-05-12 10:19:01] No expired clients found.
[2026-05-12 10:20:02] No expired clients found.
[2026-05-12 10:21:02] No expired clients found.
[2026-05-12 10:22:01] No expired clients found.
[2026-05-12 10:23:01] No expired clients found.
[2026-05-12 10:24:01] No expired clients found.
[2026-05-12 10:25:02] No expired clients found.
[2026-05-12 10:26:01] No expired clients found.
[2026-05-12 10:27:01] No expired clients found.
[2026-05-12 10:28:02] No expired clients found.
[2026-05-12 10:29:01] No expired clients found.
[2026-05-12 10:30:01] No expired clients found.
[2026-05-12 10:31:01] No expired clients found.
[2026-05-12 10:32:01] No expired clients found.
[2026-05-12 10:33:01] No expired clients found.
[2026-05-12 10:34:01] No expired clients found.
[2026-05-12 10:35:01] No expired clients found.
[2026-05-12 10:36:01] No expired clients found.
[2026-05-12 10:37:02] No expired clients found.
[2026-05-12 10:38:01] No expired clients found.
[2026-05-12 10:39:01] No expired clients found.
[2026-05-12 10:40:01] No expired clients found.
[2026-05-12 10:41:01] No expired clients found.
[2026-05-12 10:42:01] No expired clients found.
[2026-05-12 10:43:01] No expired clients found.
[2026-05-12 10:44:01] No expired clients found.
[2026-05-12 10:45:02] No expired clients found.
[2026-05-12 10:46:01] No expired clients found.
[2026-05-12 10:47:01] No expired clients found.
[2026-05-12 10:48:01] No expired clients found.
[2026-05-12 10:49:01] No expired clients found.
[2026-05-12 10:50:01] No expired clients found.
[2026-05-12 10:51:01] No expired clients found.
[2026-05-12 10:52:01] No expired clients found.
[2026-05-12 10:53:02] No expired clients found.
[2026-05-12 10:54:01] No expired clients found.
[2026-05-12 10:55:01] No expired clients found.
[2026-05-12 10:56:14] No expired clients found.
[2026-05-12 10:57:01] No expired clients found.
[2026-05-12 10:58:01] No expired clients found.
[2026-05-12 10:59:02] No expired clients found.
[2026-05-12 11:00:01] No expired clients found.
[2026-05-12 11:01:01] No expired clients found.
[2026-05-12 11:02:01] No expired clients found.
[2026-05-12 11:03:01] No expired clients found.
[2026-05-12 11:04:01] No expired clients found.
[2026-05-12 11:05:01] No expired clients found.
[2026-05-12 11:06:02] No expired clients found.
[2026-05-12 11:07:02] No expired clients found.
[2026-05-12 11:08:02] No expired clients found.
[2026-05-12 11:09:01] No expired clients found.
[2026-05-12 11:10:01] No expired clients found.
[2026-05-12 11:11:01] No expired clients found.
[2026-05-12 11:12:01] No expired clients found.
[2026-05-12 11:13:01] No expired clients found.
[2026-05-12 11:14:01] No expired clients found.
[2026-05-12 11:15:01] No expired clients found.
[2026-05-12 11:16:01] No expired clients found.
[2026-05-12 11:17:02] No expired clients found.
[2026-05-12 11:18:01] No expired clients found.
[2026-05-12 11:19:01] No expired clients found.
[2026-05-12 11:20:01] No expired clients found.
[2026-05-12 11:21:01] No expired clients found.
[2026-05-12 11:22:01] No expired clients found.
[2026-05-12 11:23:01] No expired clients found.
[2026-05-12 11:24:01] No expired clients found.
[2026-05-12 11:25:02] No expired clients found.
[2026-05-12 11:26:01] No expired clients found.
[2026-05-12 11:27:01] No expired clients found.
[2026-05-12 11:28:01] No expired clients found.
[2026-05-12 11:29:01] No expired clients found.
[2026-05-12 11:30:01] No expired clients found.
[2026-05-12 11:31:01] No expired clients found.
[2026-05-12 11:32:02] No expired clients found.
[2026-05-12 11:33:01] No expired clients found.
[2026-05-12 11:34:01] No expired clients found.
[2026-05-12 11:39:32] No expired clients found.
[2026-05-12 11:39:32] No expired clients found.
[2026-05-12 11:39:32] No expired clients found.
[2026-05-12 11:43:01] No expired clients found.
[2026-05-12 11:44:02] No expired clients found.
[2026-05-12 11:45:01] No expired clients found.
[2026-05-12 11:46:01] No expired clients found.
[2026-05-12 11:47:01] No expired clients found.
[2026-05-12 11:48:01] No expired clients found.
[2026-05-12 11:49:01] No expired clients found.
[2026-05-12 11:50:02] No expired clients found.
[2026-05-12 11:51:01] No expired clients found.
[2026-05-12 11:52:01] No expired clients found.
[2026-05-12 11:53:01] No expired clients found.
[2026-05-12 11:54:01] No expired clients found.
[2026-05-12 11:55:01] No expired clients found.
[2026-05-12 11:56:01] No expired clients found.
[2026-05-12 11:57:01] No expired clients found.
[2026-05-12 11:58:01] No expired clients found.
[2026-05-12 11:59:01] No expired clients found.
[2026-05-12 12:00:02] No expired clients found.
[2026-05-12 12:01:01] No expired clients found.
[2026-05-12 12:02:01] No expired clients found.
[2026-05-12 12:03:01] No expired clients found.
[2026-05-12 12:04:01] No expired clients found.
[2026-05-12 12:05:01] No expired clients found.
[2026-05-12 12:06:01] No expired clients found.
[2026-05-12 12:07:01] No expired clients found.
[2026-05-12 12:08:01] No expired clients found.
[2026-05-12 12:09:02] No expired clients found.
[2026-05-12 12:10:01] No expired clients found.
[2026-05-12 12:11:01] No expired clients found.
[2026-05-12 12:12:01] No expired clients found.
[2026-05-12 12:13:01] No expired clients found.
[2026-05-12 12:14:01] No expired clients found.
[2026-05-12 12:15:01] No expired clients found.
[2026-05-12 12:16:02] No expired clients found.
[2026-05-12 12:17:01] No expired clients found.
[2026-05-12 12:18:01] No expired clients found.
[2026-05-12 12:19:01] No expired clients found.
[2026-05-12 12:20:01] No expired clients found.
[2026-05-12 12:21:01] No expired clients found.
[2026-05-12 12:22:01] No expired clients found.
[2026-05-12 12:23:01] No expired clients found.
[2026-05-12 12:24:01] No expired clients found.
[2026-05-12 12:25:01] No expired clients found.
[2026-05-12 12:26:01] No expired clients found.
[2026-05-12 12:27:01] No expired clients found.
[2026-05-12 12:28:01] No expired clients found.
[2026-05-12 12:29:01] No expired clients found.
[2026-05-12 12:30:01] No expired clients found.
[2026-05-12 12:31:02] No expired clients found.
[2026-05-12 12:32:01] No expired clients found.
[2026-05-12 12:33:01] No expired clients found.
[2026-05-12 12:34:01] No expired clients found.
[2026-05-12 12:35:01] No expired clients found.
[2026-05-12 12:36:01] No expired clients found.
[2026-05-12 12:37:01] No expired clients found.
[2026-05-12 12:38:01] No expired clients found.
[2026-05-12 12:39:02] No expired clients found.
[2026-05-12 12:40:01] No expired clients found.
[2026-05-12 12:41:01] No expired clients found.
[2026-05-12 12:42:01] No expired clients found.
[2026-05-12 12:43:01] No expired clients found.
[2026-05-12 12:44:01] No expired clients found.
[2026-05-12 12:45:01] No expired clients found.
[2026-05-12 12:46:01] No expired clients found.
[2026-05-12 12:47:01] No expired clients found.
[2026-05-12 12:48:01] No expired clients found.
[2026-05-12 12:49:02] No expired clients found.
[2026-05-12 12:50:01] No expired clients found.
[2026-05-12 12:51:01] No expired clients found.
[2026-05-12 12:52:01] No expired clients found.
[2026-05-12 12:53:01] No expired clients found.
[2026-05-12 12:54:01] No expired clients found.
[2026-05-12 12:55:01] No expired clients found.
[2026-05-12 12:56:01] No expired clients found.
[2026-05-12 12:57:01] No expired clients found.
[2026-05-12 12:58:01] No expired clients found.
[2026-05-12 12:59:01] No expired clients found.
[2026-05-12 13:00:01] No expired clients found.
[2026-05-12 13:01:01] No expired clients found.
[2026-05-12 13:02:01] No expired clients found.
[2026-05-12 13:03:01] No expired clients found.
[2026-05-12 13:04:01] No expired clients found.
[2026-05-12 13:05:01] No expired clients found.
[2026-05-12 13:06:01] No expired clients found.
[2026-05-12 13:07:02] No expired clients found.
[2026-05-12 13:08:01] No expired clients found.
[2026-05-12 13:09:01] No expired clients found.
[2026-05-12 13:10:01] No expired clients found.
[2026-05-12 13:11:01] No expired clients found.
[2026-05-12 13:12:01] No expired clients found.
[2026-05-12 13:13:01] No expired clients found.
[2026-05-12 13:14:01] No expired clients found.
[2026-05-12 13:15:01] No expired clients found.
[2026-05-12 13:16:01] No expired clients found.
[2026-05-12 13:17:01] No expired clients found.
[2026-05-12 13:18:01] No expired clients found.
[2026-05-12 13:19:01] No expired clients found.
[2026-05-12 13:20:01] No expired clients found.
[2026-05-12 13:21:01] No expired clients found.
[2026-05-12 13:22:02] No expired clients found.
[2026-05-12 13:23:01] No expired clients found.
[2026-05-12 13:24:01] No expired clients found.
[2026-05-12 13:25:01] No expired clients found.
[2026-05-12 13:26:01] No expired clients found.
[2026-05-12 13:27:01] No expired clients found.
[2026-05-12 13:28:01] No expired clients found.
[2026-05-12 13:29:01] No expired clients found.
[2026-05-12 13:30:02] No expired clients found.
[2026-05-12 13:31:01] No expired clients found.
[2026-05-12 13:32:01] No expired clients found.
[2026-05-12 13:33:01] No expired clients found.
[2026-05-12 13:34:01] No expired clients found.
[2026-05-12 13:35:01] No expired clients found.
[2026-05-12 13:36:01] No expired clients found.
[2026-05-12 13:37:01] No expired clients found.
[2026-05-12 13:38:01] No expired clients found.
[2026-05-12 13:39:01] No expired clients found.
[2026-05-12 13:40:01] No expired clients found.
[2026-05-12 13:41:01] No expired clients found.
[2026-05-12 13:42:01] No expired clients found.
[2026-05-12 13:43:01] No expired clients found.
[2026-05-12 13:44:02] No expired clients found.
[2026-05-12 13:45:01] No expired clients found.
[2026-05-12 13:46:01] No expired clients found.
[2026-05-12 13:47:01] No expired clients found.
[2026-05-12 13:48:01] No expired clients found.
[2026-05-12 13:49:01] No expired clients found.
[2026-05-12 13:50:01] No expired clients found.
[2026-05-12 13:51:01] No expired clients found.
[2026-05-12 13:52:01] No expired clients found.
[2026-05-12 13:53:01] No expired clients found.
[2026-05-12 13:54:01] No expired clients found.
[2026-05-12 13:55:01] No expired clients found.
[2026-05-12 13:56:02] No expired clients found.
[2026-05-12 13:57:01] No expired clients found.
[2026-05-12 13:58:01] No expired clients found.
[2026-05-12 13:59:01] No expired clients found.
[2026-05-12 14:00:01] No expired clients found.
[2026-05-12 14:01:01] No expired clients found.
[2026-05-12 14:02:01] No expired clients found.
[2026-05-12 14:03:01] No expired clients found.
[2026-05-12 14:04:01] No expired clients found.
[2026-05-12 14:05:01] No expired clients found.
[2026-05-12 14:06:01] No expired clients found.
[2026-05-12 14:07:01] No expired clients found.
[2026-05-12 14:08:01] No expired clients found.
[2026-05-12 14:09:01] No expired clients found.
[2026-05-12 14:10:02] No expired clients found.
[2026-05-12 14:11:01] No expired clients found.
[2026-05-12 14:12:01] No expired clients found.
[2026-05-12 14:13:01] No expired clients found.
[2026-05-12 14:14:01] No expired clients found.
[2026-05-12 14:15:01] No expired clients found.
[2026-05-12 14:16:01] No expired clients found.
[2026-05-12 14:17:01] No expired clients found.
[2026-05-12 14:18:01] No expired clients found.
[2026-05-12 14:19:01] No expired clients found.
[2026-05-12 14:20:01] No expired clients found.
[2026-05-12 14:21:01] No expired clients found.
[2026-05-12 14:22:01] No expired clients found.
[2026-05-12 14:23:01] No expired clients found.
[2026-05-12 14:24:01] No expired clients found.
[2026-05-12 14:25:01] No expired clients found.
[2026-05-12 14:26:01] No expired clients found.
[2026-05-12 14:27:01] No expired clients found.
[2026-05-12 14:28:01] No expired clients found.
[2026-05-12 14:29:01] No expired clients found.
[2026-05-12 14:30:01] No expired clients found.
[2026-05-12 14:31:02] No expired clients found.
[2026-05-12 14:32:01] No expired clients found.
[2026-05-12 14:33:01] No expired clients found.
[2026-05-12 14:34:01] No expired clients found.
[2026-05-12 14:35:01] No expired clients found.
[2026-05-12 14:36:01] No expired clients found.
[2026-05-12 14:37:01] No expired clients found.
[2026-05-12 14:38:01] No expired clients found.
[2026-05-12 14:39:01] No expired clients found.
[2026-05-12 14:40:01] No expired clients found.
[2026-05-12 14:41:01] No expired clients found.
[2026-05-12 14:42:01] No expired clients found.
[2026-05-12 14:43:01] No expired clients found.
[2026-05-12 14:44:01] No expired clients found.
[2026-05-12 14:45:01] No expired clients found.
[2026-05-12 14:46:01] No expired clients found.
[2026-05-12 14:47:01] No expired clients found.
[2026-05-12 14:48:01] No expired clients found.
[2026-05-12 14:49:01] No expired clients found.
[2026-05-12 14:50:01] No expired clients found.
[2026-05-12 14:51:02] No expired clients found.
[2026-05-12 14:52:01] No expired clients found.
[2026-05-12 14:53:01] No expired clients found.
[2026-05-12 14:54:01] No expired clients found.
[2026-05-12 14:55:01] No expired clients found.
[2026-05-12 14:56:02] No expired clients found.
[2026-05-12 14:57:01] No expired clients found.
[2026-05-12 14:58:01] No expired clients found.
[2026-05-12 14:59:01] No expired clients found.
[2026-05-12 15:00:01] No expired clients found.
[2026-05-12 15:01:01] No expired clients found.
[2026-05-12 15:02:01] No expired clients found.
[2026-05-12 15:03:01] No expired clients found.
[2026-05-12 15:04:01] No expired clients found.
[2026-05-12 15:05:01] No expired clients found.
[2026-05-12 15:06:01] No expired clients found.
[2026-05-12 15:07:01] No expired clients found.
[2026-05-12 15:08:01] No expired clients found.
[2026-05-12 15:09:01] No expired clients found.
[2026-05-12 15:10:01] No expired clients found.
[2026-05-12 15:11:01] No expired clients found.
[2026-05-12 15:12:01] No expired clients found.
[2026-05-12 15:13:01] No expired clients found.
[2026-05-12 15:14:02] No expired clients found.
[2026-05-12 15:15:01] No expired clients found.
[2026-05-12 15:16:01] No expired clients found.
[2026-05-12 15:17:01] No expired clients found.
[2026-05-12 15:18:01] No expired clients found.
[2026-05-12 15:19:01] No expired clients found.
[2026-05-12 15:20:01] No expired clients found.
[2026-05-12 15:21:01] No expired clients found.
[2026-05-12 15:22:01] No expired clients found.
[2026-05-12 15:23:01] No expired clients found.
[2026-05-12 15:24:01] No expired clients found.
[2026-05-12 15:25:01] No expired clients found.
[2026-05-12 15:26:01] No expired clients found.
[2026-05-12 15:27:01] No expired clients found.
[2026-05-12 15:28:01] No expired clients found.
[2026-05-12 15:29:01] No expired clients found.
[2026-05-12 15:30:01] No expired clients found.
[2026-05-12 15:31:01] No expired clients found.
[2026-05-12 15:32:01] No expired clients found.
[2026-05-12 15:33:01] No expired clients found.
[2026-05-12 15:34:02] No expired clients found.
[2026-05-12 15:35:01] No expired clients found.
[2026-05-12 15:36:01] No expired clients found.
[2026-05-12 15:37:01] No expired clients found.
[2026-05-12 15:38:01] No expired clients found.
[2026-05-12 15:39:01] No expired clients found.
[2026-05-12 15:40:01] No expired clients found.
[2026-05-12 15:41:01] No expired clients found.
[2026-05-12 15:42:01] No expired clients found.
[2026-05-12 15:43:01] No expired clients found.
[2026-05-12 15:44:01] No expired clients found.
[2026-05-12 15:45:01] No expired clients found.
[2026-05-12 15:46:01] No expired clients found.
[2026-05-12 15:47:01] No expired clients found.
[2026-05-12 15:48:01] No expired clients found.
[2026-05-12 15:49:01] No expired clients found.
[2026-05-12 15:50:01] No expired clients found.
[2026-05-12 15:51:01] No expired clients found.
[2026-05-12 15:52:01] No expired clients found.
[2026-05-12 15:53:01] No expired clients found.
[2026-05-12 15:54:01] No expired clients found.
[2026-05-12 15:55:02] No expired clients found.
[2026-05-12 15:56:01] No expired clients found.
[2026-05-12 15:57:01] No expired clients found.
[2026-05-12 15:58:01] No expired clients found.
[2026-05-12 15:59:01] No expired clients found.
[2026-05-12 16:00:01] No expired clients found.
[2026-05-12 16:01:01] No expired clients found.
[2026-05-12 16:02:01] No expired clients found.
[2026-05-12 16:03:01] No expired clients found.
[2026-05-12 16:04:01] No expired clients found.
[2026-05-12 16:05:01] No expired clients found.
[2026-05-12 16:06:01] No expired clients found.
[2026-05-12 16:07:01] No expired clients found.
[2026-05-12 16:08:01] No expired clients found.
[2026-05-12 16:09:01] No expired clients found.
[2026-05-12 16:10:01] No expired clients found.
[2026-05-12 16:11:01] No expired clients found.
[2026-05-12 16:12:01] No expired clients found.
[2026-05-12 16:13:02] No expired clients found.
[2026-05-12 16:14:01] No expired clients found.
[2026-05-12 16:15:01] No expired clients found.
[2026-05-12 16:16:01] No expired clients found.
[2026-05-12 16:17:01] No expired clients found.
[2026-05-12 16:18:01] No expired clients found.
[2026-05-12 16:19:01] No expired clients found.
[2026-05-12 16:20:01] No expired clients found.
[2026-05-12 16:21:01] No expired clients found.
[2026-05-12 16:22:01] No expired clients found.
[2026-05-12 16:23:01] No expired clients found.
[2026-05-12 16:24:01] No expired clients found.
[2026-05-12 16:25:01] No expired clients found.
[2026-05-12 16:26:01] No expired clients found.
[2026-05-12 16:27:01] No expired clients found.
[2026-05-12 16:28:01] No expired clients found.
[2026-05-12 16:29:01] No expired clients found.
[2026-05-12 16:30:01] No expired clients found.
[2026-05-12 16:31:01] No expired clients found.
[2026-05-12 16:32:01] No expired clients found.
[2026-05-12 16:33:01] No expired clients found.
[2026-05-12 16:34:01] No expired clients found.
[2026-05-12 16:35:02] No expired clients found.
[2026-05-12 16:36:01] No expired clients found.
[2026-05-12 16:37:01] No expired clients found.
[2026-05-12 16:38:01] No expired clients found.
[2026-05-12 16:39:01] No expired clients found.
[2026-05-12 16:40:01] No expired clients found.
[2026-05-12 16:41:01] No expired clients found.
[2026-05-12 16:42:01] No expired clients found.
[2026-05-12 16:43:01] No expired clients found.
[2026-05-12 16:44:01] No expired clients found.
[2026-05-12 16:45:01] No expired clients found.
[2026-05-12 16:46:01] No expired clients found.
[2026-05-12 16:47:01] No expired clients found.
[2026-05-12 16:48:01] No expired clients found.
[2026-05-12 16:49:01] No expired clients found.
[2026-05-12 16:50:01] No expired clients found.
[2026-05-12 16:51:01] No expired clients found.
[2026-05-12 16:52:01] No expired clients found.
[2026-05-12 16:53:01] No expired clients found.
[2026-05-12 16:54:01] No expired clients found.
[2026-05-12 16:55:01] No expired clients found.
[2026-05-12 16:56:01] No expired clients found.
[2026-05-12 16:57:01] No expired clients found.
[2026-05-12 16:58:01] No expired clients found.
[2026-05-12 16:59:01] No expired clients found.
[2026-05-12 17:00:01] No expired clients found.
[2026-05-12 17:01:01] No expired clients found.
[2026-05-12 17:02:01] No expired clients found.
[2026-05-12 17:03:01] No expired clients found.
[2026-05-12 17:04:01] No expired clients found.
[2026-05-12 17:05:01] No expired clients found.
[2026-05-12 17:06:01] No expired clients found.
[2026-05-12 17:07:01] No expired clients found.
[2026-05-12 17:08:01] No expired clients found.
[2026-05-12 17:09:01] No expired clients found.
[2026-05-12 17:10:01] No expired clients found.
[2026-05-12 17:11:01] No expired clients found.
[2026-05-12 17:12:01] No expired clients found.
[2026-05-12 17:13:01] No expired clients found.
[2026-05-12 17:14:01] No expired clients found.
[2026-05-12 17:15:02] No expired clients found.
[2026-05-12 17:16:01] No expired clients found.
[2026-05-12 17:17:01] No expired clients found.
[2026-05-12 17:18:01] No expired clients found.
[2026-05-12 17:19:01] No expired clients found.
[2026-05-12 17:20:01] No expired clients found.
[2026-05-12 17:21:01] No expired clients found.
[2026-05-12 17:22:01] No expired clients found.
[2026-05-12 17:23:01] No expired clients found.
[2026-05-12 17:24:01] No expired clients found.
[2026-05-12 17:25:01] No expired clients found.
[2026-05-12 17:26:01] No expired clients found.
[2026-05-12 17:27:01] No expired clients found.
[2026-05-12 17:28:01] No expired clients found.
[2026-05-12 17:29:01] No expired clients found.
[2026-05-12 17:30:01] No expired clients found.
[2026-05-12 17:31:01] No expired clients found.
[2026-05-12 17:32:01] No expired clients found.
[2026-05-12 17:33:01] No expired clients found.
[2026-05-12 17:34:01] No expired clients found.
[2026-05-12 17:35:02] No expired clients found.
[2026-05-12 17:36:01] No expired clients found.
[2026-05-12 17:37:01] No expired clients found.
[2026-05-12 17:38:01] No expired clients found.
[2026-05-12 17:39:01] No expired clients found.
[2026-05-12 17:40:01] No expired clients found.
[2026-05-12 17:41:01] No expired clients found.
[2026-05-12 17:42:01] No expired clients found.
[2026-05-12 17:43:01] No expired clients found.
[2026-05-12 17:44:01] No expired clients found.
[2026-05-12 17:45:01] No expired clients found.
[2026-05-12 17:46:01] No expired clients found.
[2026-05-12 17:47:01] No expired clients found.
[2026-05-12 17:48:01] No expired clients found.
[2026-05-12 17:49:01] No expired clients found.
[2026-05-12 17:50:01] No expired clients found.
[2026-05-12 17:51:01] No expired clients found.
[2026-05-12 17:52:01] No expired clients found.
[2026-05-12 17:53:01] No expired clients found.
[2026-05-12 17:54:01] No expired clients found.
[2026-05-12 17:55:02] No expired clients found.
[2026-05-12 17:56:01] No expired clients found.
[2026-05-12 17:57:01] No expired clients found.
[2026-05-12 17:58:01] No expired clients found.
[2026-05-12 17:59:01] No expired clients found.
[2026-05-12 18:00:01] No expired clients found.
[2026-05-12 18:01:01] No expired clients found.
[2026-05-12 18:02:01] No expired clients found.
[2026-05-12 18:03:01] No expired clients found.
[2026-05-12 18:04:01] No expired clients found.
[2026-05-12 18:05:01] No expired clients found.
[2026-05-12 18:06:01] No expired clients found.
[2026-05-12 18:07:01] No expired clients found.
[2026-05-12 18:08:01] No expired clients found.
[2026-05-12 18:09:01] No expired clients found.
[2026-05-12 18:10:01] No expired clients found.
[2026-05-12 18:11:01] No expired clients found.
[2026-05-12 18:12:01] No expired clients found.
[2026-05-12 18:13:01] No expired clients found.
[2026-05-12 18:14:02] No expired clients found.
[2026-05-12 18:15:01] No expired clients found.
[2026-05-12 18:16:01] No expired clients found.
[2026-05-12 18:17:01] No expired clients found.
[2026-05-12 18:18:01] No expired clients found.
[2026-05-12 18:19:01] No expired clients found.
[2026-05-12 18:20:01] No expired clients found.
[2026-05-12 18:21:01] No expired clients found.
[2026-05-12 18:22:01] No expired clients found.
[2026-05-12 18:23:01] No expired clients found.
[2026-05-12 18:24:01] No expired clients found.
[2026-05-12 18:25:01] No expired clients found.
[2026-05-12 18:26:01] No expired clients found.
[2026-05-12 18:27:01] No expired clients found.
[2026-05-12 18:28:01] No expired clients found.
[2026-05-12 18:29:01] No expired clients found.
[2026-05-12 18:30:03] No expired clients found.
[2026-05-12 18:31:01] No expired clients found.
[2026-05-12 18:32:01] No expired clients found.
[2026-05-12 18:33:01] No expired clients found.
[2026-05-12 18:34:01] No expired clients found.
[2026-05-12 18:35:01] No expired clients found.
[2026-05-12 18:36:01] No expired clients found.
[2026-05-12 18:37:01] No expired clients found.
[2026-05-12 18:38:01] No expired clients found.
[2026-05-12 18:39:01] No expired clients found.
[2026-05-12 18:40:01] No expired clients found.
[2026-05-12 18:41:01] No expired clients found.
[2026-05-12 18:42:01] No expired clients found.
[2026-05-12 18:43:01] No expired clients found.
[2026-05-12 18:44:01] No expired clients found.
[2026-05-12 18:45:01] No expired clients found.
[2026-05-12 18:46:01] No expired clients found.
[2026-05-12 18:47:01] No expired clients found.
[2026-05-12 18:48:01] No expired clients found.
[2026-05-12 18:49:01] No expired clients found.
[2026-05-12 18:50:01] No expired clients found.
[2026-05-12 18:51:01] No expired clients found.
[2026-05-12 18:52:01] No expired clients found.
[2026-05-12 18:53:01] No expired clients found.
[2026-05-12 18:54:01] No expired clients found.
[2026-05-12 18:55:01] No expired clients found.
[2026-05-12 18:56:01] No expired clients found.
[2026-05-12 18:57:02] No expired clients found.
[2026-05-12 18:58:01] No expired clients found.
[2026-05-12 18:59:01] No expired clients found.
[2026-05-12 19:00:01] No expired clients found.
[2026-05-12 19:01:01] No expired clients found.
[2026-05-12 19:02:01] No expired clients found.
[2026-05-12 19:03:01] No expired clients found.
[2026-05-12 19:04:01] No expired clients found.
[2026-05-12 19:05:01] No expired clients found.
[2026-05-12 19:06:01] No expired clients found.
[2026-05-12 19:07:01] No expired clients found.
[2026-05-12 19:08:01] No expired clients found.
[2026-05-12 19:09:01] No expired clients found.
[2026-05-12 19:10:01] No expired clients found.
[2026-05-12 19:11:01] No expired clients found.
[2026-05-12 19:12:01] No expired clients found.
[2026-05-12 19:13:01] No expired clients found.
[2026-05-12 19:14:01] No expired clients found.
[2026-05-12 19:15:01] No expired clients found.
[2026-05-12 19:16:02] No expired clients found.
[2026-05-12 19:17:01] No expired clients found.
[2026-05-12 19:18:01] No expired clients found.
[2026-05-12 19:19:01] No expired clients found.
[2026-05-12 19:20:01] No expired clients found.
[2026-05-12 19:21:01] No expired clients found.
[2026-05-12 19:22:01] No expired clients found.
[2026-05-12 19:23:01] No expired clients found.
[2026-05-12 19:24:01] No expired clients found.
[2026-05-12 19:25:01] No expired clients found.
[2026-05-12 19:26:01] No expired clients found.
[2026-05-12 19:27:01] No expired clients found.
[2026-05-12 19:28:01] No expired clients found.
[2026-05-12 19:29:01] No expired clients found.
[2026-05-12 19:30:01] No expired clients found.
[2026-05-12 19:31:02] No expired clients found.
[2026-05-12 19:32:01] No expired clients found.
[2026-05-12 19:33:01] No expired clients found.
[2026-05-12 19:34:01] No expired clients found.
[2026-05-12 19:35:01] No expired clients found.
[2026-05-12 19:36:01] No expired clients found.
[2026-05-12 19:37:01] No expired clients found.
[2026-05-12 19:38:01] No expired clients found.
[2026-05-12 19:39:01] No expired clients found.
[2026-05-12 19:40:01] No expired clients found.
[2026-05-12 19:41:01] No expired clients found.
[2026-05-12 19:42:01] No expired clients found.
[2026-05-12 19:43:01] No expired clients found.
[2026-05-12 19:44:01] No expired clients found.
[2026-05-12 19:45:01] No expired clients found.
[2026-05-12 19:46:01] No expired clients found.
[2026-05-12 19:47:01] No expired clients found.
[2026-05-12 19:48:01] No expired clients found.
[2026-05-12 19:49:01] No expired clients found.
[2026-05-12 19:50:01] No expired clients found.
[2026-05-12 19:51:01] No expired clients found.
[2026-05-12 19:52:01] No expired clients found.
[2026-05-12 19:53:01] No expired clients found.
[2026-05-12 19:54:01] No expired clients found.
[2026-05-12 19:55:01] No expired clients found.
[2026-05-12 19:56:01] No expired clients found.
[2026-05-12 19:57:01] No expired clients found.
[2026-05-12 19:58:01] No expired clients found.
[2026-05-12 19:59:01] No expired clients found.
[2026-05-12 20:00:01] No expired clients found.
[2026-05-12 20:01:02] No expired clients found.
[2026-05-12 20:02:01] No expired clients found.
[2026-05-12 20:03:01] No expired clients found.
[2026-05-12 20:04:01] No expired clients found.
[2026-05-12 20:05:01] No expired clients found.
[2026-05-12 20:06:01] No expired clients found.
[2026-05-12 20:07:01] No expired clients found.
[2026-05-12 20:08:01] No expired clients found.
[2026-05-12 20:09:01] No expired clients found.
[2026-05-12 20:10:01] No expired clients found.
[2026-05-12 20:11:01] No expired clients found.
[2026-05-12 20:12:01] No expired clients found.
[2026-05-12 20:13:01] No expired clients found.
[2026-05-12 20:14:01] No expired clients found.
[2026-05-12 20:15:01] No expired clients found.
[2026-05-12 20:16:01] No expired clients found.
[2026-05-12 20:17:01] No expired clients found.
[2026-05-12 20:18:01] No expired clients found.
[2026-05-12 20:19:01] No expired clients found.
[2026-05-12 20:20:02] No expired clients found.
[2026-05-12 20:21:01] No expired clients found.
[2026-05-12 20:22:01] No expired clients found.
[2026-05-12 20:23:01] No expired clients found.
[2026-05-12 20:24:02] No expired clients found.
[2026-05-12 20:25:01] No expired clients found.
[2026-05-12 20:26:01] No expired clients found.
[2026-05-12 20:27:01] No expired clients found.
[2026-05-12 20:28:01] No expired clients found.
[2026-05-12 20:29:02] No expired clients found.
[2026-05-12 20:30:01] No expired clients found.
[2026-05-12 20:31:01] No expired clients found.
[2026-05-12 20:32:01] No expired clients found.
[2026-05-12 20:33:01] No expired clients found.
[2026-05-12 20:34:01] No expired clients found.
[2026-05-12 20:35:01] No expired clients found.
[2026-05-12 20:36:01] No expired clients found.
[2026-05-12 20:37:02] No expired clients found.
[2026-05-12 20:38:01] No expired clients found.
[2026-05-12 20:39:01] No expired clients found.
[2026-05-12 20:40:01] No expired clients found.
[2026-05-12 20:41:01] No expired clients found.
[2026-05-12 20:42:01] No expired clients found.
[2026-05-12 20:43:01] No expired clients found.
[2026-05-12 20:44:01] No expired clients found.
[2026-05-12 20:45:01] No expired clients found.
[2026-05-12 20:46:01] No expired clients found.
[2026-05-12 20:47:01] No expired clients found.
[2026-05-12 20:48:01] No expired clients found.
[2026-05-12 20:49:02] No expired clients found.
[2026-05-12 20:50:01] No expired clients found.
[2026-05-12 20:51:01] No expired clients found.
[2026-05-12 20:52:01] No expired clients found.
[2026-05-12 20:53:01] No expired clients found.
[2026-05-12 20:54:01] No expired clients found.
[2026-05-12 20:55:01] No expired clients found.
[2026-05-12 20:56:01] No expired clients found.
[2026-05-12 20:57:01] No expired clients found.
[2026-05-12 20:58:01] No expired clients found.
[2026-05-12 20:59:02] No expired clients found.
[2026-05-12 21:00:01] No expired clients found.
[2026-05-12 21:01:01] No expired clients found.
[2026-05-12 21:02:01] No expired clients found.
[2026-05-12 21:03:02] No expired clients found.
[2026-05-12 21:04:01] No expired clients found.
[2026-05-12 21:05:01] No expired clients found.
[2026-05-12 21:06:01] No expired clients found.
[2026-05-12 21:07:02] No expired clients found.
[2026-05-12 21:08:02] No expired clients found.
[2026-05-12 21:09:01] No expired clients found.
[2026-05-12 21:10:02] No expired clients found.
[2026-05-12 21:11:01] No expired clients found.
[2026-05-12 21:12:01] No expired clients found.
[2026-05-12 21:13:01] No expired clients found.
[2026-05-12 21:14:01] No expired clients found.
[2026-05-12 21:15:02] No expired clients found.
[2026-05-12 21:16:01] No expired clients found.
[2026-05-12 21:17:01] No expired clients found.
[2026-05-12 21:18:01] No expired clients found.
[2026-05-12 21:19:01] No expired clients found.
[2026-05-12 21:20:44] No expired clients found.
[2026-05-12 21:21:01] No expired clients found.
[2026-05-12 21:22:01] No expired clients found.
[2026-05-12 21:23:01] No expired clients found.
[2026-05-12 21:24:01] No expired clients found.
[2026-05-12 21:25:01] No expired clients found.
[2026-05-12 21:26:01] No expired clients found.
[2026-05-12 21:27:01] No expired clients found.
[2026-05-12 21:28:01] No expired clients found.
[2026-05-12 21:29:01] No expired clients found.
[2026-05-12 21:30:02] No expired clients found.
[2026-05-12 21:31:01] No expired clients found.
[2026-05-12 21:32:01] No expired clients found.
[2026-05-12 21:33:01] No expired clients found.
[2026-05-12 21:34:01] No expired clients found.
[2026-05-12 21:35:01] No expired clients found.
[2026-05-12 21:36:01] No expired clients found.
[2026-05-12 21:37:01] No expired clients found.
[2026-05-12 21:38:55] No expired clients found.
[2026-05-12 21:41:01] No expired clients found.
[2026-05-12 21:42:01] No expired clients found.
[2026-05-12 21:43:01] No expired clients found.
[2026-05-12 21:44:02] No expired clients found.
[2026-05-12 21:45:02] No expired clients found.
[2026-05-12 21:46:01] No expired clients found.
[2026-05-12 21:47:01] No expired clients found.
[2026-05-12 21:48:01] No expired clients found.
[2026-05-12 21:49:01] No expired clients found.
[2026-05-12 21:50:01] No expired clients found.
[2026-05-12 21:51:02] No expired clients found.
[2026-05-12 21:52:01] No expired clients found.
[2026-05-12 21:53:01] No expired clients found.
[2026-05-12 21:54:01] No expired clients found.
[2026-05-12 21:55:01] No expired clients found.
[2026-05-12 21:56:01] No expired clients found.
[2026-05-12 21:57:01] No expired clients found.
[2026-05-12 21:58:01] No expired clients found.
[2026-05-12 21:59:01] No expired clients found.
[2026-05-12 22:00:01] No expired clients found.
[2026-05-12 22:01:01] No expired clients found.
[2026-05-12 22:02:01] No expired clients found.
[2026-05-12 22:03:01] No expired clients found.
[2026-05-12 22:04:01] No expired clients found.
[2026-05-12 22:05:01] No expired clients found.
[2026-05-12 22:06:01] No expired clients found.
[2026-05-12 22:07:01] No expired clients found.
[2026-05-12 22:08:01] No expired clients found.
[2026-05-12 22:09:01] No expired clients found.
[2026-05-12 22:10:02] No expired clients found.
[2026-05-12 22:11:01] No expired clients found.
[2026-05-12 22:12:01] No expired clients found.
[2026-05-12 22:13:01] No expired clients found.
[2026-05-12 22:14:01] No expired clients found.
[2026-05-12 22:15:01] No expired clients found.
[2026-05-12 22:16:01] No expired clients found.
[2026-05-12 22:17:01] No expired clients found.
[2026-05-12 22:18:01] No expired clients found.
[2026-05-12 22:19:02] No expired clients found.
[2026-05-12 22:20:01] No expired clients found.
[2026-05-12 22:21:01] No expired clients found.
[2026-05-12 22:22:01] No expired clients found.
[2026-05-12 22:23:01] No expired clients found.
[2026-05-12 22:24:01] No expired clients found.
[2026-05-12 22:25:01] No expired clients found.
[2026-05-12 22:26:02] No expired clients found.
[2026-05-12 22:27:01] No expired clients found.
[2026-05-12 22:28:01] No expired clients found.
[2026-05-12 22:29:01] No expired clients found.
[2026-05-12 22:30:01] No expired clients found.
[2026-05-12 22:31:01] No expired clients found.
[2026-05-12 22:32:01] No expired clients found.
[2026-05-12 22:33:01] No expired clients found.
[2026-05-12 22:34:01] No expired clients found.
[2026-05-12 22:35:01] No expired clients found.
[2026-05-12 22:36:01] No expired clients found.
[2026-05-12 22:37:01] No expired clients found.
[2026-05-12 22:38:01] No expired clients found.
[2026-05-12 22:39:01] No expired clients found.
[2026-05-12 22:40:01] No expired clients found.
[2026-05-12 22:41:01] No expired clients found.
[2026-05-12 22:42:01] No expired clients found.
[2026-05-12 22:43:01] No expired clients found.
[2026-05-12 22:44:01] No expired clients found.
[2026-05-12 22:45:01] No expired clients found.
[2026-05-12 22:48:02] No expired clients found.
[2026-05-12 22:49:01] No expired clients found.
[2026-05-12 22:50:02] No expired clients found.
[2026-05-12 22:51:01] No expired clients found.
[2026-05-12 22:52:01] No expired clients found.
[2026-05-12 22:53:02] No expired clients found.
[2026-05-12 22:54:01] No expired clients found.
[2026-05-12 22:55:01] No expired clients found.
[2026-05-12 22:56:01] No expired clients found.
[2026-05-12 22:57:01] No expired clients found.
[2026-05-12 22:58:01] No expired clients found.
[2026-05-12 22:59:01] No expired clients found.
[2026-05-12 23:00:01] No expired clients found.
[2026-05-12 23:01:01] No expired clients found.
[2026-05-12 23:02:01] No expired clients found.
[2026-05-12 23:03:01] No expired clients found.
[2026-05-12 23:04:01] No expired clients found.
[2026-05-12 23:05:01] No expired clients found.
[2026-05-12 23:06:02] No expired clients found.
[2026-05-12 23:07:01] No expired clients found.
[2026-05-12 23:08:01] No expired clients found.
[2026-05-12 23:09:01] No expired clients found.
[2026-05-12 23:10:01] No expired clients found.
[2026-05-12 23:11:01] No expired clients found.
[2026-05-12 23:12:01] No expired clients found.
[2026-05-12 23:13:01] No expired clients found.
[2026-05-12 23:14:02] No expired clients found.
[2026-05-12 23:15:01] No expired clients found.
[2026-05-12 23:16:01] No expired clients found.
[2026-05-12 23:17:01] No expired clients found.
[2026-05-12 23:18:02] No expired clients found.
[2026-05-12 23:19:04] No expired clients found.
[2026-05-12 23:20:08] No expired clients found.
[2026-05-12 23:21:02] No expired clients found.
[2026-05-12 23:22:01] No expired clients found.
[2026-05-12 23:23:01] No expired clients found.
[2026-05-12 23:24:01] No expired clients found.
[2026-05-12 23:25:01] No expired clients found.
[2026-05-12 23:26:01] No expired clients found.
[2026-05-12 23:27:01] No expired clients found.
[2026-05-12 23:28:01] No expired clients found.
[2026-05-12 23:29:02] No expired clients found.
[2026-05-12 23:30:01] No expired clients found.
[2026-05-12 23:31:01] No expired clients found.
[2026-05-12 23:32:01] No expired clients found.
[2026-05-12 23:33:01] No expired clients found.
[2026-05-12 23:34:01] No expired clients found.
[2026-05-12 23:35:01] No expired clients found.
[2026-05-12 23:36:01] No expired clients found.
[2026-05-12 23:37:01] No expired clients found.
[2026-05-12 23:38:01] No expired clients found.
[2026-05-12 23:39:01] No expired clients found.
[2026-05-12 23:40:01] No expired clients found.
[2026-05-12 23:41:01] No expired clients found.
[2026-05-12 23:42:02] No expired clients found.
[2026-05-12 23:43:01] No expired clients found.
[2026-05-12 23:44:01] No expired clients found.
[2026-05-12 23:45:01] No expired clients found.
[2026-05-12 23:46:01] No expired clients found.
[2026-05-12 23:47:01] No expired clients found.
[2026-05-12 23:48:01] No expired clients found.
[2026-05-12 23:49:01] No expired clients found.
[2026-05-12 23:50:01] No expired clients found.
[2026-05-12 23:51:03] No expired clients found.
[2026-05-12 23:52:02] No expired clients found.
[2026-05-12 23:53:01] No expired clients found.
[2026-05-12 23:56:01] No expired clients found.
[2026-05-12 23:57:02] No expired clients found.
[2026-05-12 23:58:01] No expired clients found.
[2026-05-12 23:59:01] No expired clients found.
[2026-05-13 00:00:01] No expired clients found.
[2026-05-13 00:01:01] No expired clients found.
[2026-05-13 00:02:01] No expired clients found.
[2026-05-13 00:03:01] No expired clients found.
[2026-05-13 00:04:01] No expired clients found.
[2026-05-13 00:05:01] No expired clients found.
[2026-05-13 00:06:02] No expired clients found.
[2026-05-13 00:07:01] No expired clients found.
[2026-05-13 00:08:01] No expired clients found.
[2026-05-13 00:09:01] No expired clients found.
[2026-05-13 00:10:01] No expired clients found.
[2026-05-13 00:11:01] No expired clients found.
[2026-05-13 00:12:01] No expired clients found.
[2026-05-13 00:13:01] No expired clients found.
[2026-05-13 00:14:01] No expired clients found.
[2026-05-13 00:15:01] No expired clients found.
[2026-05-13 00:16:01] No expired clients found.
[2026-05-13 00:17:01] No expired clients found.
[2026-05-13 00:18:01] No expired clients found.
[2026-05-13 00:19:01] No expired clients found.
[2026-05-13 00:20:02] No expired clients found.
[2026-05-13 00:21:01] No expired clients found.
[2026-05-13 00:22:01] No expired clients found.
[2026-05-13 00:23:01] No expired clients found.
[2026-05-13 00:24:01] No expired clients found.
[2026-05-13 00:25:01] No expired clients found.
[2026-05-13 00:26:01] No expired clients found.
[2026-05-13 00:27:01] No expired clients found.
[2026-05-13 00:28:01] No expired clients found.
[2026-05-13 00:29:01] No expired clients found.
[2026-05-13 00:30:01] No expired clients found.
[2026-05-13 00:31:01] No expired clients found.
[2026-05-13 00:32:02] No expired clients found.
[2026-05-13 00:33:01] No expired clients found.
[2026-05-13 00:34:01] No expired clients found.
[2026-05-13 00:35:01] No expired clients found.
[2026-05-13 00:36:01] No expired clients found.
[2026-05-13 00:37:01] No expired clients found.
[2026-05-13 00:38:01] No expired clients found.
[2026-05-13 00:39:01] No expired clients found.
[2026-05-13 00:43:01] No expired clients found.
[2026-05-13 00:44:04] No expired clients found.
[2026-05-13 00:45:01] No expired clients found.
[2026-05-13 00:46:01] No expired clients found.
[2026-05-13 00:47:01] No expired clients found.
[2026-05-13 00:48:01] No expired clients found.
[2026-05-13 00:49:02] No expired clients found.
[2026-05-13 00:50:01] No expired clients found.
[2026-05-13 00:51:01] No expired clients found.
[2026-05-13 00:52:01] No expired clients found.
[2026-05-13 00:53:01] No expired clients found.
[2026-05-13 00:54:01] No expired clients found.
[2026-05-13 00:55:01] No expired clients found.
[2026-05-13 00:56:01] No expired clients found.
[2026-05-13 00:57:01] No expired clients found.
[2026-05-13 00:58:01] No expired clients found.
[2026-05-13 00:59:01] No expired clients found.
[2026-05-13 01:00:01] No expired clients found.
[2026-05-13 01:01:01] No expired clients found.
[2026-05-13 01:02:01] No expired clients found.
[2026-05-13 01:03:01] No expired clients found.
[2026-05-13 01:04:01] No expired clients found.
[2026-05-13 01:05:01] No expired clients found.
[2026-05-13 01:06:01] No expired clients found.
[2026-05-13 01:07:01] No expired clients found.
[2026-05-13 01:08:01] No expired clients found.
[2026-05-13 01:09:01] No expired clients found.
[2026-05-13 01:10:01] No expired clients found.
[2026-05-13 01:11:02] No expired clients found.
[2026-05-13 01:12:01] No expired clients found.
[2026-05-13 01:13:01] No expired clients found.
[2026-05-13 01:14:01] No expired clients found.
[2026-05-13 01:15:01] No expired clients found.
[2026-05-13 01:16:01] No expired clients found.
[2026-05-13 01:17:01] No expired clients found.
[2026-05-13 01:18:01] No expired clients found.
[2026-05-13 01:19:01] No expired clients found.
[2026-05-13 01:20:01] No expired clients found.
[2026-05-13 01:21:01] No expired clients found.
[2026-05-13 01:22:01] No expired clients found.
[2026-05-13 01:23:01] No expired clients found.
[2026-05-13 01:24:01] No expired clients found.
[2026-05-13 01:25:01] No expired clients found.
[2026-05-13 01:26:01] No expired clients found.
[2026-05-13 01:27:01] No expired clients found.
[2026-05-13 01:28:02] No expired clients found.
[2026-05-13 01:29:01] No expired clients found.
[2026-05-13 01:30:01] No expired clients found.
[2026-05-13 01:31:01] No expired clients found.
[2026-05-13 01:32:01] No expired clients found.
[2026-05-13 01:33:01] No expired clients found.
[2026-05-13 01:34:01] No expired clients found.
[2026-05-13 01:35:01] No expired clients found.
[2026-05-13 01:36:01] No expired clients found.
[2026-05-13 01:37:01] No expired clients found.
[2026-05-13 01:38:01] No expired clients found.
[2026-05-13 01:39:01] No expired clients found.
[2026-05-13 01:40:01] No expired clients found.
[2026-05-13 01:41:01] No expired clients found.
[2026-05-13 01:42:01] No expired clients found.
[2026-05-13 01:43:02] No expired clients found.
[2026-05-13 01:44:01] No expired clients found.
[2026-05-13 01:45:01] No expired clients found.
[2026-05-13 01:46:01] No expired clients found.
[2026-05-13 01:47:01] No expired clients found.
[2026-05-13 01:48:01] No expired clients found.
[2026-05-13 01:49:01] No expired clients found.
[2026-05-13 01:50:01] No expired clients found.
[2026-05-13 01:51:02] No expired clients found.
[2026-05-13 01:52:01] No expired clients found.
[2026-05-13 01:53:01] No expired clients found.
[2026-05-13 01:54:01] No expired clients found.
[2026-05-13 01:55:01] No expired clients found.
[2026-05-13 01:56:01] No expired clients found.
[2026-05-13 01:57:01] No expired clients found.
[2026-05-13 01:58:01] No expired clients found.
[2026-05-13 01:59:01] No expired clients found.
[2026-05-13 02:00:01] No expired clients found.
[2026-05-13 02:01:01] No expired clients found.
[2026-05-13 02:02:01] No expired clients found.
[2026-05-13 02:03:01] No expired clients found.
[2026-05-13 02:04:01] No expired clients found.
[2026-05-13 02:05:01] No expired clients found.
[2026-05-13 02:06:02] No expired clients found.
[2026-05-13 02:07:01] No expired clients found.
[2026-05-13 02:08:01] No expired clients found.
[2026-05-13 02:09:01] No expired clients found.
[2026-05-13 02:10:01] No expired clients found.
[2026-05-13 02:11:01] No expired clients found.
[2026-05-13 02:12:01] No expired clients found.
[2026-05-13 02:13:01] No expired clients found.
[2026-05-13 02:14:01] No expired clients found.
[2026-05-13 02:15:01] No expired clients found.
[2026-05-13 02:16:01] No expired clients found.
[2026-05-13 02:17:01] No expired clients found.
[2026-05-13 02:18:01] No expired clients found.
[2026-05-13 02:19:01] No expired clients found.
[2026-05-13 02:20:01] No expired clients found.
[2026-05-13 02:21:01] No expired clients found.
[2026-05-13 02:22:02] No expired clients found.
[2026-05-13 02:23:01] No expired clients found.
[2026-05-13 02:24:01] No expired clients found.
[2026-05-13 02:25:01] No expired clients found.
[2026-05-13 02:26:01] No expired clients found.
[2026-05-13 02:27:01] No expired clients found.
[2026-05-13 02:28:02] No expired clients found.
[2026-05-13 02:29:01] No expired clients found.
[2026-05-13 02:30:01] No expired clients found.
[2026-05-13 02:31:01] No expired clients found.
[2026-05-13 02:32:01] No expired clients found.
[2026-05-13 02:33:01] No expired clients found.
[2026-05-13 02:34:01] No expired clients found.
[2026-05-13 02:35:01] No expired clients found.
[2026-05-13 02:36:01] No expired clients found.
[2026-05-13 02:37:01] No expired clients found.
[2026-05-13 02:38:01] No expired clients found.
[2026-05-13 02:39:01] No expired clients found.
[2026-05-13 02:40:02] No expired clients found.
[2026-05-13 02:41:01] No expired clients found.
[2026-05-13 02:42:01] No expired clients found.
[2026-05-13 02:43:01] No expired clients found.
[2026-05-13 02:44:01] No expired clients found.
[2026-05-13 02:45:01] No expired clients found.
[2026-05-13 02:46:01] No expired clients found.
[2026-05-13 02:47:01] No expired clients found.
[2026-05-13 02:48:01] No expired clients found.
[2026-05-13 02:49:01] No expired clients found.
[2026-05-13 02:50:02] No expired clients found.
[2026-05-13 02:51:01] No expired clients found.
[2026-05-13 02:52:01] No expired clients found.
[2026-05-13 02:53:02] No expired clients found.
[2026-05-13 02:54:01] No expired clients found.
[2026-05-13 02:55:01] No expired clients found.
[2026-05-13 02:56:01] No expired clients found.
[2026-05-13 02:57:01] No expired clients found.
[2026-05-13 02:58:01] No expired clients found.
[2026-05-13 02:59:01] No expired clients found.
[2026-05-13 03:00:01] No expired clients found.
[2026-05-13 03:01:01] No expired clients found.
[2026-05-13 03:02:01] No expired clients found.
[2026-05-13 03:03:01] No expired clients found.
[2026-05-13 03:04:01] No expired clients found.
[2026-05-13 03:05:01] No expired clients found.
[2026-05-13 03:06:01] No expired clients found.
[2026-05-13 03:07:01] No expired clients found.
[2026-05-13 03:08:01] No expired clients found.
[2026-05-13 03:09:01] No expired clients found.
[2026-05-13 03:10:02] No expired clients found.
[2026-05-13 03:11:01] No expired clients found.
[2026-05-13 03:12:01] No expired clients found.
[2026-05-13 03:13:01] No expired clients found.
[2026-05-13 03:14:01] No expired clients found.
[2026-05-13 03:15:01] No expired clients found.
[2026-05-13 03:16:01] No expired clients found.
[2026-05-13 03:17:01] No expired clients found.
[2026-05-13 03:18:01] No expired clients found.
[2026-05-13 03:19:01] No expired clients found.
[2026-05-13 03:20:01] No expired clients found.
[2026-05-13 03:21:01] No expired clients found.
[2026-05-13 03:22:02] No expired clients found.
[2026-05-13 03:23:01] No expired clients found.
[2026-05-13 03:24:01] No expired clients found.
[2026-05-13 03:25:01] No expired clients found.
[2026-05-13 03:26:01] No expired clients found.
[2026-05-13 03:27:01] No expired clients found.
[2026-05-13 03:28:01] No expired clients found.
[2026-05-13 03:29:01] No expired clients found.
[2026-05-13 03:30:01] No expired clients found.
[2026-05-13 03:31:01] No expired clients found.
[2026-05-13 03:32:01] No expired clients found.
[2026-05-13 03:33:02] No expired clients found.
[2026-05-13 03:34:01] No expired clients found.
[2026-05-13 03:35:01] No expired clients found.
[2026-05-13 03:36:02] No expired clients found.
[2026-05-13 03:37:01] No expired clients found.
[2026-05-13 03:38:01] No expired clients found.
[2026-05-13 03:39:01] No expired clients found.
[2026-05-13 03:40:01] No expired clients found.
[2026-05-13 03:41:01] No expired clients found.
[2026-05-13 03:42:01] No expired clients found.
[2026-05-13 03:43:01] No expired clients found.
[2026-05-13 03:44:01] No expired clients found.
[2026-05-13 03:45:01] No expired clients found.
[2026-05-13 03:46:01] No expired clients found.
[2026-05-13 03:47:01] No expired clients found.
[2026-05-13 03:48:01] No expired clients found.
[2026-05-13 03:49:01] No expired clients found.
[2026-05-13 03:50:01] No expired clients found.
[2026-05-13 03:51:01] No expired clients found.
[2026-05-13 03:52:01] No expired clients found.
[2026-05-13 03:53:01] No expired clients found.
[2026-05-13 03:54:01] No expired clients found.
[2026-05-13 03:55:01] No expired clients found.
[2026-05-13 03:56:01] No expired clients found.
[2026-05-13 03:57:01] No expired clients found.
[2026-05-13 03:58:01] No expired clients found.
[2026-05-13 03:59:01] No expired clients found.
[2026-05-13 04:00:01] No expired clients found.
[2026-05-13 04:01:01] No expired clients found.
[2026-05-13 04:02:01] No expired clients found.
[2026-05-13 04:03:01] No expired clients found.
[2026-05-13 04:04:01] No expired clients found.
[2026-05-13 04:05:02] No expired clients found.
[2026-05-13 04:06:01] No expired clients found.
[2026-05-13 04:07:02] No expired clients found.
[2026-05-13 04:08:02] No expired clients found.
[2026-05-13 04:09:01] No expired clients found.
[2026-05-13 04:10:01] No expired clients found.
[2026-05-13 04:11:01] No expired clients found.
[2026-05-13 04:12:01] No expired clients found.
[2026-05-13 04:13:01] No expired clients found.
[2026-05-13 04:14:01] No expired clients found.
[2026-05-13 04:15:01] No expired clients found.
[2026-05-13 04:16:01] No expired clients found.
[2026-05-13 04:17:01] No expired clients found.
[2026-05-13 04:18:01] No expired clients found.
[2026-05-13 04:19:01] No expired clients found.
[2026-05-13 04:20:01] No expired clients found.
[2026-05-13 04:21:02] No expired clients found.
[2026-05-13 04:22:01] No expired clients found.
[2026-05-13 04:23:01] No expired clients found.
[2026-05-13 04:24:01] No expired clients found.
[2026-05-13 04:25:01] No expired clients found.
[2026-05-13 04:26:01] No expired clients found.
[2026-05-13 04:27:01] No expired clients found.
[2026-05-13 04:28:02] No expired clients found.
[2026-05-13 04:29:01] No expired clients found.
[2026-05-13 04:30:01] No expired clients found.
[2026-05-13 04:31:01] No expired clients found.
[2026-05-13 04:32:01] No expired clients found.
[2026-05-13 04:33:01] No expired clients found.
[2026-05-13 04:34:01] No expired clients found.
[2026-05-13 04:35:01] No expired clients found.
[2026-05-13 04:36:01] No expired clients found.
[2026-05-13 04:37:01] No expired clients found.
[2026-05-13 04:38:01] No expired clients found.
[2026-05-13 04:39:01] No expired clients found.
[2026-05-13 04:40:01] No expired clients found.
[2026-05-13 04:41:01] No expired clients found.
[2026-05-13 04:42:01] No expired clients found.
[2026-05-13 04:43:01] No expired clients found.
[2026-05-13 04:44:01] No expired clients found.
[2026-05-13 04:45:01] No expired clients found.
[2026-05-13 04:46:01] No expired clients found.
[2026-05-13 04:47:01] No expired clients found.
[2026-05-13 04:48:01] No expired clients found.
[2026-05-13 04:49:01] No expired clients found.
[2026-05-13 04:50:01] No expired clients found.
[2026-05-13 04:51:01] No expired clients found.
[2026-05-13 04:52:01] No expired clients found.
[2026-05-13 04:53:02] No expired clients found.
[2026-05-13 04:54:01] No expired clients found.
[2026-05-13 04:55:01] No expired clients found.
[2026-05-13 04:56:01] No expired clients found.
[2026-05-13 04:57:01] No expired clients found.
[2026-05-13 04:58:01] No expired clients found.
[2026-05-13 04:59:01] No expired clients found.
[2026-05-13 05:00:01] No expired clients found.
[2026-05-13 05:01:01] No expired clients found.
[2026-05-13 05:02:01] No expired clients found.
[2026-05-13 05:03:01] No expired clients found.
[2026-05-13 05:04:01] No expired clients found.
[2026-05-13 05:05:01] No expired clients found.
[2026-05-13 05:06:01] No expired clients found.
[2026-05-13 05:07:01] No expired clients found.
[2026-05-13 05:08:01] No expired clients found.
[2026-05-13 05:09:01] No expired clients found.
[2026-05-13 05:10:01] No expired clients found.
[2026-05-13 05:11:01] No expired clients found.
[2026-05-13 05:12:01] No expired clients found.
[2026-05-13 05:13:01] No expired clients found.
[2026-05-13 05:14:01] No expired clients found.
[2026-05-13 05:15:01] No expired clients found.
[2026-05-13 05:16:01] No expired clients found.
[2026-05-13 05:17:01] No expired clients found.
[2026-05-13 05:18:01] No expired clients found.
[2026-05-13 05:19:01] No expired clients found.
[2026-05-13 05:20:02] No expired clients found.
[2026-05-13 05:21:01] No expired clients found.
[2026-05-13 05:22:01] No expired clients found.
[2026-05-13 05:23:01] No expired clients found.
[2026-05-13 05:24:01] No expired clients found.
[2026-05-13 05:25:01] No expired clients found.
[2026-05-13 05:26:01] No expired clients found.
[2026-05-13 05:27:01] No expired clients found.
[2026-05-13 05:28:01] No expired clients found.
[2026-05-13 05:29:01] No expired clients found.
[2026-05-13 05:30:01] No expired clients found.
[2026-05-13 05:31:01] No expired clients found.
[2026-05-13 05:32:01] No expired clients found.
[2026-05-13 05:33:01] No expired clients found.
[2026-05-13 05:34:01] No expired clients found.
[2026-05-13 05:35:01] No expired clients found.
[2026-05-13 05:36:01] No expired clients found.
[2026-05-13 05:37:01] No expired clients found.
[2026-05-13 05:38:01] No expired clients found.
[2026-05-13 05:39:01] No expired clients found.
[2026-05-13 05:40:02] No expired clients found.
[2026-05-13 05:41:01] No expired clients found.
[2026-05-13 05:42:01] No expired clients found.
[2026-05-13 05:43:01] No expired clients found.
[2026-05-13 05:44:01] No expired clients found.
[2026-05-13 05:45:01] No expired clients found.
[2026-05-13 05:46:01] No expired clients found.
[2026-05-13 05:47:01] No expired clients found.
[2026-05-13 05:48:01] No expired clients found.
[2026-05-13 05:49:01] No expired clients found.
[2026-05-13 05:50:01] No expired clients found.
[2026-05-13 05:51:01] No expired clients found.
[2026-05-13 05:52:01] No expired clients found.
[2026-05-13 05:53:01] No expired clients found.
[2026-05-13 05:54:01] No expired clients found.
[2026-05-13 05:55:01] No expired clients found.
[2026-05-13 05:56:01] No expired clients found.
[2026-05-13 05:57:01] No expired clients found.
[2026-05-13 05:58:01] No expired clients found.
[2026-05-13 05:59:01] No expired clients found.
[2026-05-13 06:00:01] No expired clients found.
[2026-05-13 06:01:01] No expired clients found.
[2026-05-13 06:02:01] No expired clients found.
[2026-05-13 06:03:01] No expired clients found.
[2026-05-13 06:04:01] No expired clients found.
[2026-05-13 06:05:01] No expired clients found.
[2026-05-13 06:06:01] No expired clients found.
[2026-05-13 06:07:01] No expired clients found.
[2026-05-13 06:08:01] No expired clients found.
[2026-05-13 06:09:01] No expired clients found.
[2026-05-13 06:10:01] No expired clients found.
[2026-05-13 06:11:01] No expired clients found.
[2026-05-13 06:12:01] No expired clients found.
[2026-05-13 06:13:01] No expired clients found.
[2026-05-13 06:14:01] No expired clients found.
[2026-05-13 06:15:01] No expired clients found.
[2026-05-13 06:16:01] No expired clients found.
[2026-05-13 06:17:01] No expired clients found.
[2026-05-13 06:18:01] No expired clients found.
[2026-05-13 06:19:02] No expired clients found.
[2026-05-13 06:20:01] No expired clients found.
[2026-05-13 06:21:01] No expired clients found.
[2026-05-13 06:22:01] No expired clients found.
[2026-05-13 06:23:01] No expired clients found.
[2026-05-13 06:24:01] No expired clients found.
[2026-05-13 06:25:01] No expired clients found.
[2026-05-13 06:26:01] No expired clients found.
[2026-05-13 06:27:01] No expired clients found.
[2026-05-13 06:28:01] No expired clients found.
[2026-05-13 06:29:01] No expired clients found.
[2026-05-13 06:30:01] No expired clients found.
[2026-05-13 06:31:01] No expired clients found.
[2026-05-13 06:32:01] No expired clients found.
[2026-05-13 06:33:01] No expired clients found.
[2026-05-13 06:34:01] No expired clients found.
[2026-05-13 06:35:01] No expired clients found.
[2026-05-13 06:36:01] No expired clients found.
[2026-05-13 06:37:01] No expired clients found.
[2026-05-13 06:38:01] No expired clients found.
[2026-05-13 06:39:02] No expired clients found.
[2026-05-13 06:40:01] No expired clients found.
[2026-05-13 06:41:01] No expired clients found.
[2026-05-13 06:42:01] No expired clients found.
[2026-05-13 06:43:01] No expired clients found.
[2026-05-13 06:44:01] No expired clients found.
[2026-05-13 06:45:01] No expired clients found.
[2026-05-13 06:46:01] No expired clients found.
[2026-05-13 06:47:01] No expired clients found.
[2026-05-13 06:48:01] No expired clients found.
[2026-05-13 06:49:01] No expired clients found.
[2026-05-13 06:50:01] No expired clients found.
[2026-05-13 06:51:01] No expired clients found.
[2026-05-13 06:52:01] No expired clients found.
[2026-05-13 06:53:01] No expired clients found.
[2026-05-13 06:54:01] No expired clients found.
[2026-05-13 06:55:01] No expired clients found.
[2026-05-13 06:56:01] No expired clients found.
[2026-05-13 06:57:01] No expired clients found.
[2026-05-13 06:58:02] No expired clients found.
[2026-05-13 06:59:01] No expired clients found.
[2026-05-13 07:00:01] No expired clients found.
[2026-05-13 07:01:01] No expired clients found.
[2026-05-13 07:02:01] No expired clients found.
[2026-05-13 07:03:01] No expired clients found.
[2026-05-13 07:04:01] No expired clients found.
[2026-05-13 07:05:01] No expired clients found.
[2026-05-13 07:06:01] No expired clients found.
[2026-05-13 07:07:01] No expired clients found.
[2026-05-13 07:08:01] No expired clients found.
[2026-05-13 07:09:01] No expired clients found.
[2026-05-13 07:10:01] No expired clients found.
[2026-05-13 07:11:01] No expired clients found.
[2026-05-13 07:12:01] No expired clients found.
[2026-05-13 07:13:01] No expired clients found.
[2026-05-13 07:14:01] No expired clients found.
[2026-05-13 07:15:01] No expired clients found.
[2026-05-13 07:16:01] No expired clients found.
[2026-05-13 07:17:02] No expired clients found.
[2026-05-13 07:18:01] No expired clients found.
[2026-05-13 07:19:01] No expired clients found.
[2026-05-13 07:20:01] No expired clients found.
[2026-05-13 07:21:01] No expired clients found.
[2026-05-13 07:22:01] No expired clients found.
[2026-05-13 07:23:01] No expired clients found.
[2026-05-13 07:24:01] No expired clients found.
[2026-05-13 07:25:01] No expired clients found.
[2026-05-13 07:26:01] No expired clients found.
[2026-05-13 07:27:01] No expired clients found.
[2026-05-13 07:28:01] No expired clients found.
[2026-05-13 07:29:01] No expired clients found.
[2026-05-13 07:30:01] No expired clients found.
[2026-05-13 07:31:01] No expired clients found.
[2026-05-13 07:32:01] No expired clients found.
[2026-05-13 07:33:01] No expired clients found.
[2026-05-13 07:34:01] No expired clients found.
[2026-05-13 07:35:01] No expired clients found.
[2026-05-13 07:36:01] No expired clients found.
[2026-05-13 07:37:01] No expired clients found.
[2026-05-13 07:38:01] No expired clients found.
[2026-05-13 07:39:01] No expired clients found.
[2026-05-13 07:40:01] No expired clients found.
[2026-05-13 07:41:01] No expired clients found.
[2026-05-13 07:42:01] No expired clients found.
[2026-05-13 07:43:01] No expired clients found.
[2026-05-13 07:44:01] No expired clients found.
[2026-05-13 07:45:01] No expired clients found.
[2026-05-13 07:46:01] No expired clients found.
[2026-05-13 07:47:01] No expired clients found.
[2026-05-13 07:48:02] No expired clients found.
[2026-05-13 07:49:01] No expired clients found.
[2026-05-13 07:50:01] No expired clients found.
[2026-05-13 07:51:01] No expired clients found.
[2026-05-13 07:52:01] No expired clients found.
[2026-05-13 07:53:01] No expired clients found.
[2026-05-13 07:54:01] No expired clients found.
[2026-05-13 07:55:01] No expired clients found.
[2026-05-13 07:56:01] No expired clients found.
[2026-05-13 07:57:01] No expired clients found.
[2026-05-13 07:58:01] No expired clients found.
[2026-05-13 07:59:01] No expired clients found.
[2026-05-13 08:00:02] No expired clients found.
[2026-05-13 08:01:01] No expired clients found.
[2026-05-13 08:02:01] No expired clients found.
[2026-05-13 08:03:01] No expired clients found.
[2026-05-13 08:04:01] No expired clients found.
[2026-05-13 08:05:01] No expired clients found.
[2026-05-13 08:06:01] No expired clients found.
[2026-05-13 08:07:01] No expired clients found.
[2026-05-13 08:08:01] No expired clients found.
[2026-05-13 08:09:01] No expired clients found.
[2026-05-13 08:10:01] No expired clients found.
[2026-05-13 08:11:01] No expired clients found.
[2026-05-13 08:12:01] No expired clients found.
[2026-05-13 08:13:01] No expired clients found.
[2026-05-13 08:14:01] No expired clients found.
[2026-05-13 08:15:01] No expired clients found.
[2026-05-13 08:16:01] No expired clients found.
[2026-05-13 08:17:01] No expired clients found.
[2026-05-13 08:18:01] No expired clients found.
[2026-05-13 08:19:01] No expired clients found.
[2026-05-13 08:20:01] No expired clients found.
[2026-05-13 08:21:01] No expired clients found.
[2026-05-13 08:22:01] No expired clients found.
[2026-05-13 08:23:01] No expired clients found.
[2026-05-13 08:24:01] No expired clients found.
[2026-05-13 08:25:01] No expired clients found.
[2026-05-13 08:26:01] No expired clients found.
[2026-05-13 08:27:01] No expired clients found.
[2026-05-13 08:28:01] No expired clients found.
[2026-05-13 08:29:01] No expired clients found.
[2026-05-13 08:30:01] No expired clients found.
[2026-05-13 08:31:01] No expired clients found.
[2026-05-13 08:32:01] No expired clients found.
[2026-05-13 08:33:01] No expired clients found.
[2026-05-13 08:34:01] No expired clients found.
[2026-05-13 08:35:01] No expired clients found.
[2026-05-13 08:36:01] No expired clients found.
[2026-05-13 08:37:01] No expired clients found.
[2026-05-13 08:38:01] No expired clients found.
[2026-05-13 08:39:01] No expired clients found.
[2026-05-13 08:40:01] No expired clients found.
[2026-05-13 08:41:01] No expired clients found.
[2026-05-13 08:42:01] No expired clients found.
[2026-05-13 08:43:01] No expired clients found.
[2026-05-13 08:44:01] No expired clients found.
[2026-05-13 08:45:01] No expired clients found.
[2026-05-13 08:46:01] No expired clients found.
[2026-05-13 08:47:01] No expired clients found.
[2026-05-13 08:48:01] No expired clients found.
[2026-05-13 08:49:01] No expired clients found.
[2026-05-13 08:50:01] No expired clients found.
[2026-05-13 08:51:01] No expired clients found.
[2026-05-13 08:52:01] No expired clients found.
[2026-05-13 08:53:02] No expired clients found.
[2026-05-13 08:54:01] No expired clients found.
[2026-05-13 08:55:01] No expired clients found.
[2026-05-13 08:56:01] No expired clients found.
[2026-05-13 08:57:01] No expired clients found.
[2026-05-13 08:58:01] No expired clients found.
[2026-05-13 08:59:01] No expired clients found.
[2026-05-13 09:00:01] No expired clients found.
[2026-05-13 09:01:01] No expired clients found.
[2026-05-13 09:02:01] No expired clients found.
[2026-05-13 09:03:01] No expired clients found.
[2026-05-13 09:04:02] No expired clients found.
[2026-05-13 09:05:01] No expired clients found.
[2026-05-13 09:06:01] No expired clients found.
[2026-05-13 09:07:01] No expired clients found.
[2026-05-13 09:08:01] No expired clients found.
[2026-05-13 09:09:01] No expired clients found.
[2026-05-13 09:10:01] No expired clients found.
[2026-05-13 09:11:01] No expired clients found.
[2026-05-13 09:12:01] No expired clients found.
[2026-05-13 09:13:01] No expired clients found.
[2026-05-13 09:14:01] No expired clients found.
[2026-05-13 09:15:01] No expired clients found.
[2026-05-13 09:16:01] No expired clients found.
[2026-05-13 09:17:01] No expired clients found.
[2026-05-13 09:18:01] No expired clients found.
[2026-05-13 09:19:01] No expired clients found.
[2026-05-13 09:20:01] No expired clients found.
[2026-05-13 09:21:01] No expired clients found.
[2026-05-13 09:22:01] No expired clients found.
[2026-05-13 09:23:01] No expired clients found.
[2026-05-13 09:24:02] No expired clients found.
[2026-05-13 09:25:01] No expired clients found.
[2026-05-13 09:26:01] No expired clients found.
[2026-05-13 09:27:01] No expired clients found.
[2026-05-13 09:28:01] No expired clients found.
[2026-05-13 09:29:01] No expired clients found.
[2026-05-13 09:30:01] No expired clients found.
[2026-05-13 09:31:01] No expired clients found.
[2026-05-13 09:32:01] No expired clients found.
[2026-05-13 09:33:01] No expired clients found.
[2026-05-13 09:34:01] No expired clients found.
[2026-05-13 09:35:01] No expired clients found.
[2026-05-13 09:36:01] No expired clients found.
[2026-05-13 09:37:01] No expired clients found.
[2026-05-13 09:38:01] No expired clients found.
[2026-05-13 09:39:01] No expired clients found.
[2026-05-13 09:40:01] No expired clients found.
[2026-05-13 09:41:01] No expired clients found.
[2026-05-13 09:42:01] No expired clients found.
[2026-05-13 09:43:01] No expired clients found.
[2026-05-13 09:44:02] No expired clients found.
[2026-05-13 09:45:01] No expired clients found.
[2026-05-13 09:46:01] No expired clients found.
[2026-05-13 09:47:01] No expired clients found.
[2026-05-13 09:48:01] No expired clients found.
[2026-05-13 09:49:01] No expired clients found.
[2026-05-13 09:50:01] No expired clients found.
[2026-05-13 09:51:01] No expired clients found.
[2026-05-13 09:52:01] No expired clients found.
[2026-05-13 09:55:01] No expired clients found.
[2026-05-13 09:56:02] No expired clients found.
[2026-05-13 09:57:01] No expired clients found.
[2026-05-13 09:58:02] No expired clients found.
[2026-05-13 09:59:01] No expired clients found.
[2026-05-13 10:00:01] No expired clients found.
[2026-05-13 10:01:01] No expired clients found.
[2026-05-13 10:02:02] No expired clients found.
[2026-05-13 10:03:01] No expired clients found.
[2026-05-13 10:04:01] No expired clients found.
[2026-05-13 10:05:02] No expired clients found.
[2026-05-13 10:06:03] No expired clients found.
[2026-05-13 10:07:14] No expired clients found.
[2026-05-13 10:08:06] No expired clients found.
[2026-05-13 10:09:16] No expired clients found.
[2026-05-13 10:10:07] No expired clients found.
[2026-05-13 10:11:01] No expired clients found.
[2026-05-13 10:12:00] No expired clients found.
[2026-05-13 10:13:01] No expired clients found.
[2026-05-13 10:14:01] No expired clients found.
[2026-05-13 10:15:01] No expired clients found.
[2026-05-13 10:16:01] No expired clients found.
[2026-05-13 10:17:01] No expired clients found.
[2026-05-13 10:18:02] No expired clients found.
[2026-05-13 10:19:01] No expired clients found.
[2026-05-13 10:20:02] No expired clients found.
[2026-05-13 10:21:01] No expired clients found.
[2026-05-13 10:22:01] No expired clients found.
[2026-05-13 10:23:02] No expired clients found.
[2026-05-13 10:24:01] No expired clients found.
[2026-05-13 10:25:01] No expired clients found.
[2026-05-13 10:26:01] No expired clients found.
[2026-05-13 10:27:01] No expired clients found.
[2026-05-13 10:28:01] No expired clients found.
[2026-05-13 10:29:01] No expired clients found.
[2026-05-13 10:30:01] No expired clients found.
[2026-05-13 10:31:01] No expired clients found.
[2026-05-13 10:32:01] No expired clients found.
[2026-05-13 10:33:02] No expired clients found.
[2026-05-13 10:34:01] No expired clients found.
[2026-05-13 10:35:01] No expired clients found.
[2026-05-13 10:36:01] No expired clients found.
[2026-05-13 10:37:01] No expired clients found.
[2026-05-13 10:38:01] No expired clients found.
[2026-05-13 10:39:01] No expired clients found.
[2026-05-13 10:40:01] No expired clients found.
[2026-05-13 10:41:01] No expired clients found.
[2026-05-13 10:42:01] No expired clients found.
[2026-05-13 10:43:01] No expired clients found.
[2026-05-13 10:44:01] No expired clients found.
[2026-05-13 10:45:01] No expired clients found.
[2026-05-13 10:46:02] No expired clients found.
[2026-05-13 10:47:01] No expired clients found.
[2026-05-13 10:48:01] No expired clients found.
[2026-05-13 10:49:01] No expired clients found.
[2026-05-13 10:50:01] No expired clients found.
[2026-05-13 10:51:01] No expired clients found.
[2026-05-13 10:52:01] No expired clients found.
[2026-05-13 10:53:01] No expired clients found.
[2026-05-13 10:54:01] No expired clients found.
[2026-05-13 10:55:02] No expired clients found.
[2026-05-13 10:56:01] No expired clients found.
[2026-05-13 10:57:01] No expired clients found.
[2026-05-13 10:58:01] No expired clients found.
[2026-05-13 10:59:01] No expired clients found.
[2026-05-13 11:00:01] No expired clients found.
[2026-05-13 11:01:01] No expired clients found.
[2026-05-13 11:02:01] No expired clients found.
[2026-05-13 11:03:01] No expired clients found.
[2026-05-13 11:04:02] No expired clients found.
[2026-05-13 11:05:01] No expired clients found.
[2026-05-13 11:06:01] No expired clients found.
[2026-05-13 11:07:01] No expired clients found.
[2026-05-13 11:08:01] No expired clients found.
[2026-05-13 11:09:01] No expired clients found.
[2026-05-13 11:10:01] No expired clients found.
[2026-05-13 11:11:01] No expired clients found.
[2026-05-13 11:12:01] No expired clients found.
[2026-05-13 11:13:01] No expired clients found.
[2026-05-13 11:14:01] No expired clients found.
[2026-05-13 11:15:01] No expired clients found.
[2026-05-13 11:16:01] No expired clients found.
[2026-05-13 11:17:01] No expired clients found.
[2026-05-13 11:18:02] No expired clients found.
[2026-05-13 11:19:01] No expired clients found.
[2026-05-13 11:20:01] No expired clients found.
[2026-05-13 11:21:01] No expired clients found.
[2026-05-13 11:22:01] No expired clients found.
[2026-05-13 11:23:01] No expired clients found.
[2026-05-13 11:24:01] No expired clients found.
[2026-05-13 11:25:01] No expired clients found.
[2026-05-13 11:26:01] No expired clients found.
[2026-05-13 11:27:01] No expired clients found.
[2026-05-13 11:28:01] No expired clients found.
[2026-05-13 11:29:01] No expired clients found.
[2026-05-13 11:30:01] No expired clients found.
[2026-05-13 11:31:01] No expired clients found.
[2026-05-13 11:32:01] No expired clients found.
[2026-05-13 11:33:01] No expired clients found.
[2026-05-13 11:34:01] No expired clients found.
[2026-05-13 11:35:01] No expired clients found.
[2026-05-13 11:36:01] No expired clients found.
[2026-05-13 11:37:02] No expired clients found.
[2026-05-13 11:38:01] No expired clients found.
[2026-05-13 11:39:01] No expired clients found.
[2026-05-13 11:40:01] No expired clients found.
[2026-05-13 11:41:01] No expired clients found.
[2026-05-13 11:42:01] No expired clients found.
[2026-05-13 11:43:01] No expired clients found.
[2026-05-13 11:44:01] No expired clients found.
[2026-05-13 11:45:01] No expired clients found.
[2026-05-13 11:46:01] No expired clients found.
[2026-05-13 11:47:01] No expired clients found.
[2026-05-13 11:48:01] No expired clients found.
[2026-05-13 11:49:01] No expired clients found.
[2026-05-13 11:50:01] No expired clients found.
[2026-05-13 11:51:01] No expired clients found.
[2026-05-13 11:52:01] No expired clients found.
[2026-05-13 11:53:01] No expired clients found.
[2026-05-13 11:54:01] No expired clients found.
[2026-05-13 11:55:01] No expired clients found.
[2026-05-13 11:56:01] No expired clients found.
[2026-05-13 11:57:02] No expired clients found.
[2026-05-13 11:58:01] No expired clients found.
[2026-05-13 11:59:01] No expired clients found.
[2026-05-13 12:00:01] No expired clients found.
[2026-05-13 12:01:01] No expired clients found.
[2026-05-13 12:02:01] No expired clients found.
[2026-05-13 12:03:01] No expired clients found.
[2026-05-13 12:04:01] No expired clients found.
[2026-05-13 12:05:01] No expired clients found.
[2026-05-13 12:06:01] No expired clients found.
[2026-05-13 12:07:01] No expired clients found.
[2026-05-13 12:08:01] No expired clients found.
[2026-05-13 12:09:01] No expired clients found.
[2026-05-13 12:10:01] No expired clients found.
[2026-05-13 12:11:01] No expired clients found.
[2026-05-13 12:12:02] No expired clients found.
[2026-05-13 12:13:01] No expired clients found.
[2026-05-13 12:14:01] No expired clients found.
[2026-05-13 12:15:01] No expired clients found.
[2026-05-13 12:16:01] No expired clients found.
[2026-05-13 12:17:01] No expired clients found.
[2026-05-13 12:18:01] No expired clients found.
[2026-05-13 12:19:01] No expired clients found.
[2026-05-13 12:20:01] No expired clients found.
[2026-05-13 12:21:01] No expired clients found.
[2026-05-13 12:22:01] No expired clients found.
[2026-05-13 12:23:01] No expired clients found.
[2026-05-13 12:24:01] No expired clients found.
[2026-05-13 12:25:01] No expired clients found.
[2026-05-13 12:26:01] No expired clients found.
[2026-05-13 12:27:01] No expired clients found.
[2026-05-13 12:28:01] No expired clients found.
[2026-05-13 12:29:01] No expired clients found.
[2026-05-13 12:30:01] No expired clients found.
[2026-05-13 12:31:01] No expired clients found.
[2026-05-13 12:32:02] No expired clients found.
[2026-05-13 12:33:01] No expired clients found.
[2026-05-13 12:34:01] No expired clients found.
[2026-05-13 12:35:01] No expired clients found.
[2026-05-13 12:36:01] No expired clients found.
[2026-05-13 12:37:01] No expired clients found.
[2026-05-13 12:38:01] No expired clients found.
[2026-05-13 12:39:01] No expired clients found.
[2026-05-13 12:40:01] No expired clients found.
[2026-05-13 12:41:01] No expired clients found.
[2026-05-13 12:42:01] No expired clients found.
[2026-05-13 12:43:01] No expired clients found.
[2026-05-13 12:44:01] No expired clients found.
[2026-05-13 12:45:01] No expired clients found.
[2026-05-13 12:46:01] No expired clients found.
[2026-05-13 12:47:01] No expired clients found.
[2026-05-13 12:48:01] No expired clients found.
[2026-05-13 12:49:01] No expired clients found.
[2026-05-13 12:50:01] No expired clients found.
[2026-05-13 12:51:02] No expired clients found.
[2026-05-13 12:52:01] No expired clients found.
[2026-05-13 12:53:01] No expired clients found.
[2026-05-13 12:54:01] No expired clients found.
[2026-05-13 12:55:01] No expired clients found.
[2026-05-13 12:56:01] No expired clients found.
[2026-05-13 12:57:01] No expired clients found.
[2026-05-13 12:58:01] No expired clients found.
[2026-05-13 12:59:01] No expired clients found.
[2026-05-13 13:00:01] No expired clients found.
[2026-05-13 13:01:01] No expired clients found.
[2026-05-13 13:02:01] No expired clients found.
[2026-05-13 13:03:01] No expired clients found.
[2026-05-13 13:04:01] No expired clients found.
[2026-05-13 13:05:01] No expired clients found.
[2026-05-13 13:06:01] No expired clients found.
[2026-05-13 13:07:01] No expired clients found.
[2026-05-13 13:08:01] No expired clients found.
[2026-05-13 13:09:02] No expired clients found.
[2026-05-13 13:10:01] No expired clients found.
[2026-05-13 13:11:01] No expired clients found.
[2026-05-13 13:12:01] No expired clients found.
[2026-05-13 13:13:01] No expired clients found.
[2026-05-13 13:14:01] No expired clients found.
[2026-05-13 13:15:01] No expired clients found.
[2026-05-13 13:16:01] No expired clients found.
[2026-05-13 13:17:01] No expired clients found.
[2026-05-13 13:18:01] No expired clients found.
[2026-05-13 13:19:01] No expired clients found.
[2026-05-13 13:20:01] No expired clients found.
[2026-05-13 13:21:01] No expired clients found.
[2026-05-13 13:22:01] No expired clients found.
[2026-05-13 13:23:01] No expired clients found.
[2026-05-13 13:24:01] No expired clients found.
[2026-05-13 13:25:01] No expired clients found.
[2026-05-13 13:26:01] No expired clients found.
[2026-05-13 13:27:01] No expired clients found.
[2026-05-13 13:28:01] No expired clients found.
[2026-05-13 13:29:02] No expired clients found.
[2026-05-13 13:30:01] No expired clients found.
[2026-05-13 13:31:01] No expired clients found.
[2026-05-13 13:32:01] No expired clients found.
[2026-05-13 13:33:01] No expired clients found.
[2026-05-13 13:34:01] No expired clients found.
[2026-05-13 13:35:01] No expired clients found.
[2026-05-13 13:36:01] No expired clients found.
[2026-05-13 13:37:01] No expired clients found.
[2026-05-13 13:38:01] No expired clients found.
[2026-05-13 13:39:01] No expired clients found.
[2026-05-13 13:40:01] No expired clients found.
[2026-05-13 13:41:01] No expired clients found.
[2026-05-13 13:42:01] No expired clients found.
[2026-05-13 13:43:01] No expired clients found.
[2026-05-13 13:44:01] No expired clients found.
[2026-05-13 13:45:01] No expired clients found.
[2026-05-13 13:46:01] No expired clients found.
[2026-05-13 13:47:01] No expired clients found.
[2026-05-13 13:48:02] No expired clients found.
[2026-05-13 13:49:01] No expired clients found.
[2026-05-13 13:50:01] No expired clients found.
[2026-05-13 13:51:01] No expired clients found.
[2026-05-13 13:52:01] No expired clients found.
[2026-05-13 13:53:01] No expired clients found.
[2026-05-13 13:54:01] No expired clients found.
[2026-05-13 13:55:01] No expired clients found.
[2026-05-13 13:56:01] No expired clients found.
[2026-05-13 13:57:01] No expired clients found.
[2026-05-13 13:58:01] No expired clients found.
[2026-05-13 13:59:01] No expired clients found.
[2026-05-13 14:00:01] No expired clients found.
[2026-05-13 14:01:01] No expired clients found.
[2026-05-13 14:02:01] No expired clients found.
[2026-05-13 14:03:01] No expired clients found.
[2026-05-13 14:04:01] No expired clients found.
[2026-05-13 14:05:01] No expired clients found.
[2026-05-13 14:06:01] No expired clients found.
[2026-05-13 14:07:02] No expired clients found.
[2026-05-13 14:08:01] No expired clients found.
[2026-05-13 14:09:01] No expired clients found.
[2026-05-13 14:10:01] No expired clients found.
[2026-05-13 14:11:01] No expired clients found.
[2026-05-13 14:12:01] No expired clients found.
[2026-05-13 14:13:01] No expired clients found.
[2026-05-13 14:14:01] No expired clients found.
[2026-05-13 14:15:01] No expired clients found.
[2026-05-13 14:16:01] No expired clients found.
[2026-05-13 14:17:01] No expired clients found.
[2026-05-13 14:18:01] No expired clients found.
[2026-05-13 14:19:01] No expired clients found.
[2026-05-13 14:20:01] No expired clients found.
[2026-05-13 14:21:01] No expired clients found.
[2026-05-13 14:22:01] No expired clients found.
[2026-05-13 14:23:01] No expired clients found.
[2026-05-13 14:24:01] No expired clients found.
[2026-05-13 14:25:01] No expired clients found.
[2026-05-13 14:26:02] No expired clients found.
[2026-05-13 14:27:01] No expired clients found.
[2026-05-13 14:28:01] No expired clients found.
[2026-05-13 14:29:01] No expired clients found.
[2026-05-13 14:30:01] No expired clients found.
[2026-05-13 14:31:01] No expired clients found.
[2026-05-13 14:32:01] No expired clients found.
[2026-05-13 14:33:01] No expired clients found.
[2026-05-13 14:34:01] No expired clients found.
[2026-05-13 14:35:01] No expired clients found.
[2026-05-13 14:36:01] No expired clients found.
[2026-05-13 14:37:01] No expired clients found.
[2026-05-13 14:38:01] No expired clients found.
[2026-05-13 14:39:01] No expired clients found.
[2026-05-13 14:40:01] No expired clients found.
[2026-05-13 14:41:01] No expired clients found.
[2026-05-13 14:42:01] No expired clients found.
[2026-05-13 14:43:01] No expired clients found.
[2026-05-13 14:44:01] No expired clients found.
[2026-05-13 14:45:01] No expired clients found.
[2026-05-13 14:46:02] No expired clients found.
[2026-05-13 14:47:01] No expired clients found.
[2026-05-13 14:48:01] No expired clients found.
[2026-05-13 14:49:01] No expired clients found.
[2026-05-13 14:50:01] No expired clients found.
[2026-05-13 14:51:01] No expired clients found.
[2026-05-13 14:52:01] No expired clients found.
[2026-05-13 14:53:01] No expired clients found.
[2026-05-13 14:54:01] No expired clients found.
[2026-05-13 14:55:01] No expired clients found.
[2026-05-13 14:56:01] No expired clients found.
[2026-05-13 14:57:01] No expired clients found.
[2026-05-13 14:58:01] No expired clients found.
[2026-05-13 14:59:01] No expired clients found.
[2026-05-13 15:00:01] No expired clients found.
[2026-05-13 15:01:01] No expired clients found.
[2026-05-13 15:02:01] No expired clients found.
[2026-05-13 15:03:01] No expired clients found.
[2026-05-13 15:04:02] No expired clients found.
[2026-05-13 15:05:01] No expired clients found.
[2026-05-13 15:06:01] No expired clients found.
[2026-05-13 15:07:01] No expired clients found.
[2026-05-13 15:08:01] No expired clients found.
[2026-05-13 15:09:01] No expired clients found.
[2026-05-13 15:10:01] No expired clients found.
[2026-05-13 15:11:01] No expired clients found.
[2026-05-13 15:12:01] No expired clients found.
[2026-05-13 15:13:01] No expired clients found.
[2026-05-13 15:14:01] No expired clients found.
[2026-05-13 15:15:01] No expired clients found.
[2026-05-13 15:16:01] No expired clients found.
[2026-05-13 15:17:01] No expired clients found.
[2026-05-13 15:18:01] No expired clients found.
[2026-05-13 15:19:01] No expired clients found.
[2026-05-13 15:20:01] No expired clients found.
[2026-05-13 15:21:01] No expired clients found.
[2026-05-13 15:22:01] No expired clients found.
[2026-05-13 15:23:01] No expired clients found.
[2026-05-13 15:24:02] No expired clients found.
[2026-05-13 15:25:01] No expired clients found.
[2026-05-13 15:26:01] No expired clients found.
[2026-05-13 15:27:01] No expired clients found.
[2026-05-13 15:28:01] No expired clients found.
[2026-05-13 15:29:01] No expired clients found.
[2026-05-13 15:30:01] No expired clients found.
[2026-05-13 15:31:01] No expired clients found.
[2026-05-13 15:32:01] No expired clients found.
[2026-05-13 15:33:01] No expired clients found.
[2026-05-13 15:34:01] No expired clients found.
[2026-05-13 15:35:01] No expired clients found.
[2026-05-13 15:36:01] No expired clients found.
[2026-05-13 15:37:01] No expired clients found.
[2026-05-13 15:38:01] No expired clients found.
[2026-05-13 15:39:01] No expired clients found.
[2026-05-13 15:40:01] No expired clients found.
[2026-05-13 15:41:01] No expired clients found.
[2026-05-13 15:42:01] No expired clients found.
[2026-05-13 15:43:01] No expired clients found.
[2026-05-13 15:44:02] No expired clients found.
[2026-05-13 15:45:01] No expired clients found.
[2026-05-13 15:46:01] No expired clients found.
[2026-05-13 15:47:01] No expired clients found.
[2026-05-13 15:48:01] No expired clients found.
[2026-05-13 15:49:01] No expired clients found.
[2026-05-13 15:50:01] No expired clients found.
[2026-05-13 15:51:01] No expired clients found.
[2026-05-13 15:52:01] No expired clients found.
[2026-05-13 15:53:01] No expired clients found.
[2026-05-13 15:54:01] No expired clients found.
[2026-05-13 15:55:01] No expired clients found.
[2026-05-13 15:56:01] No expired clients found.
[2026-05-13 15:57:01] No expired clients found.
[2026-05-13 15:58:01] No expired clients found.
[2026-05-13 15:59:01] No expired clients found.
[2026-05-13 16:00:01] No expired clients found.
[2026-05-13 16:01:01] No expired clients found.
[2026-05-13 16:02:01] No expired clients found.
[2026-05-13 16:03:01] No expired clients found.
[2026-05-13 16:04:02] No expired clients found.
[2026-05-13 16:05:01] No expired clients found.
[2026-05-13 16:06:01] No expired clients found.
[2026-05-13 16:07:01] No expired clients found.
[2026-05-13 16:08:01] No expired clients found.
[2026-05-13 16:09:01] No expired clients found.
[2026-05-13 16:10:01] No expired clients found.
[2026-05-13 16:11:01] No expired clients found.
[2026-05-13 16:12:01] No expired clients found.
[2026-05-13 16:13:01] No expired clients found.
[2026-05-13 16:14:01] No expired clients found.
[2026-05-13 16:15:01] No expired clients found.
[2026-05-13 16:16:01] No expired clients found.
[2026-05-13 16:17:01] No expired clients found.
[2026-05-13 16:18:01] No expired clients found.
[2026-05-13 16:19:01] No expired clients found.
[2026-05-13 16:20:01] No expired clients found.
[2026-05-13 16:21:01] No expired clients found.
[2026-05-13 16:22:01] No expired clients found.
[2026-05-13 16:23:01] No expired clients found.
[2026-05-13 16:24:02] No expired clients found.
[2026-05-13 16:25:01] No expired clients found.
[2026-05-13 16:26:01] No expired clients found.
[2026-05-13 16:27:01] No expired clients found.
[2026-05-13 16:28:01] No expired clients found.
[2026-05-13 16:29:01] No expired clients found.
[2026-05-13 16:30:01] No expired clients found.
[2026-05-13 16:31:01] No expired clients found.
[2026-05-13 16:32:01] No expired clients found.
[2026-05-13 16:33:01] No expired clients found.
[2026-05-13 16:34:01] No expired clients found.
[2026-05-13 16:35:01] No expired clients found.
[2026-05-13 16:36:01] No expired clients found.
[2026-05-13 16:37:01] No expired clients found.
[2026-05-13 16:38:01] No expired clients found.
[2026-05-13 16:39:01] No expired clients found.
[2026-05-13 16:40:01] No expired clients found.
[2026-05-13 16:41:01] No expired clients found.
[2026-05-13 16:42:01] No expired clients found.
[2026-05-13 16:43:01] No expired clients found.
[2026-05-13 16:44:01] No expired clients found.
[2026-05-13 16:45:02] No expired clients found.
[2026-05-13 16:46:01] No expired clients found.
[2026-05-13 16:47:01] No expired clients found.
[2026-05-13 16:48:01] No expired clients found.
[2026-05-13 16:49:01] No expired clients found.
[2026-05-13 16:50:01] No expired clients found.
[2026-05-13 16:51:01] No expired clients found.
[2026-05-13 16:52:01] No expired clients found.
[2026-05-13 16:53:01] No expired clients found.
[2026-05-13 16:54:01] No expired clients found.
[2026-05-13 16:55:01] No expired clients found.
[2026-05-13 16:56:01] No expired clients found.
[2026-05-13 16:57:01] No expired clients found.
[2026-05-13 16:58:01] No expired clients found.
[2026-05-13 16:59:01] No expired clients found.
[2026-05-13 17:00:01] No expired clients found.
[2026-05-13 17:01:01] No expired clients found.
[2026-05-13 17:02:01] No expired clients found.
[2026-05-13 17:03:01] No expired clients found.
[2026-05-13 17:04:01] No expired clients found.
[2026-05-13 17:05:02] No expired clients found.
[2026-05-13 17:06:01] No expired clients found.
[2026-05-13 17:07:01] No expired clients found.
[2026-05-13 17:08:01] No expired clients found.
[2026-05-13 17:09:01] No expired clients found.
[2026-05-13 17:10:01] No expired clients found.
[2026-05-13 17:11:01] No expired clients found.
[2026-05-13 17:12:01] No expired clients found.
[2026-05-13 17:13:01] No expired clients found.
[2026-05-13 17:14:01] No expired clients found.
[2026-05-13 17:15:01] No expired clients found.
[2026-05-13 17:16:01] No expired clients found.
[2026-05-13 17:17:01] No expired clients found.
[2026-05-13 17:18:01] No expired clients found.
[2026-05-13 17:19:01] No expired clients found.
[2026-05-13 17:20:01] No expired clients found.
[2026-05-13 17:21:01] No expired clients found.
[2026-05-13 17:22:01] No expired clients found.
[2026-05-13 17:23:01] No expired clients found.
[2026-05-13 17:24:01] No expired clients found.
[2026-05-13 17:25:01] No expired clients found.
[2026-05-13 17:26:02] No expired clients found.
[2026-05-13 17:27:01] No expired clients found.
[2026-05-13 17:28:01] No expired clients found.
[2026-05-13 17:29:01] No expired clients found.
[2026-05-13 17:30:01] No expired clients found.
[2026-05-13 17:31:01] No expired clients found.
[2026-05-13 17:32:01] No expired clients found.
[2026-05-13 17:33:01] No expired clients found.
[2026-05-13 17:34:01] No expired clients found.
[2026-05-13 17:35:01] No expired clients found.
[2026-05-13 17:36:01] No expired clients found.
[2026-05-13 17:37:01] No expired clients found.
[2026-05-13 17:38:01] No expired clients found.
[2026-05-13 17:39:01] No expired clients found.
[2026-05-13 17:40:01] No expired clients found.
[2026-05-13 17:41:01] No expired clients found.
[2026-05-13 17:42:01] No expired clients found.
[2026-05-13 17:43:01] No expired clients found.
[2026-05-13 17:44:01] No expired clients found.
[2026-05-13 17:45:01] No expired clients found.
[2026-05-14 01:49:40] ERROR: Unable to establish socket session, Network is unreachable
[2026-05-14 01:51:03] Expired client disabled: MH-5E643429
[2026-05-14 01:51:03] Expired client disabled: MH-BACCD936
[2026-05-14 01:52:01] No expired clients found.
[2026-05-14 01:53:02] No expired clients found.
[2026-05-14 01:54:01] No expired clients found.
[2026-05-14 01:55:01] No expired clients found.
[2026-05-14 01:56:01] No expired clients found.
[2026-05-14 01:57:01] No expired clients found.
[2026-05-14 01:58:01] No expired clients found.
[2026-05-14 01:59:01] No expired clients found.
[2026-05-14 02:00:01] No expired clients found.
[2026-05-14 02:01:01] No expired clients found.
[2026-05-14 02:02:02] No expired clients found.
[2026-05-14 02:03:02] No expired clients found.
[2026-05-14 02:04:01] No expired clients found.
[2026-05-14 02:05:03] No expired clients found.
[2026-05-14 09:41:01] No expired clients found.
[2026-05-14 09:42:01] No expired clients found.
[2026-05-14 09:43:01] No expired clients found.
[2026-05-14 09:44:02] No expired clients found.
[2026-05-14 09:45:01] No expired clients found.
[2026-05-14 09:45:01] No expired clients found.
[2026-05-14 10:45:28] No expired clients found.
[2026-05-14 10:46:02] No expired clients found.
[2026-05-14 10:47:01] No expired clients found.
[2026-05-14 10:48:01] No expired clients found.
[2026-05-14 10:49:01] No expired clients found.
[2026-05-14 10:50:01] No expired clients found.
[2026-05-14 10:51:01] No expired clients found.
[2026-05-14 10:52:01] No expired clients found.
[2026-05-14 10:53:02] No expired clients found.
[2026-05-14 10:54:01] No expired clients found.
[2026-05-14 10:55:04] No expired clients found.
[2026-05-14 10:56:01] No expired clients found.
[2026-05-14 10:57:01] No expired clients found.
[2026-05-14 10:58:01] No expired clients found.
[2026-05-14 10:59:01] No expired clients found.
[2026-05-14 11:00:01] No expired clients found.
[2026-05-14 11:01:01] No expired clients found.
[2026-05-14 11:02:01] No expired clients found.
[2026-05-14 11:03:01] No expired clients found.
[2026-05-14 11:04:01] No expired clients found.
[2026-05-14 11:05:01] No expired clients found.
[2026-05-14 11:06:02] No expired clients found.
[2026-05-14 11:07:01] No expired clients found.
[2026-05-14 11:08:01] No expired clients found.
[2026-05-14 11:09:01] No expired clients found.
[2026-05-14 11:10:01] No expired clients found.
[2026-05-14 11:11:01] No expired clients found.
[2026-05-14 11:12:01] No expired clients found.
[2026-05-14 11:13:01] No expired clients found.
[2026-05-14 11:14:01] No expired clients found.
[2026-05-14 11:15:01] No expired clients found.
[2026-05-14 11:16:02] No expired clients found.
[2026-05-14 11:17:01] No expired clients found.
[2026-05-14 11:18:01] No expired clients found.
[2026-05-14 11:19:01] No expired clients found.
[2026-05-14 11:20:01] No expired clients found.
[2026-05-14 11:21:01] No expired clients found.
[2026-05-14 11:22:01] No expired clients found.
[2026-05-14 11:23:01] No expired clients found.
[2026-05-14 11:24:01] No expired clients found.
[2026-05-14 11:25:01] No expired clients found.
[2026-05-14 11:26:02] No expired clients found.
[2026-05-14 11:27:01] No expired clients found.
[2026-05-14 11:28:01] No expired clients found.
[2026-05-14 11:29:01] No expired clients found.
[2026-05-14 11:30:01] No expired clients found.
[2026-05-14 11:31:01] No expired clients found.
[2026-05-14 11:32:01] No expired clients found.
[2026-05-14 11:33:01] No expired clients found.
[2026-05-14 11:34:01] No expired clients found.
[2026-05-14 11:35:01] No expired clients found.
[2026-05-14 11:36:01] No expired clients found.
[2026-05-14 11:37:01] No expired clients found.
[2026-05-14 11:38:01] No expired clients found.
[2026-05-14 11:39:01] No expired clients found.
[2026-05-14 11:40:01] No expired clients found.
[2026-05-14 11:41:01] No expired clients found.
[2026-05-14 11:42:02] No expired clients found.
[2026-05-14 11:43:01] No expired clients found.
[2026-05-14 11:44:01] No expired clients found.
[2026-05-14 11:45:01] No expired clients found.
[2026-05-14 11:46:01] No expired clients found.
[2026-05-14 11:47:01] No expired clients found.
[2026-05-14 11:48:01] No expired clients found.
[2026-05-14 11:49:01] No expired clients found.
[2026-05-14 11:50:01] No expired clients found.
[2026-05-14 11:51:02] No expired clients found.
[2026-05-14 11:52:01] No expired clients found.
[2026-05-14 11:53:01] No expired clients found.
[2026-05-14 11:54:01] No expired clients found.
[2026-05-14 11:55:01] No expired clients found.
[2026-05-14 11:56:01] No expired clients found.
[2026-05-14 11:57:01] No expired clients found.
[2026-05-14 11:58:02] No expired clients found.
[2026-05-14 11:59:01] No expired clients found.
[2026-05-14 12:00:01] No expired clients found.
[2026-05-14 12:01:01] No expired clients found.
[2026-05-14 12:02:01] No expired clients found.
[2026-05-14 12:03:01] No expired clients found.
[2026-05-14 12:04:01] No expired clients found.
[2026-05-14 12:05:01] No expired clients found.
[2026-05-14 12:06:01] No expired clients found.
[2026-05-14 12:07:02] No expired clients found.
[2026-05-14 12:08:01] No expired clients found.
[2026-05-14 12:09:01] No expired clients found.
[2026-05-14 12:10:01] No expired clients found.
[2026-05-14 12:11:01] No expired clients found.
[2026-05-14 12:12:01] No expired clients found.
[2026-05-14 12:13:01] No expired clients found.
[2026-05-14 12:14:01] No expired clients found.
[2026-05-14 12:15:01] No expired clients found.
[2026-05-14 12:16:01] No expired clients found.
[2026-05-14 12:17:01] No expired clients found.
[2026-05-14 12:18:01] No expired clients found.
[2026-05-14 12:19:01] No expired clients found.
[2026-05-14 12:20:01] No expired clients found.
[2026-05-14 12:21:02] No expired clients found.
[2026-05-14 12:22:01] No expired clients found.
[2026-05-14 12:23:01] No expired clients found.
[2026-05-14 12:24:01] No expired clients found.
[2026-05-14 12:25:01] No expired clients found.
[2026-05-14 12:26:01] No expired clients found.
[2026-05-14 12:27:01] No expired clients found.
[2026-05-14 12:28:01] No expired clients found.
[2026-05-14 12:29:01] No expired clients found.
[2026-05-14 12:30:01] No expired clients found.
[2026-05-14 12:31:01] No expired clients found.
[2026-05-14 12:32:01] No expired clients found.
[2026-05-14 12:33:01] No expired clients found.
[2026-05-14 12:34:01] No expired clients found.
[2026-05-14 12:35:01] No expired clients found.
[2026-05-14 12:36:01] No expired clients found.
[2026-05-14 12:37:01] No expired clients found.
[2026-05-14 12:38:01] No expired clients found.
[2026-05-14 12:39:01] No expired clients found.
[2026-05-14 12:40:01] No expired clients found.
[2026-05-14 12:41:01] No expired clients found.
[2026-05-14 12:42:01] No expired clients found.
[2026-05-14 12:43:01] No expired clients found.
[2026-05-14 12:44:01] No expired clients found.
[2026-05-14 12:45:01] No expired clients found.
[2026-05-14 12:46:01] No expired clients found.
[2026-05-14 12:47:01] No expired clients found.
[2026-05-14 12:48:01] No expired clients found.
[2026-05-14 12:49:01] No expired clients found.
[2026-05-14 12:50:01] No expired clients found.
[2026-05-14 12:51:01] No expired clients found.
[2026-05-14 12:52:01] No expired clients found.
[2026-05-14 12:53:02] No expired clients found.
[2026-05-14 12:54:01] No expired clients found.
[2026-05-14 12:55:01] No expired clients found.
[2026-05-14 12:56:01] No expired clients found.
[2026-05-14 12:57:01] No expired clients found.
[2026-05-14 12:58:01] No expired clients found.
[2026-05-14 12:59:01] No expired clients found.
[2026-05-14 13:00:02] No expired clients found.
[2026-05-14 13:01:01] No expired clients found.
[2026-05-14 13:02:01] No expired clients found.
[2026-05-14 13:03:01] No expired clients found.
[2026-05-14 13:04:01] No expired clients found.
[2026-05-14 13:05:01] No expired clients found.
[2026-05-14 13:06:01] No expired clients found.
[2026-05-14 13:07:01] No expired clients found.
[2026-05-14 13:08:01] No expired clients found.
[2026-05-14 13:09:01] No expired clients found.
[2026-05-14 13:10:01] No expired clients found.
[2026-05-14 13:11:01] No expired clients found.
[2026-05-14 13:12:01] No expired clients found.
[2026-05-14 13:13:01] No expired clients found.
[2026-05-14 13:14:01] No expired clients found.
[2026-05-14 13:15:01] No expired clients found.
[2026-05-14 13:16:01] No expired clients found.
[2026-05-14 13:17:02] No expired clients found.
[2026-05-14 13:18:01] No expired clients found.
[2026-05-14 13:19:01] No expired clients found.
[2026-05-14 13:20:01] No expired clients found.
[2026-05-14 13:21:01] No expired clients found.
[2026-05-14 13:22:01] No expired clients found.
[2026-05-14 13:23:01] No expired clients found.
[2026-05-14 13:24:01] No expired clients found.
[2026-05-14 13:25:01] No expired clients found.
[2026-05-14 13:26:01] No expired clients found.
[2026-05-14 13:27:01] No expired clients found.
[2026-05-14 13:28:01] No expired clients found.
[2026-05-14 13:29:01] No expired clients found.
[2026-05-14 13:30:01] No expired clients found.
[2026-05-14 13:31:01] No expired clients found.
[2026-05-14 13:32:01] No expired clients found.
[2026-05-14 13:33:01] No expired clients found.
[2026-05-14 13:34:01] No expired clients found.
[2026-05-14 13:35:01] No expired clients found.
[2026-05-14 13:36:01] No expired clients found.
[2026-05-14 13:37:01] No expired clients found.
[2026-05-14 13:38:01] No expired clients found.
[2026-05-14 13:39:01] No expired clients found.
[2026-05-14 13:40:01] No expired clients found.
[2026-05-14 13:41:01] No expired clients found.
[2026-05-14 13:42:01] No expired clients found.
[2026-05-14 13:43:01] No expired clients found.
[2026-05-14 13:44:01] No expired clients found.
[2026-05-14 13:45:01] No expired clients found.
[2026-05-14 13:46:01] No expired clients found.
[2026-05-14 13:47:01] No expired clients found.
[2026-05-14 13:48:01] No expired clients found.
[2026-05-14 13:49:01] No expired clients found.
[2026-05-14 13:50:01] No expired clients found.
[2026-05-14 13:51:02] No expired clients found.
[2026-05-14 13:52:01] No expired clients found.
[2026-05-14 13:53:01] No expired clients found.
[2026-05-14 13:54:01] No expired clients found.
[2026-05-14 13:55:01] No expired clients found.
[2026-05-14 13:56:01] No expired clients found.
[2026-05-14 13:57:01] No expired clients found.
[2026-05-14 13:58:01] No expired clients found.
[2026-05-14 13:59:01] No expired clients found.
[2026-05-14 14:00:01] No expired clients found.
[2026-05-14 14:01:01] No expired clients found.
[2026-05-14 14:02:01] No expired clients found.
[2026-05-14 14:03:01] No expired clients found.
[2026-05-14 14:04:01] No expired clients found.
[2026-05-14 14:05:01] No expired clients found.
[2026-05-14 14:06:02] No expired clients found.
[2026-05-14 14:07:01] No expired clients found.
[2026-05-14 14:08:01] No expired clients found.
[2026-05-14 14:09:01] No expired clients found.
[2026-05-14 14:10:01] No expired clients found.
[2026-05-14 14:11:01] No expired clients found.
[2026-05-14 14:12:01] No expired clients found.
[2026-05-14 14:13:01] No expired clients found.
[2026-05-14 14:14:02] No expired clients found.
[2026-05-14 14:15:01] No expired clients found.
[2026-05-14 14:16:01] No expired clients found.
[2026-05-14 14:17:01] No expired clients found.
[2026-05-14 14:18:01] No expired clients found.
[2026-05-14 14:19:01] No expired clients found.
[2026-05-14 14:20:01] No expired clients found.
[2026-05-14 14:21:01] No expired clients found.
[2026-05-14 14:22:01] No expired clients found.
[2026-05-14 14:23:01] No expired clients found.
[2026-05-14 14:24:01] No expired clients found.
[2026-05-14 14:25:01] No expired clients found.
[2026-05-14 14:26:02] No expired clients found.
[2026-05-14 14:27:01] No expired clients found.
[2026-05-14 14:28:01] No expired clients found.
[2026-05-14 14:29:01] No expired clients found.
[2026-05-14 14:30:01] No expired clients found.
[2026-05-14 14:31:01] No expired clients found.
[2026-05-14 14:32:01] No expired clients found.
[2026-05-14 14:33:01] No expired clients found.
[2026-05-14 14:34:01] No expired clients found.
[2026-05-14 14:35:01] No expired clients found.
[2026-05-14 14:36:01] No expired clients found.
[2026-05-14 14:37:01] No expired clients found.
[2026-05-14 14:38:01] No expired clients found.
[2026-05-14 14:39:02] No expired clients found.
[2026-05-14 14:40:01] No expired clients found.
[2026-05-14 14:41:01] No expired clients found.
[2026-05-14 14:42:01] No expired clients found.
[2026-05-14 14:43:01] No expired clients found.
[2026-05-14 14:44:01] No expired clients found.
[2026-05-14 14:45:01] No expired clients found.
[2026-05-14 14:46:28] No expired clients found.
[2026-05-14 14:47:02] No expired clients found.
[2026-05-14 14:48:01] No expired clients found.
[2026-05-14 14:49:01] No expired clients found.
[2026-05-14 14:50:01] No expired clients found.
[2026-05-14 14:51:02] No expired clients found.
[2026-05-14 14:52:01] No expired clients found.
[2026-05-14 14:53:01] No expired clients found.
[2026-05-14 14:54:01] No expired clients found.
[2026-05-14 14:56:01] No expired clients found.
[2026-05-14 14:57:01] No expired clients found.
[2026-05-14 14:58:01] No expired clients found.
[2026-05-14 14:59:01] No expired clients found.
[2026-05-14 15:00:01] No expired clients found.
[2026-05-14 15:01:01] No expired clients found.
[2026-05-14 15:02:02] No expired clients found.
[2026-05-14 15:03:01] No expired clients found.
[2026-05-14 15:04:01] No expired clients found.
[2026-05-14 15:05:01] No expired clients found.
[2026-05-14 15:06:01] No expired clients found.
[2026-05-14 15:07:01] No expired clients found.
[2026-05-14 15:08:01] No expired clients found.
[2026-05-14 15:09:02] No expired clients found.
[2026-05-14 15:10:01] No expired clients found.
[2026-05-14 15:11:01] No expired clients found.
[2026-05-14 15:12:01] No expired clients found.
[2026-05-14 15:13:01] No expired clients found.
[2026-05-14 15:14:01] No expired clients found.
[2026-05-14 15:15:01] No expired clients found.
[2026-05-14 15:16:01] No expired clients found.
[2026-05-14 15:17:01] No expired clients found.
[2026-05-14 15:18:01] No expired clients found.
[2026-05-14 15:19:01] No expired clients found.
[2026-05-14 15:20:01] No expired clients found.
[2026-05-14 15:21:01] No expired clients found.
[2026-05-14 15:22:01] No expired clients found.
[2026-05-14 15:23:01] No expired clients found.
[2026-05-14 15:24:02] No expired clients found.
[2026-05-14 15:25:01] No expired clients found.
[2026-05-14 15:26:01] No expired clients found.
[2026-05-14 15:27:01] No expired clients found.
[2026-05-14 15:28:01] No expired clients found.
[2026-05-14 15:29:01] No expired clients found.
[2026-05-14 15:30:01] No expired clients found.
[2026-05-14 15:31:01] No expired clients found.
[2026-05-14 15:32:01] No expired clients found.
[2026-05-14 15:33:01] No expired clients found.
[2026-05-14 15:34:01] No expired clients found.
[2026-05-14 15:35:01] No expired clients found.
[2026-05-14 15:36:01] No expired clients found.
[2026-05-14 15:37:01] No expired clients found.
[2026-05-14 15:38:01] No expired clients found.
[2026-05-14 15:39:02] No expired clients found.
[2026-05-14 15:40:01] No expired clients found.
[2026-05-14 15:41:01] No expired clients found.
[2026-05-14 15:42:01] No expired clients found.
[2026-05-14 15:43:01] No expired clients found.
[2026-05-14 15:44:02] No expired clients found.
[2026-05-14 15:45:01] No expired clients found.
[2026-05-14 15:46:01] No expired clients found.
[2026-05-14 15:47:02] No expired clients found.
[2026-05-14 15:48:01] No expired clients found.
[2026-05-14 15:49:01] No expired clients found.
[2026-05-14 15:50:01] No expired clients found.
[2026-05-14 15:51:01] No expired clients found.
[2026-05-14 15:52:01] No expired clients found.
[2026-05-14 15:53:01] No expired clients found.
[2026-05-14 15:54:01] No expired clients found.
[2026-05-14 15:55:01] No expired clients found.
[2026-05-14 15:56:01] No expired clients found.
[2026-05-14 15:57:01] No expired clients found.
[2026-05-14 15:58:01] No expired clients found.
[2026-05-14 15:59:01] No expired clients found.
[2026-05-14 16:00:01] No expired clients found.
[2026-05-14 16:01:01] No expired clients found.
[2026-05-14 16:02:01] No expired clients found.
[2026-05-14 16:03:01] No expired clients found.
[2026-05-14 16:04:02] No expired clients found.
[2026-05-14 16:05:01] No expired clients found.
[2026-05-14 16:06:01] No expired clients found.
[2026-05-14 16:07:01] No expired clients found.
[2026-05-14 16:08:01] No expired clients found.
[2026-05-14 16:09:01] No expired clients found.
[2026-05-14 16:10:01] No expired clients found.
[2026-05-14 16:11:02] No expired clients found.
[2026-05-14 16:12:01] No expired clients found.
[2026-05-14 16:13:01] No expired clients found.
[2026-05-14 16:14:02] No expired clients found.
[2026-05-14 16:15:01] No expired clients found.
[2026-05-14 16:16:01] No expired clients found.
[2026-05-14 16:17:01] No expired clients found.
[2026-05-14 16:18:02] No expired clients found.
[2026-05-14 16:19:01] No expired clients found.
[2026-05-14 16:20:01] No expired clients found.
[2026-05-14 16:21:01] No expired clients found.
[2026-05-14 16:22:35] No expired clients found.
[2026-05-14 16:23:02] No expired clients found.
[2026-05-14 16:24:01] No expired clients found.
[2026-05-14 16:25:01] No expired clients found.
[2026-05-14 16:26:01] No expired clients found.
[2026-05-14 16:27:01] No expired clients found.
[2026-05-14 16:28:01] No expired clients found.
[2026-05-14 16:29:01] No expired clients found.
[2026-05-14 16:30:01] No expired clients found.
[2026-05-14 16:31:01] No expired clients found.
[2026-05-14 16:32:01] No expired clients found.
[2026-05-14 16:33:01] No expired clients found.
[2026-05-14 16:34:02] No expired clients found.
[2026-05-14 16:35:01] No expired clients found.
[2026-05-14 16:36:01] No expired clients found.
[2026-05-14 16:37:02] No expired clients found.
[2026-05-14 16:38:01] No expired clients found.
[2026-05-14 16:39:01] No expired clients found.
[2026-05-14 16:40:01] No expired clients found.
[2026-05-14 16:41:01] No expired clients found.
[2026-05-14 16:42:01] No expired clients found.
[2026-05-14 16:43:02] No expired clients found.
[2026-05-14 16:44:02] No expired clients found.
[2026-05-14 16:45:02] No expired clients found.
[2026-05-14 16:46:01] No expired clients found.
[2026-05-14 16:47:01] No expired clients found.
[2026-05-14 16:48:01] No expired clients found.
[2026-05-14 16:49:02] No expired clients found.
[2026-05-14 16:50:01] No expired clients found.
[2026-05-14 16:51:02] No expired clients found.
[2026-05-14 16:53:19] No expired clients found.
[2026-05-14 16:53:19] No expired clients found.
[2026-05-14 16:54:01] No expired clients found.
[2026-05-14 16:57:01] No expired clients found.
[2026-05-14 16:58:02] No expired clients found.
[2026-05-14 16:59:01] No expired clients found.
[2026-05-14 17:00:01] No expired clients found.
[2026-05-14 17:01:01] No expired clients found.
[2026-05-14 17:02:01] No expired clients found.
[2026-05-14 17:03:01] No expired clients found.
[2026-05-14 17:04:01] No expired clients found.
[2026-05-14 17:05:02] No expired clients found.
[2026-05-14 17:06:01] No expired clients found.
[2026-05-14 17:07:01] No expired clients found.
[2026-05-14 17:08:01] No expired clients found.
[2026-05-14 17:09:01] No expired clients found.
[2026-05-14 17:10:01] No expired clients found.
[2026-05-14 17:11:01] No expired clients found.
[2026-05-14 17:12:01] No expired clients found.
[2026-05-14 17:13:01] No expired clients found.
[2026-05-14 17:14:01] No expired clients found.
[2026-05-14 17:15:01] No expired clients found.
[2026-05-14 17:16:01] No expired clients found.
[2026-05-14 17:17:01] No expired clients found.
[2026-05-14 17:18:01] No expired clients found.
[2026-05-14 17:19:01] No expired clients found.
[2026-05-14 17:20:01] No expired clients found.
[2026-05-14 17:21:01] No expired clients found.
[2026-05-14 17:22:01] No expired clients found.
[2026-05-14 17:23:01] No expired clients found.
[2026-05-14 17:24:01] No expired clients found.
[2026-05-14 17:25:01] No expired clients found.
[2026-05-14 17:26:01] No expired clients found.
[2026-05-14 17:27:01] No expired clients found.
[2026-05-14 17:28:01] No expired clients found.
[2026-05-14 17:29:01] No expired clients found.
[2026-05-14 17:30:01] No expired clients found.
[2026-05-14 17:31:02] No expired clients found.
[2026-05-14 17:32:01] No expired clients found.
[2026-05-14 17:33:01] No expired clients found.
[2026-05-14 17:34:01] No expired clients found.
[2026-05-14 17:35:01] No expired clients found.
[2026-05-14 17:36:01] No expired clients found.
[2026-05-14 17:37:01] No expired clients found.
[2026-05-14 17:38:01] No expired clients found.
[2026-05-14 17:39:01] No expired clients found.
[2026-05-14 17:40:01] No expired clients found.
[2026-05-14 17:41:01] No expired clients found.
[2026-05-14 17:42:01] No expired clients found.
[2026-05-14 17:43:01] No expired clients found.
[2026-05-14 17:44:01] No expired clients found.
[2026-05-14 17:45:01] No expired clients found.
[2026-05-14 17:46:02] No expired clients found.
[2026-05-14 17:47:01] No expired clients found.
[2026-05-14 17:48:01] No expired clients found.
[2026-05-14 17:49:01] No expired clients found.
[2026-05-14 17:50:01] No expired clients found.
[2026-05-14 17:51:01] No expired clients found.
[2026-05-14 17:52:01] No expired clients found.
[2026-05-14 17:53:01] No expired clients found.
[2026-05-14 17:54:01] No expired clients found.
[2026-05-14 17:55:01] No expired clients found.
[2026-05-14 17:56:01] No expired clients found.
[2026-05-14 17:57:01] No expired clients found.
[2026-05-14 17:58:01] No expired clients found.
[2026-05-14 17:59:01] No expired clients found.
[2026-05-14 18:00:01] No expired clients found.
[2026-05-14 18:01:01] No expired clients found.
[2026-05-14 18:02:01] No expired clients found.
[2026-05-14 18:03:01] No expired clients found.
[2026-05-14 18:04:01] No expired clients found.
[2026-05-14 18:05:01] No expired clients found.
[2026-05-14 18:06:01] No expired clients found.
[2026-05-14 18:07:01] No expired clients found.
[2026-05-14 18:08:01] No expired clients found.
[2026-05-14 18:09:02] No expired clients found.
[2026-05-14 18:10:01] No expired clients found.
[2026-05-14 18:11:01] No expired clients found.
[2026-05-14 18:12:01] No expired clients found.
[2026-05-14 18:13:01] No expired clients found.
[2026-05-14 18:14:01] No expired clients found.
[2026-05-14 18:15:01] No expired clients found.
[2026-05-14 18:16:02] No expired clients found.
[2026-05-14 18:17:01] No expired clients found.
[2026-05-14 18:18:01] No expired clients found.
[2026-05-14 18:19:01] No expired clients found.
[2026-05-14 18:20:01] No expired clients found.
[2026-05-14 18:21:01] No expired clients found.
[2026-05-14 18:22:01] No expired clients found.
[2026-05-14 18:23:01] No expired clients found.
[2026-05-14 18:24:01] No expired clients found.
[2026-05-14 18:25:01] No expired clients found.
[2026-05-14 18:26:01] No expired clients found.
[2026-05-14 18:27:02] No expired clients found.
[2026-05-14 18:28:01] No expired clients found.
[2026-05-14 18:29:01] No expired clients found.
[2026-05-14 18:30:02] No expired clients found.
[2026-05-14 18:31:01] No expired clients found.
[2026-05-14 18:32:01] No expired clients found.
[2026-05-14 18:33:02] No expired clients found.
[2026-05-14 18:34:01] No expired clients found.
[2026-05-14 18:35:01] No expired clients found.
[2026-05-14 18:36:02] No expired clients found.
[2026-05-14 18:37:01] No expired clients found.
[2026-05-14 18:38:01] No expired clients found.
[2026-05-14 18:39:02] No expired clients found.
[2026-05-14 18:40:01] No expired clients found.
[2026-05-14 18:41:01] No expired clients found.
[2026-05-14 18:42:01] No expired clients found.
[2026-05-14 18:43:01] No expired clients found.
[2026-05-14 18:44:01] No expired clients found.
[2026-05-14 18:45:01] No expired clients found.
[2026-05-14 18:46:01] No expired clients found.
[2026-05-14 18:47:01] No expired clients found.
[2026-05-14 18:48:01] No expired clients found.
[2026-05-14 18:49:01] No expired clients found.
[2026-05-14 18:50:01] No expired clients found.
[2026-05-14 18:51:02] No expired clients found.
[2026-05-14 18:52:01] No expired clients found.
[2026-05-14 18:53:01] No expired clients found.
[2026-05-14 18:54:01] No expired clients found.
[2026-05-14 18:55:03] No expired clients found.
[2026-05-14 18:56:01] No expired clients found.
[2026-05-14 18:57:01] No expired clients found.
[2026-05-14 18:58:01] No expired clients found.
[2026-05-14 18:59:01] No expired clients found.
[2026-05-14 19:00:02] No expired clients found.
[2026-05-14 19:01:01] No expired clients found.
[2026-05-14 19:02:02] No expired clients found.
[2026-05-14 19:03:01] No expired clients found.
[2026-05-14 19:04:01] No expired clients found.
[2026-05-14 19:05:01] No expired clients found.
[2026-05-14 19:06:01] No expired clients found.
[2026-05-14 19:07:01] No expired clients found.
[2026-05-14 19:08:01] No expired clients found.
[2026-05-14 19:09:01] No expired clients found.
[2026-05-14 19:10:01] No expired clients found.
[2026-05-14 19:11:02] No expired clients found.
[2026-05-14 19:12:01] No expired clients found.
[2026-05-14 19:13:01] No expired clients found.
[2026-05-14 19:14:01] No expired clients found.
[2026-05-14 19:15:02] No expired clients found.
[2026-05-14 19:16:01] No expired clients found.
[2026-05-14 19:17:01] No expired clients found.
[2026-05-14 19:18:01] No expired clients found.
[2026-05-14 19:19:01] No expired clients found.
[2026-05-14 19:20:01] No expired clients found.
[2026-05-14 19:21:01] No expired clients found.
[2026-05-14 19:22:01] No expired clients found.
[2026-05-14 19:23:01] No expired clients found.
[2026-05-14 19:24:01] No expired clients found.
[2026-05-14 19:25:02] No expired clients found.
[2026-05-14 19:26:01] No expired clients found.
[2026-05-14 19:27:01] No expired clients found.
[2026-05-14 19:28:01] No expired clients found.
[2026-05-14 19:29:01] No expired clients found.
[2026-05-14 19:30:01] No expired clients found.
[2026-05-14 19:31:01] No expired clients found.
[2026-05-14 19:32:01] No expired clients found.
[2026-05-14 19:33:02] No expired clients found.
[2026-05-14 19:34:01] No expired clients found.
[2026-05-14 19:35:02] No expired clients found.
[2026-05-14 19:36:02] No expired clients found.
[2026-05-14 19:37:01] No expired clients found.
[2026-05-14 19:38:02] No expired clients found.
[2026-05-14 19:39:01] No expired clients found.
[2026-05-14 19:40:01] No expired clients found.
[2026-05-14 19:41:01] No expired clients found.
[2026-05-14 19:42:01] No expired clients found.
[2026-05-14 19:43:01] No expired clients found.
[2026-05-14 19:44:01] No expired clients found.
[2026-05-14 19:45:01] No expired clients found.
[2026-05-14 19:46:01] No expired clients found.
[2026-05-14 19:47:01] No expired clients found.
[2026-05-14 19:48:01] No expired clients found.
[2026-05-14 19:49:01] No expired clients found.
[2026-05-14 19:50:01] No expired clients found.
[2026-05-14 19:51:01] No expired clients found.
[2026-05-14 19:52:01] No expired clients found.
[2026-05-14 19:53:01] No expired clients found.
[2026-05-14 19:54:01] No expired clients found.
[2026-05-14 19:55:01] No expired clients found.
[2026-05-14 19:56:01] No expired clients found.
[2026-05-14 19:57:01] No expired clients found.
[2026-05-14 19:58:01] No expired clients found.
[2026-05-14 19:59:01] No expired clients found.
[2026-05-14 20:00:01] No expired clients found.
[2026-05-14 20:01:01] No expired clients found.
[2026-05-14 20:02:01] No expired clients found.
[2026-05-14 20:03:01] No expired clients found.
[2026-05-14 20:04:01] No expired clients found.
[2026-05-14 20:05:01] No expired clients found.
[2026-05-14 20:06:01] No expired clients found.
[2026-05-14 20:07:01] No expired clients found.
[2026-05-14 20:08:01] No expired clients found.
[2026-05-14 20:09:02] No expired clients found.
[2026-05-14 20:10:01] No expired clients found.
[2026-05-14 20:11:01] No expired clients found.
[2026-05-14 20:12:01] No expired clients found.
[2026-05-14 20:13:01] No expired clients found.
[2026-05-14 20:14:01] No expired clients found.
[2026-05-14 20:15:02] No expired clients found.
[2026-05-14 20:16:01] No expired clients found.
[2026-05-14 20:17:01] No expired clients found.
[2026-05-14 20:18:01] No expired clients found.
[2026-05-14 20:19:01] No expired clients found.
[2026-05-14 20:20:01] No expired clients found.
[2026-05-14 20:21:01] No expired clients found.
[2026-05-14 20:22:02] No expired clients found.
[2026-05-14 20:23:01] No expired clients found.
[2026-05-14 20:24:01] No expired clients found.
[2026-05-14 20:25:01] No expired clients found.
[2026-05-14 20:26:01] No expired clients found.
[2026-05-14 20:27:01] No expired clients found.
[2026-05-14 20:28:01] No expired clients found.
[2026-05-14 20:29:01] No expired clients found.
[2026-05-14 20:30:02] No expired clients found.
[2026-05-14 20:31:01] No expired clients found.
[2026-05-14 20:32:01] No expired clients found.
[2026-05-14 20:33:01] No expired clients found.
[2026-05-14 20:34:01] No expired clients found.
[2026-05-14 20:35:01] No expired clients found.
[2026-05-14 20:36:01] No expired clients found.
[2026-05-14 20:37:01] No expired clients found.
[2026-05-14 20:38:01] No expired clients found.
[2026-05-14 20:39:01] No expired clients found.
[2026-05-14 20:40:01] No expired clients found.
[2026-05-14 20:41:01] No expired clients found.
[2026-05-14 20:42:01] No expired clients found.
[2026-05-14 20:43:01] No expired clients found.
[2026-05-14 20:44:01] No expired clients found.
[2026-05-14 20:45:02] No expired clients found.
[2026-05-14 20:46:01] No expired clients found.
[2026-05-14 20:47:01] No expired clients found.
[2026-05-14 20:48:01] No expired clients found.
[2026-05-14 20:49:01] No expired clients found.
[2026-05-14 20:50:01] No expired clients found.
[2026-05-14 20:51:01] No expired clients found.
[2026-05-14 20:52:01] No expired clients found.
[2026-05-14 20:53:01] No expired clients found.
[2026-05-14 20:54:01] No expired clients found.
[2026-05-14 20:55:02] No expired clients found.
[2026-05-14 20:56:01] No expired clients found.
[2026-05-14 20:57:01] No expired clients found.
[2026-05-14 20:58:01] No expired clients found.
[2026-05-14 20:59:01] No expired clients found.
[2026-05-14 21:00:01] No expired clients found.
[2026-05-14 21:01:01] No expired clients found.
[2026-05-14 21:02:01] No expired clients found.
[2026-05-14 21:03:01] No expired clients found.
[2026-05-14 21:04:01] No expired clients found.
[2026-05-14 21:05:01] No expired clients found.
[2026-05-14 21:06:01] No expired clients found.
[2026-05-14 21:07:01] No expired clients found.
[2026-05-14 21:08:01] No expired clients found.
[2026-05-14 21:09:01] No expired clients found.
[2026-05-14 21:10:01] No expired clients found.
[2026-05-14 21:11:01] No expired clients found.
[2026-05-14 21:12:01] No expired clients found.
[2026-05-14 21:13:01] No expired clients found.
[2026-05-14 21:14:01] No expired clients found.
[2026-05-14 21:15:01] No expired clients found.
[2026-05-14 21:16:01] No expired clients found.
[2026-05-14 21:17:01] No expired clients found.
[2026-05-14 21:18:01] No expired clients found.
[2026-05-14 21:19:02] No expired clients found.
[2026-05-14 21:20:01] No expired clients found.
[2026-05-14 21:21:01] No expired clients found.
[2026-05-14 21:22:01] No expired clients found.
[2026-05-14 21:23:01] No expired clients found.
[2026-05-14 21:24:01] No expired clients found.
[2026-05-14 21:25:01] No expired clients found.
[2026-05-14 21:26:01] No expired clients found.
[2026-05-14 21:27:01] No expired clients found.
[2026-05-14 21:28:01] No expired clients found.
[2026-05-14 21:29:01] No expired clients found.
[2026-05-14 21:30:01] No expired clients found.
[2026-05-14 21:31:01] No expired clients found.
[2026-05-14 21:32:01] No expired clients found.
[2026-05-14 21:33:02] No expired clients found.
[2026-05-14 21:34:01] No expired clients found.
[2026-05-14 21:35:01] No expired clients found.
[2026-05-14 21:36:01] No expired clients found.
[2026-05-14 21:37:01] No expired clients found.
[2026-05-14 21:38:01] No expired clients found.
[2026-05-14 21:39:01] No expired clients found.
[2026-05-14 21:40:01] No expired clients found.
[2026-05-14 21:41:01] No expired clients found.
[2026-05-14 21:42:01] No expired clients found.
[2026-05-14 21:43:01] No expired clients found.
[2026-05-14 21:44:01] No expired clients found.
[2026-05-14 21:45:01] No expired clients found.
[2026-05-14 21:46:01] No expired clients found.
[2026-05-14 21:47:01] No expired clients found.
[2026-05-14 21:48:01] No expired clients found.
[2026-05-14 21:49:01] No expired clients found.
[2026-05-14 21:50:01] No expired clients found.
[2026-05-14 21:51:01] No expired clients found.
[2026-05-14 21:52:01] No expired clients found.
[2026-05-14 21:53:01] No expired clients found.
[2026-05-14 21:54:01] No expired clients found.
[2026-05-14 21:55:01] No expired clients found.
[2026-05-14 21:56:01] No expired clients found.
[2026-05-14 21:57:01] No expired clients found.
[2026-05-14 21:58:01] No expired clients found.
[2026-05-14 21:59:01] No expired clients found.
[2026-05-14 22:00:02] No expired clients found.
[2026-05-14 22:01:01] No expired clients found.
[2026-05-14 22:02:01] No expired clients found.
[2026-05-14 22:03:01] No expired clients found.
[2026-05-14 22:04:02] No expired clients found.
[2026-05-14 22:05:01] No expired clients found.
[2026-05-14 22:06:01] No expired clients found.
[2026-05-14 22:07:02] No expired clients found.
[2026-05-14 22:08:01] No expired clients found.
[2026-05-14 22:09:01] No expired clients found.
[2026-05-14 22:10:01] No expired clients found.
[2026-05-14 22:11:01] No expired clients found.
[2026-05-14 22:12:01] No expired clients found.
[2026-05-14 22:13:01] No expired clients found.
[2026-05-14 22:14:01] No expired clients found.
[2026-05-14 22:15:01] No expired clients found.
[2026-05-14 22:16:01] No expired clients found.
[2026-05-14 22:17:01] No expired clients found.
[2026-05-14 22:18:01] No expired clients found.
[2026-05-14 22:19:01] No expired clients found.
[2026-05-14 22:20:01] No expired clients found.
[2026-05-14 22:21:01] No expired clients found.
[2026-05-14 22:22:01] No expired clients found.
[2026-05-14 22:23:01] No expired clients found.
[2026-05-14 22:24:01] No expired clients found.
[2026-05-14 22:25:01] No expired clients found.
[2026-05-14 22:26:01] No expired clients found.
[2026-05-14 22:27:01] No expired clients found.
[2026-05-14 22:28:01] No expired clients found.
[2026-05-14 22:29:01] No expired clients found.
[2026-05-14 22:30:01] No expired clients found.
[2026-05-14 22:31:01] No expired clients found.
[2026-05-14 22:32:01] No expired clients found.
[2026-05-14 22:33:01] No expired clients found.
[2026-05-14 22:34:01] No expired clients found.
[2026-05-14 22:35:01] No expired clients found.
[2026-05-14 22:36:01] No expired clients found.
[2026-05-14 22:37:01] No expired clients found.
[2026-05-14 22:38:01] No expired clients found.
[2026-05-14 22:39:01] No expired clients found.
[2026-05-14 22:40:01] No expired clients found.
[2026-05-14 22:41:01] No expired clients found.
[2026-05-14 22:42:01] No expired clients found.
[2026-05-14 22:43:01] No expired clients found.
[2026-05-14 22:44:01] No expired clients found.
[2026-05-14 22:45:01] No expired clients found.
[2026-05-14 22:46:01] No expired clients found.
[2026-05-14 22:47:01] No expired clients found.
[2026-05-14 22:48:01] No expired clients found.
[2026-05-14 22:49:01] No expired clients found.
[2026-05-14 22:50:01] No expired clients found.
[2026-05-14 22:51:01] No expired clients found.
[2026-05-14 22:52:01] No expired clients found.
[2026-05-14 22:53:02] No expired clients found.
[2026-05-14 22:54:01] No expired clients found.
[2026-05-14 22:55:01] No expired clients found.
[2026-05-14 22:56:02] No expired clients found.
[2026-05-14 22:57:01] No expired clients found.
[2026-05-14 22:58:01] No expired clients found.
[2026-05-14 22:59:01] No expired clients found.
[2026-05-14 23:00:01] No expired clients found.
[2026-05-14 23:01:01] No expired clients found.
[2026-05-14 23:02:01] No expired clients found.
[2026-05-14 23:03:01] No expired clients found.
[2026-05-14 23:04:01] No expired clients found.
[2026-05-14 23:05:01] No expired clients found.
[2026-05-14 23:06:01] No expired clients found.
[2026-05-14 23:07:01] No expired clients found.
[2026-05-14 23:08:01] No expired clients found.
[2026-05-14 23:09:01] No expired clients found.
[2026-05-14 23:10:01] No expired clients found.
[2026-05-14 23:11:01] No expired clients found.
[2026-05-14 23:12:01] No expired clients found.
[2026-05-14 23:13:01] No expired clients found.
[2026-05-14 23:14:01] No expired clients found.
[2026-05-14 23:15:01] No expired clients found.
[2026-05-14 23:16:01] No expired clients found.
[2026-05-14 23:17:01] No expired clients found.
[2026-05-14 23:18:01] No expired clients found.
[2026-05-14 23:19:01] No expired clients found.
[2026-05-14 23:20:01] No expired clients found.
[2026-05-14 23:21:01] No expired clients found.
[2026-05-14 23:22:01] No expired clients found.
[2026-05-14 23:23:01] No expired clients found.
[2026-05-14 23:24:01] No expired clients found.
[2026-05-14 23:25:01] No expired clients found.
[2026-05-14 23:26:01] No expired clients found.
[2026-05-14 23:27:01] No expired clients found.
[2026-05-14 23:28:01] No expired clients found.
[2026-05-14 23:29:01] No expired clients found.
[2026-05-14 23:30:01] No expired clients found.
[2026-05-14 23:31:01] No expired clients found.
[2026-05-14 23:32:02] No expired clients found.
[2026-05-14 23:33:01] No expired clients found.
[2026-05-14 23:34:01] No expired clients found.
[2026-05-14 23:35:01] No expired clients found.
[2026-05-14 23:36:01] No expired clients found.
[2026-05-14 23:37:01] No expired clients found.
[2026-05-14 23:38:01] No expired clients found.
[2026-05-14 23:39:01] No expired clients found.
[2026-05-14 23:40:01] No expired clients found.
[2026-05-14 23:41:01] No expired clients found.
[2026-05-14 23:42:01] No expired clients found.
[2026-05-14 23:43:01] No expired clients found.
[2026-05-14 23:44:01] No expired clients found.
[2026-05-14 23:45:01] No expired clients found.
[2026-05-14 23:46:01] No expired clients found.
[2026-05-14 23:47:01] No expired clients found.
[2026-05-14 23:48:01] No expired clients found.
[2026-05-14 23:49:01] No expired clients found.
[2026-05-14 23:50:01] No expired clients found.
[2026-05-14 23:51:01] No expired clients found.
[2026-05-14 23:52:01] No expired clients found.
[2026-05-14 23:53:02] No expired clients found.
[2026-05-14 23:54:01] No expired clients found.
[2026-05-14 23:55:01] No expired clients found.
[2026-05-14 23:56:01] No expired clients found.
[2026-05-14 23:57:01] No expired clients found.
[2026-05-14 23:58:01] No expired clients found.
[2026-05-14 23:59:01] No expired clients found.
[2026-05-15 00:00:01] No expired clients found.
[2026-05-15 00:01:02] No expired clients found.
[2026-05-15 00:02:01] No expired clients found.
[2026-05-15 00:03:01] No expired clients found.
[2026-05-15 00:04:01] No expired clients found.
[2026-05-15 00:05:01] No expired clients found.
[2026-05-15 00:06:01] No expired clients found.
[2026-05-15 00:07:01] No expired clients found.
[2026-05-15 00:08:01] No expired clients found.
[2026-05-15 00:09:01] No expired clients found.
[2026-05-15 00:10:01] No expired clients found.
[2026-05-15 00:11:01] No expired clients found.
[2026-05-15 00:12:01] No expired clients found.
[2026-05-15 00:13:01] No expired clients found.
[2026-05-15 00:14:01] No expired clients found.
[2026-05-15 00:15:01] No expired clients found.
[2026-05-15 00:16:01] No expired clients found.
[2026-05-15 00:17:01] No expired clients found.
[2026-05-15 00:18:01] No expired clients found.
[2026-05-15 00:19:01] No expired clients found.
[2026-05-15 00:20:01] No expired clients found.
[2026-05-15 00:21:01] No expired clients found.
[2026-05-15 00:22:01] No expired clients found.
[2026-05-15 00:23:01] No expired clients found.
[2026-05-15 00:24:01] No expired clients found.
[2026-05-15 00:25:01] No expired clients found.
[2026-05-15 00:26:01] No expired clients found.
[2026-05-15 00:27:01] No expired clients found.
[2026-05-15 00:28:01] No expired clients found.
[2026-05-15 00:29:02] No expired clients found.
[2026-05-15 00:30:01] No expired clients found.
[2026-05-15 00:31:01] No expired clients found.
[2026-05-15 00:32:02] No expired clients found.
[2026-05-15 00:33:01] No expired clients found.
[2026-05-15 00:34:01] No expired clients found.
[2026-05-15 00:35:01] No expired clients found.
[2026-05-15 00:36:01] No expired clients found.
[2026-05-15 00:37:01] No expired clients found.
[2026-05-15 00:38:01] No expired clients found.
[2026-05-15 00:39:02] No expired clients found.
[2026-05-15 00:40:01] No expired clients found.
[2026-05-15 00:41:02] No expired clients found.
[2026-05-15 00:42:01] No expired clients found.
[2026-05-15 00:43:01] No expired clients found.
[2026-05-15 00:44:01] No expired clients found.
[2026-05-15 00:45:01] No expired clients found.
[2026-05-15 00:46:01] No expired clients found.
[2026-05-15 00:47:01] No expired clients found.
[2026-05-15 00:48:02] No expired clients found.
[2026-05-15 00:49:01] No expired clients found.
[2026-05-15 00:50:01] No expired clients found.
[2026-05-15 00:51:01] No expired clients found.
[2026-05-15 00:52:01] No expired clients found.
[2026-05-15 00:53:02] No expired clients found.
[2026-05-15 00:54:01] No expired clients found.
[2026-05-15 00:55:01] No expired clients found.
[2026-05-15 00:56:01] No expired clients found.
[2026-05-15 00:57:01] No expired clients found.
[2026-05-15 00:58:01] No expired clients found.
[2026-05-15 00:59:01] No expired clients found.
[2026-05-15 01:00:01] No expired clients found.
[2026-05-15 01:01:01] No expired clients found.
[2026-05-15 01:02:01] No expired clients found.
[2026-05-15 01:03:02] No expired clients found.
[2026-05-15 01:04:01] No expired clients found.
[2026-05-15 01:05:01] No expired clients found.
[2026-05-15 01:06:01] No expired clients found.
[2026-05-15 01:07:01] No expired clients found.
[2026-05-15 01:08:01] No expired clients found.
[2026-05-15 01:09:01] No expired clients found.
[2026-05-15 01:10:02] No expired clients found.
[2026-05-15 01:11:01] No expired clients found.
[2026-05-15 01:12:01] No expired clients found.
[2026-05-15 01:13:01] No expired clients found.
[2026-05-15 01:14:01] No expired clients found.
[2026-05-15 01:15:01] No expired clients found.
[2026-05-15 01:16:01] No expired clients found.
[2026-05-15 01:17:01] No expired clients found.
[2026-05-15 01:18:01] No expired clients found.
[2026-05-15 01:19:01] No expired clients found.
[2026-05-15 01:20:02] No expired clients found.
[2026-05-15 01:21:01] No expired clients found.
[2026-05-15 01:22:01] No expired clients found.
[2026-05-15 01:23:01] No expired clients found.
[2026-05-15 01:24:01] No expired clients found.
[2026-05-15 01:25:01] No expired clients found.
[2026-05-15 01:26:01] No expired clients found.
[2026-05-15 01:27:01] No expired clients found.
[2026-05-15 01:28:01] No expired clients found.
[2026-05-15 01:29:01] No expired clients found.
[2026-05-15 01:30:01] No expired clients found.
[2026-05-15 01:31:01] No expired clients found.
[2026-05-15 01:32:01] No expired clients found.
[2026-05-15 01:33:01] No expired clients found.
[2026-05-15 01:34:01] No expired clients found.
[2026-05-15 01:35:01] No expired clients found.
[2026-05-15 01:36:01] No expired clients found.
[2026-05-15 01:37:01] No expired clients found.
[2026-05-15 01:38:01] No expired clients found.
[2026-05-15 01:39:01] No expired clients found.
[2026-05-15 01:40:01] No expired clients found.
[2026-05-15 01:41:01] No expired clients found.
[2026-05-15 01:42:01] No expired clients found.
[2026-05-15 01:43:01] No expired clients found.
[2026-05-15 01:44:01] No expired clients found.
[2026-05-15 01:45:01] No expired clients found.
[2026-05-15 01:46:02] No expired clients found.
[2026-05-15 01:47:01] No expired clients found.
[2026-05-15 01:48:01] No expired clients found.
[2026-05-15 01:49:01] No expired clients found.
[2026-05-15 01:50:02] No expired clients found.
[2026-05-15 01:51:01] No expired clients found.
[2026-05-15 01:52:01] No expired clients found.
[2026-05-15 01:53:01] No expired clients found.
[2026-05-15 01:54:01] No expired clients found.
[2026-05-15 01:55:02] No expired clients found.
[2026-05-15 01:56:01] No expired clients found.
[2026-05-15 01:57:01] No expired clients found.
[2026-05-15 01:58:01] No expired clients found.
[2026-05-15 01:59:01] No expired clients found.
[2026-05-15 02:00:01] No expired clients found.
[2026-05-15 02:01:02] No expired clients found.
[2026-05-15 02:02:01] No expired clients found.
[2026-05-15 02:03:01] No expired clients found.
[2026-05-15 02:04:01] No expired clients found.
[2026-05-15 02:05:01] No expired clients found.
[2026-05-15 02:06:02] No expired clients found.
[2026-05-15 02:07:01] No expired clients found.
[2026-05-15 02:08:01] No expired clients found.
[2026-05-15 02:09:01] No expired clients found.
[2026-05-15 02:10:01] No expired clients found.
[2026-05-15 02:11:01] No expired clients found.
[2026-05-15 02:12:01] No expired clients found.
[2026-05-15 02:13:01] No expired clients found.
[2026-05-15 02:14:01] No expired clients found.
[2026-05-15 02:15:02] No expired clients found.
[2026-05-15 02:16:01] No expired clients found.
[2026-05-15 02:17:02] No expired clients found.
[2026-05-15 02:18:01] No expired clients found.
[2026-05-15 02:19:01] No expired clients found.
[2026-05-15 02:20:01] No expired clients found.
[2026-05-15 02:21:01] No expired clients found.
[2026-05-15 02:22:01] No expired clients found.
[2026-05-15 02:23:01] No expired clients found.
[2026-05-15 02:24:01] No expired clients found.
[2026-05-15 02:25:02] No expired clients found.
[2026-05-15 02:26:01] No expired clients found.
[2026-05-15 02:27:01] No expired clients found.
[2026-05-15 02:28:01] No expired clients found.
[2026-05-15 02:29:01] No expired clients found.
[2026-05-15 02:30:01] No expired clients found.
[2026-05-15 02:31:01] No expired clients found.
[2026-05-15 02:32:02] No expired clients found.
[2026-05-15 02:33:01] No expired clients found.
[2026-05-15 02:34:01] No expired clients found.
[2026-05-15 02:35:01] No expired clients found.
[2026-05-15 02:36:01] No expired clients found.
[2026-05-15 02:37:01] No expired clients found.
[2026-05-15 02:38:01] No expired clients found.
[2026-05-15 02:39:02] No expired clients found.
[2026-05-15 02:40:01] No expired clients found.
[2026-05-15 02:41:01] No expired clients found.
[2026-05-15 02:42:01] No expired clients found.
[2026-05-15 02:43:01] No expired clients found.
[2026-05-15 02:44:01] No expired clients found.
[2026-05-15 02:45:01] No expired clients found.
[2026-05-15 02:46:01] No expired clients found.
[2026-05-15 02:47:01] No expired clients found.
[2026-05-15 02:48:01] No expired clients found.
[2026-05-15 02:49:01] No expired clients found.
[2026-05-15 02:50:01] No expired clients found.
[2026-05-15 02:51:02] No expired clients found.
[2026-05-15 02:52:01] No expired clients found.
[2026-05-15 02:53:01] No expired clients found.
[2026-05-15 02:54:02] No expired clients found.
[2026-05-15 02:55:02] No expired clients found.
[2026-05-15 02:56:01] No expired clients found.
[2026-05-15 02:57:01] No expired clients found.
[2026-05-15 02:58:02] No expired clients found.
[2026-05-15 02:59:01] No expired clients found.
[2026-05-15 03:00:01] No expired clients found.
[2026-05-15 03:01:01] No expired clients found.
[2026-05-15 03:02:01] No expired clients found.
[2026-05-15 03:03:01] No expired clients found.
[2026-05-15 03:04:01] No expired clients found.
[2026-05-15 03:05:01] No expired clients found.
[2026-05-15 03:06:01] No expired clients found.
[2026-05-15 03:07:01] No expired clients found.
[2026-05-15 03:08:01] No expired clients found.
[2026-05-15 03:09:01] No expired clients found.
[2026-05-15 03:10:01] No expired clients found.
[2026-05-15 03:11:01] No expired clients found.
[2026-05-15 03:12:01] No expired clients found.
[2026-05-15 03:13:01] No expired clients found.
[2026-05-15 03:14:01] No expired clients found.
[2026-05-15 03:15:01] No expired clients found.
[2026-05-15 03:16:01] No expired clients found.
[2026-05-15 03:17:01] No expired clients found.
[2026-05-15 03:18:01] No expired clients found.
[2026-05-15 03:19:01] No expired clients found.
[2026-05-15 03:20:01] No expired clients found.
[2026-05-15 03:21:01] No expired clients found.
[2026-05-15 03:22:01] No expired clients found.
[2026-05-15 03:23:01] No expired clients found.
[2026-05-15 03:24:02] No expired clients found.
[2026-05-15 03:25:01] No expired clients found.
[2026-05-15 03:26:01] No expired clients found.
[2026-05-15 03:27:01] No expired clients found.
[2026-05-15 03:28:01] No expired clients found.
[2026-05-15 03:29:01] No expired clients found.
[2026-05-15 03:30:01] No expired clients found.
[2026-05-15 03:31:01] No expired clients found.
[2026-05-15 03:32:01] No expired clients found.
[2026-05-15 03:33:01] No expired clients found.
[2026-05-15 03:34:02] No expired clients found.
[2026-05-15 03:35:01] No expired clients found.
[2026-05-15 03:36:01] No expired clients found.
[2026-05-15 03:37:01] No expired clients found.
[2026-05-15 03:38:01] No expired clients found.
[2026-05-15 03:39:01] No expired clients found.
[2026-05-15 03:40:01] No expired clients found.
[2026-05-15 03:41:01] No expired clients found.
[2026-05-15 03:42:01] No expired clients found.
[2026-05-15 03:43:01] No expired clients found.
[2026-05-15 03:44:01] No expired clients found.
[2026-05-15 03:45:02] No expired clients found.
[2026-05-15 03:46:01] No expired clients found.
[2026-05-15 03:47:01] No expired clients found.
[2026-05-15 03:48:01] No expired clients found.
[2026-05-15 03:49:02] No expired clients found.
[2026-05-15 03:50:01] No expired clients found.
[2026-05-15 03:51:01] No expired clients found.
[2026-05-15 03:52:02] No expired clients found.
[2026-05-15 03:53:01] No expired clients found.
[2026-05-15 03:54:01] No expired clients found.
[2026-05-15 03:55:01] No expired clients found.
[2026-05-15 03:56:01] No expired clients found.
[2026-05-15 03:57:01] No expired clients found.
[2026-05-15 03:58:01] No expired clients found.
[2026-05-15 03:59:02] No expired clients found.
[2026-05-15 04:00:01] No expired clients found.
[2026-05-15 04:01:02] No expired clients found.
[2026-05-15 04:02:01] No expired clients found.
[2026-05-15 04:03:02] No expired clients found.
[2026-05-15 04:04:01] No expired clients found.
[2026-05-15 04:05:01] No expired clients found.
[2026-05-15 04:06:01] No expired clients found.
[2026-05-15 04:07:01] No expired clients found.
[2026-05-15 04:08:01] No expired clients found.
[2026-05-15 04:09:01] No expired clients found.
[2026-05-15 04:10:01] No expired clients found.
[2026-05-15 04:11:01] No expired clients found.
[2026-05-15 04:12:01] No expired clients found.
[2026-05-15 04:13:01] No expired clients found.
[2026-05-15 04:14:01] No expired clients found.
[2026-05-15 04:15:01] No expired clients found.
[2026-05-15 04:16:01] No expired clients found.
[2026-05-15 04:17:01] No expired clients found.
[2026-05-15 04:18:01] No expired clients found.
[2026-05-15 04:19:02] No expired clients found.
[2026-05-15 04:20:01] No expired clients found.
[2026-05-15 04:21:01] No expired clients found.
[2026-05-15 04:22:02] No expired clients found.
[2026-05-15 04:23:01] No expired clients found.
[2026-05-15 04:24:01] No expired clients found.
[2026-05-15 04:25:01] No expired clients found.
[2026-05-15 04:26:02] No expired clients found.
[2026-05-15 04:27:01] No expired clients found.
[2026-05-15 04:28:01] No expired clients found.
[2026-05-15 04:29:01] No expired clients found.
[2026-05-15 04:30:02] No expired clients found.
[2026-05-15 04:31:01] No expired clients found.
[2026-05-15 04:32:01] No expired clients found.
[2026-05-15 04:33:01] No expired clients found.
[2026-05-15 04:34:01] No expired clients found.
[2026-05-15 04:35:01] No expired clients found.
[2026-05-15 04:36:01] No expired clients found.
[2026-05-15 04:37:01] No expired clients found.
[2026-05-15 04:38:01] No expired clients found.
[2026-05-15 04:39:01] No expired clients found.
[2026-05-15 04:40:01] No expired clients found.
[2026-05-15 04:41:01] No expired clients found.
[2026-05-15 04:42:01] No expired clients found.
[2026-05-15 04:43:50] No expired clients found.
[2026-05-15 04:44:01] No expired clients found.
[2026-05-15 04:45:01] No expired clients found.
[2026-05-15 04:46:01] No expired clients found.
[2026-05-15 04:47:01] No expired clients found.
[2026-05-15 04:48:01] No expired clients found.
[2026-05-15 04:49:01] No expired clients found.
[2026-05-15 04:50:01] No expired clients found.
[2026-05-15 04:51:01] No expired clients found.
[2026-05-15 04:52:01] No expired clients found.
[2026-05-15 04:53:01] No expired clients found.
[2026-05-15 04:54:01] No expired clients found.
[2026-05-15 04:55:01] No expired clients found.
[2026-05-15 04:56:01] No expired clients found.
[2026-05-15 04:57:01] No expired clients found.
[2026-05-15 04:58:01] No expired clients found.
[2026-05-15 04:59:01] No expired clients found.
[2026-05-15 05:00:01] No expired clients found.
[2026-05-15 05:01:01] No expired clients found.
[2026-05-15 05:02:01] No expired clients found.
[2026-05-15 05:03:01] No expired clients found.
[2026-05-15 05:04:01] No expired clients found.
[2026-05-15 05:05:01] No expired clients found.
[2026-05-15 05:06:01] No expired clients found.
[2026-05-15 05:07:01] No expired clients found.
[2026-05-15 05:08:01] No expired clients found.
[2026-05-15 05:09:01] No expired clients found.
[2026-05-15 05:10:01] No expired clients found.
[2026-05-15 05:11:01] No expired clients found.
[2026-05-15 05:12:01] No expired clients found.
[2026-05-15 05:13:01] No expired clients found.
[2026-05-15 05:14:01] No expired clients found.
[2026-05-15 05:15:01] No expired clients found.
[2026-05-15 05:16:01] No expired clients found.
[2026-05-15 05:17:01] No expired clients found.
[2026-05-15 05:18:01] No expired clients found.
[2026-05-15 05:19:01] No expired clients found.
[2026-05-15 05:20:01] No expired clients found.
[2026-05-15 05:21:01] No expired clients found.
[2026-05-15 05:22:01] No expired clients found.
[2026-05-15 05:23:01] No expired clients found.
[2026-05-15 05:24:01] No expired clients found.
[2026-05-15 05:25:01] No expired clients found.
[2026-05-15 05:26:01] No expired clients found.
[2026-05-15 05:27:01] No expired clients found.
[2026-05-15 05:28:01] No expired clients found.
[2026-05-15 05:29:01] No expired clients found.
[2026-05-15 05:30:01] No expired clients found.
[2026-05-15 05:31:01] No expired clients found.
[2026-05-15 05:32:01] No expired clients found.
[2026-05-15 05:33:01] No expired clients found.
[2026-05-15 05:34:01] No expired clients found.
[2026-05-15 05:35:01] No expired clients found.
[2026-05-15 05:36:01] No expired clients found.
[2026-05-15 05:37:01] No expired clients found.
[2026-05-15 05:38:01] No expired clients found.
[2026-05-15 05:39:01] No expired clients found.
[2026-05-15 05:40:01] No expired clients found.
[2026-05-15 05:41:01] No expired clients found.
[2026-05-15 05:42:01] No expired clients found.
[2026-05-15 05:43:01] No expired clients found.
[2026-05-15 05:44:01] No expired clients found.
[2026-05-15 05:45:01] No expired clients found.
[2026-05-15 05:46:01] No expired clients found.
[2026-05-15 05:47:01] No expired clients found.
[2026-05-15 05:48:01] No expired clients found.
[2026-05-15 05:49:01] No expired clients found.
[2026-05-15 05:50:01] No expired clients found.
[2026-05-15 05:51:01] No expired clients found.
[2026-05-15 05:52:01] No expired clients found.
[2026-05-15 05:53:01] No expired clients found.
[2026-05-15 05:54:01] No expired clients found.
[2026-05-15 05:55:01] No expired clients found.
[2026-05-15 05:56:01] No expired clients found.
[2026-05-15 05:57:01] No expired clients found.
[2026-05-15 05:58:01] No expired clients found.
[2026-05-15 05:59:01] No expired clients found.
[2026-05-15 06:00:01] No expired clients found.
[2026-05-15 06:01:01] No expired clients found.
[2026-05-15 06:02:01] No expired clients found.
[2026-05-15 06:03:01] No expired clients found.
[2026-05-15 06:04:01] No expired clients found.
[2026-05-15 06:05:01] No expired clients found.
[2026-05-15 06:06:01] No expired clients found.
[2026-05-15 06:07:01] No expired clients found.
[2026-05-15 06:08:02] No expired clients found.
[2026-05-15 06:09:01] No expired clients found.
[2026-05-15 06:10:01] No expired clients found.
[2026-05-15 06:11:01] No expired clients found.
[2026-05-15 06:12:01] No expired clients found.
[2026-05-15 06:13:01] No expired clients found.
[2026-05-15 06:14:01] No expired clients found.
[2026-05-15 06:15:01] No expired clients found.
[2026-05-15 06:16:01] No expired clients found.
[2026-05-15 06:17:01] No expired clients found.
[2026-05-15 06:18:01] No expired clients found.
[2026-05-15 06:19:01] No expired clients found.
[2026-05-15 06:20:01] No expired clients found.
[2026-05-15 06:21:01] No expired clients found.
[2026-05-15 06:22:01] No expired clients found.
[2026-05-15 06:23:01] No expired clients found.
[2026-05-15 06:24:01] No expired clients found.
[2026-05-15 06:25:01] No expired clients found.
[2026-05-15 06:26:01] No expired clients found.
[2026-05-15 06:27:01] No expired clients found.
[2026-05-15 06:28:01] No expired clients found.
[2026-05-15 06:29:01] No expired clients found.
[2026-05-15 06:30:01] No expired clients found.
[2026-05-15 06:31:01] No expired clients found.
[2026-05-15 06:32:01] No expired clients found.
[2026-05-15 06:33:01] No expired clients found.
[2026-05-15 06:34:01] No expired clients found.
[2026-05-15 06:35:01] No expired clients found.
[2026-05-15 06:36:01] No expired clients found.
[2026-05-15 06:37:01] No expired clients found.
[2026-05-15 06:38:02] No expired clients found.
[2026-05-15 06:39:01] No expired clients found.
[2026-05-15 06:40:01] No expired clients found.
[2026-05-15 06:41:01] No expired clients found.
[2026-05-15 06:42:01] No expired clients found.
[2026-05-15 06:43:01] No expired clients found.
[2026-05-15 06:44:01] No expired clients found.
[2026-05-15 06:45:01] No expired clients found.
[2026-05-15 06:46:01] No expired clients found.
[2026-05-15 06:47:01] No expired clients found.
[2026-05-15 06:48:01] No expired clients found.
[2026-05-15 06:49:01] No expired clients found.
[2026-05-15 06:50:02] No expired clients found.
[2026-05-15 06:51:01] No expired clients found.
[2026-05-15 06:52:01] No expired clients found.
[2026-05-15 06:53:01] No expired clients found.
[2026-05-15 06:54:01] No expired clients found.
[2026-05-15 06:55:01] No expired clients found.
[2026-05-15 06:56:02] No expired clients found.
[2026-05-15 06:57:01] No expired clients found.
[2026-05-15 06:58:01] No expired clients found.
[2026-05-15 06:59:01] No expired clients found.
[2026-05-15 07:00:01] No expired clients found.
[2026-05-15 07:01:01] No expired clients found.
[2026-05-15 07:02:01] No expired clients found.
[2026-05-15 07:03:01] No expired clients found.
[2026-05-15 07:04:02] No expired clients found.
[2026-05-15 07:05:01] No expired clients found.
[2026-05-15 07:06:01] No expired clients found.
[2026-05-15 07:07:01] No expired clients found.
[2026-05-15 07:08:01] No expired clients found.
[2026-05-15 07:09:01] No expired clients found.
[2026-05-15 07:10:01] No expired clients found.
[2026-05-15 07:11:01] No expired clients found.
[2026-05-15 07:12:02] No expired clients found.
[2026-05-15 07:13:01] No expired clients found.
[2026-05-15 07:14:01] No expired clients found.
[2026-05-15 07:15:01] No expired clients found.
[2026-05-15 07:16:01] No expired clients found.
[2026-05-15 07:17:01] No expired clients found.
[2026-05-15 07:18:01] No expired clients found.
[2026-05-15 07:19:01] No expired clients found.
[2026-05-15 07:20:01] No expired clients found.
[2026-05-15 07:21:01] No expired clients found.
[2026-05-15 07:22:01] No expired clients found.
[2026-05-15 07:23:01] No expired clients found.
[2026-05-15 07:24:01] No expired clients found.
[2026-05-15 07:25:01] No expired clients found.
[2026-05-15 07:26:01] No expired clients found.
[2026-05-15 07:27:01] No expired clients found.
[2026-05-15 07:28:01] No expired clients found.
[2026-05-15 07:29:01] No expired clients found.
[2026-05-15 07:30:01] No expired clients found.
[2026-05-15 07:31:01] No expired clients found.
[2026-05-15 07:32:01] No expired clients found.
[2026-05-15 07:33:01] No expired clients found.
[2026-05-15 07:34:01] No expired clients found.
[2026-05-15 07:35:02] No expired clients found.
[2026-05-15 07:36:01] No expired clients found.
[2026-05-15 07:37:01] No expired clients found.
[2026-05-15 07:38:01] No expired clients found.
[2026-05-15 07:39:02] No expired clients found.
[2026-05-15 07:40:01] No expired clients found.
[2026-05-15 07:41:01] No expired clients found.
[2026-05-15 07:42:01] No expired clients found.
[2026-05-15 07:43:01] No expired clients found.
[2026-05-15 07:44:01] No expired clients found.
[2026-05-15 07:45:01] No expired clients found.
[2026-05-15 07:46:01] No expired clients found.
[2026-05-15 07:47:01] No expired clients found.
[2026-05-15 07:48:01] No expired clients found.
[2026-05-15 07:49:01] No expired clients found.
[2026-05-15 07:50:01] No expired clients found.
[2026-05-15 07:51:01] No expired clients found.
[2026-05-15 07:52:01] No expired clients found.
[2026-05-15 07:53:01] No expired clients found.
[2026-05-15 07:54:01] No expired clients found.
[2026-05-15 07:55:01] No expired clients found.
[2026-05-15 07:56:01] No expired clients found.
[2026-05-15 07:57:01] No expired clients found.
[2026-05-15 07:58:02] No expired clients found.
[2026-05-15 07:59:01] No expired clients found.
[2026-05-15 08:00:01] No expired clients found.
[2026-05-15 08:01:01] No expired clients found.
[2026-05-15 08:02:01] No expired clients found.
[2026-05-15 08:03:01] No expired clients found.
[2026-05-15 08:04:01] No expired clients found.
[2026-05-15 08:05:01] No expired clients found.
[2026-05-15 08:06:01] No expired clients found.
[2026-05-15 08:07:01] No expired clients found.
[2026-05-15 08:08:01] No expired clients found.
[2026-05-15 08:09:01] No expired clients found.
[2026-05-15 08:10:01] No expired clients found.
[2026-05-15 08:11:01] No expired clients found.
[2026-05-15 08:12:01] No expired clients found.
[2026-05-15 08:13:01] No expired clients found.
[2026-05-15 08:14:02] No expired clients found.
[2026-05-15 08:15:01] No expired clients found.
[2026-05-15 08:16:01] No expired clients found.
[2026-05-15 08:17:01] No expired clients found.
[2026-05-15 08:18:01] No expired clients found.
[2026-05-15 08:19:01] No expired clients found.
[2026-05-15 08:20:01] No expired clients found.
[2026-05-15 08:21:01] No expired clients found.
[2026-05-15 08:22:01] No expired clients found.
[2026-05-15 08:23:01] No expired clients found.
[2026-05-15 08:24:01] No expired clients found.
[2026-05-15 08:25:01] No expired clients found.
[2026-05-15 08:26:01] No expired clients found.
[2026-05-15 08:27:01] No expired clients found.
[2026-05-15 08:28:01] No expired clients found.
[2026-05-15 08:29:01] No expired clients found.
[2026-05-15 08:30:01] No expired clients found.
[2026-05-15 08:31:01] No expired clients found.
[2026-05-15 08:32:01] No expired clients found.
[2026-05-15 08:33:01] No expired clients found.
[2026-05-15 08:34:01] No expired clients found.
[2026-05-15 08:35:01] No expired clients found.
[2026-05-15 08:36:01] No expired clients found.
[2026-05-15 08:37:01] No expired clients found.
[2026-05-15 08:38:01] No expired clients found.
[2026-05-15 08:39:01] No expired clients found.
[2026-05-15 08:40:01] No expired clients found.
[2026-05-15 08:41:01] No expired clients found.
[2026-05-15 08:42:01] No expired clients found.
[2026-05-15 08:43:01] No expired clients found.
[2026-05-15 08:44:01] No expired clients found.
[2026-05-15 08:45:01] No expired clients found.
[2026-05-15 08:46:01] No expired clients found.
[2026-05-15 08:47:01] No expired clients found.
[2026-05-15 08:48:01] No expired clients found.
[2026-05-15 08:49:01] No expired clients found.
[2026-05-15 08:50:01] No expired clients found.
[2026-05-15 08:51:01] No expired clients found.
[2026-05-15 08:52:01] No expired clients found.
[2026-05-15 08:53:01] No expired clients found.
[2026-05-15 08:54:01] No expired clients found.
[2026-05-15 08:55:01] No expired clients found.
[2026-05-15 08:56:01] No expired clients found.
[2026-05-15 08:57:01] No expired clients found.
[2026-05-15 08:58:01] No expired clients found.
[2026-05-15 08:59:01] No expired clients found.
[2026-05-15 09:00:01] No expired clients found.
[2026-05-15 09:01:01] No expired clients found.
[2026-05-15 09:02:01] No expired clients found.
[2026-05-15 09:03:01] No expired clients found.
[2026-05-15 09:04:01] No expired clients found.
[2026-05-15 09:05:01] No expired clients found.
[2026-05-15 09:06:01] No expired clients found.
[2026-05-15 09:07:01] No expired clients found.
[2026-05-15 09:08:01] No expired clients found.
[2026-05-15 09:09:01] No expired clients found.
[2026-05-15 09:10:02] No expired clients found.
[2026-05-15 09:11:01] No expired clients found.
[2026-05-15 09:12:01] No expired clients found.
[2026-05-15 09:13:01] No expired clients found.
[2026-05-15 09:14:01] No expired clients found.
[2026-05-15 09:15:01] No expired clients found.
[2026-05-15 09:16:01] No expired clients found.
[2026-05-15 09:17:01] No expired clients found.
[2026-05-15 09:18:01] No expired clients found.
[2026-05-15 09:19:01] No expired clients found.
[2026-05-15 09:20:01] No expired clients found.
[2026-05-15 09:21:01] No expired clients found.
[2026-05-15 09:22:02] No expired clients found.
[2026-05-15 09:23:01] No expired clients found.
[2026-05-15 09:24:01] No expired clients found.
[2026-05-15 09:25:01] No expired clients found.
[2026-05-15 09:26:01] No expired clients found.
[2026-05-15 09:27:01] No expired clients found.
[2026-05-15 09:28:01] No expired clients found.
[2026-05-15 09:29:01] No expired clients found.
[2026-05-15 09:30:02] No expired clients found.
[2026-05-15 09:31:01] No expired clients found.
[2026-05-15 09:32:01] No expired clients found.
[2026-05-15 09:33:01] No expired clients found.
[2026-05-15 09:34:01] No expired clients found.
[2026-05-15 09:35:01] No expired clients found.
[2026-05-15 09:36:02] No expired clients found.
[2026-05-15 09:37:01] No expired clients found.
[2026-05-15 09:38:01] No expired clients found.
[2026-05-15 09:39:01] No expired clients found.
[2026-05-15 09:40:01] No expired clients found.
[2026-05-15 09:41:01] No expired clients found.
[2026-05-15 09:42:01] No expired clients found.
[2026-05-15 09:43:02] No expired clients found.
[2026-05-15 09:44:01] No expired clients found.
[2026-05-15 09:45:01] No expired clients found.
[2026-05-15 09:46:01] No expired clients found.
[2026-05-15 09:47:01] No expired clients found.
[2026-05-15 09:48:01] No expired clients found.
[2026-05-15 09:49:01] No expired clients found.
[2026-05-15 09:50:02] No expired clients found.
[2026-05-15 09:51:01] No expired clients found.
[2026-05-15 09:52:01] No expired clients found.
[2026-05-15 09:53:01] No expired clients found.
[2026-05-15 09:54:01] No expired clients found.
[2026-05-15 09:55:01] No expired clients found.
[2026-05-15 09:56:01] No expired clients found.
[2026-05-15 09:57:02] No expired clients found.
[2026-05-15 09:58:01] No expired clients found.
[2026-05-15 09:59:01] No expired clients found.
[2026-05-15 10:00:01] No expired clients found.
[2026-05-15 10:01:01] No expired clients found.
[2026-05-15 10:02:01] No expired clients found.
[2026-05-15 10:40:01] No expired clients found.
[2026-05-15 10:41:01] No expired clients found.
[2026-05-15 10:42:01] No expired clients found.
[2026-05-15 10:43:02] No expired clients found.
[2026-05-15 10:44:01] No expired clients found.
[2026-05-15 10:45:01] No expired clients found.
[2026-05-15 10:46:01] No expired clients found.
[2026-05-15 10:47:01] No expired clients found.
[2026-05-15 10:48:01] No expired clients found.
[2026-05-15 10:49:01] No expired clients found.
[2026-05-15 10:50:02] No expired clients found.
[2026-05-15 10:51:01] No expired clients found.
[2026-05-15 10:52:01] No expired clients found.
[2026-05-15 10:53:01] No expired clients found.
[2026-05-15 10:54:01] No expired clients found.
[2026-05-15 10:55:02] No expired clients found.
[2026-05-15 10:56:01] No expired clients found.
[2026-05-15 10:57:01] No expired clients found.
[2026-05-15 10:58:02] No expired clients found.
[2026-05-15 10:59:01] No expired clients found.
[2026-05-15 11:00:01] No expired clients found.
[2026-05-15 11:01:01] No expired clients found.
[2026-05-15 11:02:01] No expired clients found.
[2026-05-15 11:03:01] No expired clients found.
[2026-05-15 11:04:01] No expired clients found.
[2026-05-15 11:05:01] No expired clients found.
[2026-05-15 11:06:01] No expired clients found.
[2026-05-15 11:07:01] No expired clients found.
[2026-05-15 11:08:01] No expired clients found.
[2026-05-15 11:09:01] No expired clients found.
[2026-05-15 11:10:01] No expired clients found.
[2026-05-15 11:11:01] No expired clients found.
[2026-05-15 11:12:01] No expired clients found.
[2026-05-15 11:13:01] No expired clients found.
[2026-05-15 11:14:01] No expired clients found.
[2026-05-15 11:15:01] No expired clients found.
[2026-05-15 11:16:01] No expired clients found.
[2026-05-15 11:17:01] No expired clients found.
[2026-05-15 11:18:01] No expired clients found.
[2026-05-15 11:19:02] No expired clients found.
[2026-05-15 11:20:01] No expired clients found.
[2026-05-15 11:21:01] No expired clients found.
[2026-05-15 11:22:01] No expired clients found.
[2026-05-15 11:23:01] No expired clients found.
[2026-05-15 11:24:01] No expired clients found.
[2026-05-15 11:25:01] No expired clients found.
[2026-05-15 11:26:01] No expired clients found.
[2026-05-15 11:27:02] No expired clients found.
[2026-05-15 11:28:01] No expired clients found.
[2026-05-15 11:29:01] No expired clients found.
[2026-05-15 11:30:01] No expired clients found.
[2026-05-15 11:31:01] No expired clients found.
[2026-05-15 11:32:01] No expired clients found.
[2026-05-15 11:33:01] No expired clients found.
[2026-05-15 11:34:01] No expired clients found.
[2026-05-15 11:35:01] No expired clients found.
[2026-05-15 11:36:02] No expired clients found.
[2026-05-15 11:37:01] No expired clients found.
[2026-05-15 11:38:01] No expired clients found.
[2026-05-15 11:39:01] No expired clients found.
[2026-05-15 11:40:01] No expired clients found.
[2026-05-15 11:41:01] No expired clients found.
[2026-05-15 11:42:01] No expired clients found.
[2026-05-15 11:43:01] No expired clients found.
[2026-05-15 11:44:01] No expired clients found.
[2026-05-15 11:45:01] No expired clients found.
[2026-05-15 11:46:01] No expired clients found.
[2026-05-15 11:47:01] No expired clients found.
[2026-05-15 11:48:01] No expired clients found.
[2026-05-15 11:49:01] No expired clients found.
[2026-05-15 11:50:02] No expired clients found.
[2026-05-15 11:51:01] No expired clients found.
[2026-05-15 11:52:01] No expired clients found.
[2026-05-15 11:53:01] No expired clients found.
[2026-05-15 11:54:01] No expired clients found.
[2026-05-15 11:55:02] No expired clients found.
[2026-05-15 11:56:01] No expired clients found.
[2026-05-15 11:57:01] No expired clients found.
[2026-05-15 11:58:01] No expired clients found.
[2026-05-15 11:59:01] No expired clients found.
[2026-05-15 12:00:01] No expired clients found.
[2026-05-15 12:01:01] No expired clients found.
[2026-05-15 12:02:01] No expired clients found.
[2026-05-15 12:03:01] No expired clients found.
[2026-05-15 12:04:02] No expired clients found.
[2026-05-15 12:05:01] No expired clients found.
[2026-05-15 12:06:09] No expired clients found.
[2026-05-15 12:07:01] No expired clients found.
[2026-05-15 12:08:02] No expired clients found.
[2026-05-15 12:09:01] No expired clients found.
[2026-05-15 12:10:01] No expired clients found.
[2026-05-15 12:11:01] No expired clients found.
[2026-05-15 12:12:01] No expired clients found.
[2026-05-15 12:13:01] No expired clients found.
[2026-05-15 12:14:02] No expired clients found.
[2026-05-15 12:15:01] No expired clients found.
[2026-05-15 12:16:01] No expired clients found.
[2026-05-15 12:17:01] No expired clients found.
[2026-05-15 12:18:01] No expired clients found.
[2026-05-15 12:19:01] No expired clients found.
[2026-05-15 12:20:01] No expired clients found.
[2026-05-15 12:21:02] No expired clients found.
[2026-05-15 12:22:01] No expired clients found.
[2026-05-15 12:23:01] No expired clients found.
[2026-05-15 12:24:01] No expired clients found.
[2026-05-15 12:25:02] No expired clients found.
[2026-05-15 12:26:02] No expired clients found.
[2026-05-15 12:27:02] No expired clients found.
[2026-05-15 12:28:01] No expired clients found.
[2026-05-15 12:29:01] No expired clients found.
[2026-05-15 12:30:02] No expired clients found.
[2026-05-15 12:31:01] No expired clients found.
[2026-05-15 12:32:02] No expired clients found.
[2026-05-15 12:33:01] No expired clients found.
[2026-05-15 12:34:02] No expired clients found.
[2026-05-15 12:35:01] No expired clients found.
[2026-05-15 12:36:49] No expired clients found.
[2026-05-15 12:37:01] No expired clients found.
[2026-05-15 12:38:01] No expired clients found.
[2026-05-15 12:39:01] No expired clients found.
[2026-05-15 12:40:01] No expired clients found.
[2026-05-15 12:41:01] No expired clients found.
[2026-05-15 12:42:01] No expired clients found.
[2026-05-15 12:43:02] No expired clients found.
[2026-05-15 12:44:20] No expired clients found.
[2026-05-15 12:45:01] No expired clients found.
[2026-05-15 12:46:01] No expired clients found.
[2026-05-15 12:47:01] No expired clients found.
[2026-05-15 12:48:01] No expired clients found.
[2026-05-15 12:49:02] No expired clients found.
[2026-05-15 12:50:01] No expired clients found.
[2026-05-15 12:51:02] No expired clients found.
[2026-05-15 12:52:01] No expired clients found.
[2026-05-15 12:53:01] No expired clients found.
[2026-05-15 12:54:02] No expired clients found.
[2026-05-15 12:55:01] No expired clients found.
[2026-05-15 12:56:01] No expired clients found.
[2026-05-15 12:57:02] No expired clients found.
[2026-05-15 12:58:01] No expired clients found.
[2026-05-15 12:59:01] No expired clients found.
[2026-05-15 13:00:01] No expired clients found.
[2026-05-15 13:01:01] No expired clients found.
[2026-05-15 13:02:01] No expired clients found.
[2026-05-15 13:03:01] No expired clients found.
[2026-05-15 13:04:01] No expired clients found.
[2026-05-15 13:05:01] No expired clients found.
[2026-05-15 13:06:01] No expired clients found.
[2026-05-15 13:07:02] No expired clients found.
[2026-05-15 13:08:01] No expired clients found.
[2026-05-15 13:09:01] No expired clients found.
[2026-05-15 13:10:01] No expired clients found.
[2026-05-15 13:11:01] No expired clients found.
[2026-05-15 13:12:01] No expired clients found.
[2026-05-15 13:13:01] No expired clients found.
[2026-05-15 13:14:01] No expired clients found.
[2026-05-15 13:15:02] No expired clients found.
[2026-05-15 13:16:01] No expired clients found.
[2026-05-15 13:17:01] No expired clients found.
[2026-05-15 13:18:01] No expired clients found.
[2026-05-15 13:19:02] No expired clients found.
[2026-05-15 13:20:01] No expired clients found.
[2026-05-15 13:21:01] No expired clients found.
[2026-05-15 13:22:01] No expired clients found.
[2026-05-15 13:23:01] No expired clients found.
[2026-05-15 13:24:02] No expired clients found.
[2026-05-15 13:25:01] No expired clients found.
[2026-05-15 13:26:02] No expired clients found.
[2026-05-15 13:27:01] No expired clients found.
[2026-05-15 13:28:01] No expired clients found.
[2026-05-15 13:29:01] No expired clients found.
[2026-05-15 13:30:01] No expired clients found.
[2026-05-15 13:31:01] No expired clients found.
[2026-05-15 13:32:01] No expired clients found.
[2026-05-15 13:33:02] No expired clients found.
[2026-05-15 13:34:01] No expired clients found.
[2026-05-15 13:35:01] No expired clients found.
[2026-05-15 13:36:01] No expired clients found.
[2026-05-15 13:37:01] No expired clients found.
[2026-05-15 13:38:01] No expired clients found.
[2026-05-15 13:39:02] No expired clients found.
[2026-05-15 13:40:01] No expired clients found.
[2026-05-15 13:41:01] No expired clients found.
[2026-05-15 13:42:01] No expired clients found.
[2026-05-15 13:43:02] No expired clients found.
[2026-05-15 13:44:01] No expired clients found.
[2026-05-15 13:45:01] No expired clients found.
[2026-05-15 13:46:01] No expired clients found.
[2026-05-15 13:47:01] No expired clients found.
[2026-05-15 13:48:01] No expired clients found.
[2026-05-15 13:49:01] No expired clients found.
[2026-05-15 13:50:02] No expired clients found.
[2026-05-15 13:51:01] No expired clients found.
[2026-05-15 13:52:01] No expired clients found.
[2026-05-15 13:53:01] No expired clients found.
[2026-05-15 13:54:01] No expired clients found.
[2026-05-15 13:55:01] No expired clients found.
[2026-05-15 13:56:01] No expired clients found.
[2026-05-15 13:57:02] No expired clients found.
[2026-05-15 13:58:01] No expired clients found.
[2026-05-15 13:59:01] No expired clients found.
[2026-05-15 14:00:01] No expired clients found.
[2026-05-15 14:01:01] No expired clients found.
[2026-05-15 14:02:02] No expired clients found.
[2026-05-15 14:03:01] No expired clients found.
[2026-05-15 14:04:01] No expired clients found.
[2026-05-15 14:05:01] No expired clients found.
[2026-05-15 14:06:01] No expired clients found.
[2026-05-15 14:07:01] No expired clients found.
[2026-05-15 14:08:01] No expired clients found.
[2026-05-15 14:09:01] No expired clients found.
[2026-05-15 14:10:01] No expired clients found.
[2026-05-15 14:11:01] No expired clients found.
[2026-05-15 14:12:02] No expired clients found.
[2026-05-15 14:13:01] No expired clients found.
[2026-05-15 14:14:01] No expired clients found.
[2026-05-15 14:15:02] No expired clients found.
[2026-05-15 14:16:01] No expired clients found.
[2026-05-15 14:17:01] No expired clients found.
[2026-05-15 14:18:01] No expired clients found.
[2026-05-15 14:19:01] No expired clients found.
[2026-05-15 14:20:01] No expired clients found.
[2026-05-15 14:21:01] No expired clients found.
[2026-05-15 14:22:01] No expired clients found.
[2026-05-15 14:23:01] No expired clients found.
[2026-05-15 14:24:02] No expired clients found.
[2026-05-15 14:25:01] No expired clients found.
[2026-05-15 14:26:02] No expired clients found.
[2026-05-15 14:27:01] No expired clients found.
[2026-05-15 14:28:01] No expired clients found.
[2026-05-15 14:29:01] No expired clients found.
[2026-05-15 14:30:01] No expired clients found.
[2026-05-15 14:31:01] No expired clients found.
[2026-05-15 14:32:01] No expired clients found.
[2026-05-15 14:33:01] No expired clients found.
[2026-05-15 14:34:01] No expired clients found.
[2026-05-15 14:35:01] No expired clients found.
[2026-05-15 14:36:01] No expired clients found.
[2026-05-15 14:37:01] No expired clients found.
[2026-05-15 14:38:01] No expired clients found.
[2026-05-15 14:39:01] No expired clients found.
[2026-05-15 14:40:01] No expired clients found.
[2026-05-15 14:41:01] No expired clients found.
[2026-05-15 14:42:01] No expired clients found.
[2026-05-15 14:43:01] No expired clients found.
[2026-05-15 14:44:01] No expired clients found.
[2026-05-15 14:45:01] No expired clients found.
[2026-05-15 14:46:02] No expired clients found.
[2026-05-15 14:47:01] No expired clients found.
[2026-05-15 14:48:01] No expired clients found.
[2026-05-15 14:49:02] No expired clients found.
[2026-05-15 14:50:01] No expired clients found.
[2026-05-15 14:51:01] No expired clients found.
[2026-05-15 14:52:01] No expired clients found.
[2026-05-15 14:53:01] No expired clients found.
[2026-05-15 14:54:01] No expired clients found.
[2026-05-15 14:55:01] No expired clients found.
[2026-05-15 14:56:02] No expired clients found.
[2026-05-15 14:57:01] No expired clients found.
[2026-05-15 14:58:02] Expired client disabled: MH-7A878BCF
[2026-05-15 14:59:01] No expired clients found.
[2026-05-15 15:00:01] No expired clients found.
[2026-05-15 15:01:01] No expired clients found.
[2026-05-15 15:02:01] No expired clients found.
[2026-05-15 15:03:02] No expired clients found.
[2026-05-15 15:04:01] No expired clients found.
[2026-05-15 15:05:01] No expired clients found.
[2026-05-15 15:06:01] No expired clients found.
[2026-05-15 15:07:01] No expired clients found.
[2026-05-15 15:08:02] No expired clients found.
[2026-05-15 15:09:02] No expired clients found.
[2026-05-15 15:10:02] No expired clients found.
[2026-05-15 15:11:01] No expired clients found.
[2026-05-15 15:14:02] No expired clients found.
[2026-05-15 15:15:02] No expired clients found.
[2026-05-15 15:16:01] No expired clients found.
[2026-05-15 15:17:01] No expired clients found.
[2026-05-15 15:18:02] No expired clients found.
[2026-05-15 15:19:01] No expired clients found.
[2026-05-15 15:20:02] No expired clients found.
[2026-05-15 15:21:01] No expired clients found.
[2026-05-15 15:22:01] No expired clients found.
[2026-05-15 15:23:02] No expired clients found.
[2026-05-15 15:24:02] No expired clients found.
[2026-05-15 15:25:01] No expired clients found.
[2026-05-15 15:26:01] No expired clients found.
[2026-05-15 15:27:01] No expired clients found.
[2026-05-15 15:28:01] No expired clients found.
[2026-05-15 15:29:01] No expired clients found.
[2026-05-15 15:30:01] No expired clients found.
[2026-05-15 15:31:01] No expired clients found.
[2026-05-15 15:32:01] No expired clients found.
[2026-05-15 15:33:01] No expired clients found.
[2026-05-15 15:34:02] No expired clients found.
[2026-05-15 15:35:01] No expired clients found.
[2026-05-15 15:36:01] No expired clients found.
[2026-05-15 15:37:01] No expired clients found.
[2026-05-15 15:38:02] No expired clients found.
[2026-05-15 15:39:01] No expired clients found.
[2026-05-15 15:40:01] No expired clients found.
[2026-05-15 15:41:01] No expired clients found.
[2026-05-15 15:42:01] No expired clients found.
[2026-05-15 15:43:01] No expired clients found.
[2026-05-15 15:44:01] No expired clients found.
[2026-05-15 15:45:01] No expired clients found.
[2026-05-15 15:46:01] No expired clients found.
[2026-05-15 15:47:01] No expired clients found.
[2026-05-15 15:48:02] No expired clients found.
[2026-05-15 15:49:01] No expired clients found.
[2026-05-15 15:50:01] No expired clients found.
[2026-05-15 15:51:01] No expired clients found.
[2026-05-15 15:52:01] No expired clients found.
[2026-05-15 15:53:01] No expired clients found.
[2026-05-15 15:54:01] No expired clients found.
[2026-05-15 15:55:01] No expired clients found.
[2026-05-15 15:56:01] No expired clients found.
[2026-05-15 15:57:01] No expired clients found.
[2026-05-15 15:58:02] No expired clients found.
[2026-05-15 15:59:01] No expired clients found.
[2026-05-15 16:00:02] No expired clients found.
[2026-05-15 16:01:01] No expired clients found.
[2026-05-15 16:02:01] No expired clients found.
[2026-05-15 16:03:01] No expired clients found.
[2026-05-15 16:04:01] No expired clients found.
[2026-05-15 16:05:01] No expired clients found.
[2026-05-15 16:06:01] No expired clients found.
[2026-05-15 16:07:01] No expired clients found.
[2026-05-15 16:08:01] No expired clients found.
[2026-05-15 16:09:01] No expired clients found.
[2026-05-15 16:10:01] No expired clients found.
[2026-05-15 16:11:01] No expired clients found.
[2026-05-15 16:12:01] No expired clients found.
[2026-05-15 16:13:02] No expired clients found.
[2026-05-15 16:14:01] No expired clients found.
[2026-05-15 16:15:01] No expired clients found.
[2026-05-15 16:16:01] No expired clients found.
[2026-05-15 16:17:01] No expired clients found.
[2026-05-15 16:18:01] No expired clients found.
[2026-05-15 16:19:01] No expired clients found.
[2026-05-15 16:20:01] No expired clients found.
[2026-05-15 16:21:01] No expired clients found.
[2026-05-15 16:22:01] No expired clients found.
[2026-05-15 16:23:01] No expired clients found.
[2026-05-15 16:24:01] No expired clients found.
[2026-05-15 16:25:01] No expired clients found.
[2026-05-15 16:26:02] No expired clients found.
[2026-05-15 16:27:01] No expired clients found.
[2026-05-15 16:28:01] No expired clients found.
[2026-05-15 16:29:01] No expired clients found.
[2026-05-15 16:30:01] No expired clients found.
[2026-05-15 16:31:01] No expired clients found.
[2026-05-15 16:32:02] No expired clients found.
[2026-05-15 16:33:01] No expired clients found.
[2026-05-15 16:34:01] No expired clients found.
[2026-05-15 16:35:01] No expired clients found.
[2026-05-15 16:36:01] No expired clients found.
[2026-05-15 16:37:01] No expired clients found.
[2026-05-15 16:38:01] No expired clients found.
[2026-05-15 16:39:02] No expired clients found.
[2026-05-15 16:40:02] No expired clients found.
[2026-05-15 16:41:01] No expired clients found.
[2026-05-15 16:42:01] No expired clients found.
[2026-05-15 16:43:01] No expired clients found.
[2026-05-15 16:44:01] No expired clients found.
[2026-05-15 16:45:01] No expired clients found.
[2026-05-15 16:46:01] No expired clients found.
[2026-05-15 16:47:01] No expired clients found.
[2026-05-15 16:48:02] No expired clients found.
[2026-05-15 16:49:01] No expired clients found.
[2026-05-15 16:50:02] No expired clients found.
[2026-05-15 16:51:01] No expired clients found.
[2026-05-15 16:52:01] No expired clients found.
[2026-05-15 16:53:01] No expired clients found.
[2026-05-15 16:54:01] No expired clients found.
[2026-05-15 16:55:01] No expired clients found.
[2026-05-15 16:56:01] No expired clients found.
[2026-05-15 16:57:01] No expired clients found.
[2026-05-15 16:58:01] No expired clients found.
[2026-05-15 16:59:01] No expired clients found.
[2026-05-15 17:00:01] No expired clients found.
[2026-05-15 17:01:02] No expired clients found.
[2026-05-15 17:02:02] No expired clients found.
[2026-05-15 17:03:01] No expired clients found.
[2026-05-15 17:04:01] No expired clients found.
[2026-05-15 17:05:01] No expired clients found.
[2026-05-15 17:06:01] No expired clients found.
[2026-05-15 17:07:02] No expired clients found.
[2026-05-15 17:08:01] No expired clients found.
[2026-05-15 17:09:01] No expired clients found.
[2026-05-15 17:10:01] No expired clients found.
[2026-05-15 17:11:01] No expired clients found.
[2026-05-15 17:12:02] No expired clients found.
[2026-05-15 17:13:01] No expired clients found.
[2026-05-15 17:14:01] No expired clients found.
[2026-05-15 17:15:01] No expired clients found.
[2026-05-15 17:16:01] No expired clients found.
[2026-05-15 17:17:02] No expired clients found.
[2026-05-15 17:18:01] No expired clients found.
[2026-05-15 17:19:01] No expired clients found.
[2026-05-15 17:20:01] No expired clients found.
[2026-05-15 17:21:01] No expired clients found.
[2026-05-15 17:22:01] No expired clients found.
[2026-05-15 17:23:01] No expired clients found.
[2026-05-15 17:24:02] No expired clients found.
[2026-05-15 17:25:01] No expired clients found.
[2026-05-15 17:26:01] No expired clients found.
[2026-05-15 17:27:01] No expired clients found.
[2026-05-15 17:28:01] No expired clients found.
[2026-05-15 17:29:01] No expired clients found.
[2026-05-15 17:30:01] No expired clients found.
[2026-05-15 17:31:01] No expired clients found.
[2026-05-15 17:32:01] No expired clients found.
[2026-05-15 17:33:02] No expired clients found.
[2026-05-15 17:34:01] No expired clients found.
[2026-05-15 17:35:01] No expired clients found.
[2026-05-15 17:36:01] No expired clients found.
[2026-05-15 17:37:01] No expired clients found.
[2026-05-15 17:38:01] No expired clients found.
[2026-05-15 17:39:01] No expired clients found.
[2026-05-15 17:40:01] No expired clients found.
[2026-05-15 17:41:02] No expired clients found.
[2026-05-15 17:42:01] No expired clients found.
[2026-05-15 17:43:02] No expired clients found.
[2026-05-15 17:44:01] No expired clients found.
[2026-05-15 17:45:01] No expired clients found.
[2026-05-15 17:46:01] No expired clients found.
[2026-05-15 17:47:02] No expired clients found.
[2026-05-15 17:48:01] No expired clients found.
[2026-05-15 17:49:01] No expired clients found.
[2026-05-15 17:50:01] No expired clients found.
[2026-05-15 17:51:01] No expired clients found.
[2026-05-15 17:52:02] No expired clients found.
[2026-05-15 17:53:01] No expired clients found.
[2026-05-15 17:54:02] No expired clients found.
[2026-05-15 17:55:01] No expired clients found.
[2026-05-15 17:56:01] No expired clients found.
[2026-05-15 17:57:01] No expired clients found.
[2026-05-15 17:58:01] No expired clients found.
[2026-05-15 17:59:01] No expired clients found.
[2026-05-15 18:00:01] No expired clients found.
[2026-05-15 18:01:02] No expired clients found.
[2026-05-15 18:02:01] No expired clients found.
[2026-05-15 18:03:01] No expired clients found.
[2026-05-15 18:04:01] No expired clients found.
[2026-05-15 18:05:02] No expired clients found.
[2026-05-15 18:06:01] No expired clients found.
[2026-05-15 18:07:02] No expired clients found.
[2026-05-15 18:08:01] No expired clients found.
[2026-05-15 18:09:02] No expired clients found.
[2026-05-15 18:10:02] No expired clients found.
[2026-05-15 18:11:02] No expired clients found.
[2026-05-15 18:12:01] No expired clients found.
[2026-05-15 18:13:01] No expired clients found.
[2026-05-15 18:14:01] No expired clients found.
[2026-05-15 18:15:02] No expired clients found.
[2026-05-15 18:16:01] No expired clients found.
[2026-05-15 18:17:01] No expired clients found.
[2026-05-15 18:18:01] No expired clients found.
[2026-05-15 18:19:02] No expired clients found.
[2026-05-15 18:20:01] No expired clients found.
[2026-05-15 18:21:01] No expired clients found.
[2026-05-15 18:22:01] No expired clients found.
[2026-05-15 18:23:01] No expired clients found.
[2026-05-15 18:24:01] No expired clients found.
[2026-05-15 18:25:01] No expired clients found.
[2026-05-15 18:26:02] No expired clients found.
[2026-05-15 18:27:01] No expired clients found.
[2026-05-15 18:28:01] No expired clients found.
[2026-05-15 18:29:01] No expired clients found.
[2026-05-15 18:30:01] No expired clients found.
[2026-05-15 18:31:01] No expired clients found.
[2026-05-15 18:32:01] No expired clients found.
[2026-05-15 18:33:01] No expired clients found.
[2026-05-15 18:34:02] No expired clients found.
[2026-05-15 18:35:02] No expired clients found.
[2026-05-15 18:36:01] No expired clients found.
[2026-05-15 18:37:01] No expired clients found.
[2026-05-15 18:38:01] No expired clients found.
[2026-05-15 18:39:01] No expired clients found.
[2026-05-15 18:40:01] No expired clients found.
[2026-05-15 18:41:02] No expired clients found.
[2026-05-15 18:42:01] No expired clients found.
[2026-05-15 18:43:02] No expired clients found.
[2026-05-15 18:44:02] No expired clients found.
[2026-05-15 18:45:02] No expired clients found.
[2026-05-15 18:46:01] No expired clients found.
[2026-05-15 18:47:01] No expired clients found.
[2026-05-15 18:48:01] No expired clients found.
[2026-05-15 18:49:01] No expired clients found.
[2026-05-15 18:50:01] No expired clients found.
[2026-05-15 18:51:01] No expired clients found.
[2026-05-15 18:52:01] No expired clients found.
[2026-05-15 18:53:01] No expired clients found.
[2026-05-15 18:54:01] No expired clients found.
[2026-05-15 18:55:01] No expired clients found.
[2026-05-15 18:56:01] No expired clients found.
[2026-05-15 18:57:02] No expired clients found.
[2026-05-15 18:58:02] No expired clients found.
[2026-05-15 18:59:01] No expired clients found.
[2026-05-15 19:00:01] No expired clients found.
[2026-05-15 19:01:01] No expired clients found.
[2026-05-15 19:02:01] No expired clients found.
[2026-05-15 19:03:01] No expired clients found.
[2026-05-15 19:04:01] No expired clients found.
[2026-05-15 19:05:02] No expired clients found.
[2026-05-15 19:06:09] No expired clients found.
[2026-05-15 19:07:02] No expired clients found.
[2026-05-15 19:08:01] No expired clients found.
[2026-05-15 19:09:01] No expired clients found.
[2026-05-15 19:10:01] No expired clients found.
[2026-05-15 19:11:01] No expired clients found.
[2026-05-15 19:12:02] No expired clients found.
[2026-05-15 19:13:01] No expired clients found.
[2026-05-15 19:14:01] No expired clients found.
[2026-05-15 19:15:01] No expired clients found.
[2026-05-15 19:16:01] No expired clients found.
[2026-05-15 19:17:02] No expired clients found.
[2026-05-15 19:18:01] No expired clients found.
[2026-05-15 19:19:01] No expired clients found.
[2026-05-15 19:20:01] No expired clients found.
[2026-05-15 19:21:01] No expired clients found.
[2026-05-15 19:22:01] No expired clients found.
[2026-05-15 19:23:01] No expired clients found.
[2026-05-15 19:24:01] No expired clients found.
[2026-05-15 19:25:02] No expired clients found.
[2026-05-15 19:26:01] No expired clients found.
[2026-05-15 19:27:01] No expired clients found.
[2026-05-15 19:28:02] No expired clients found.
[2026-05-15 19:29:01] No expired clients found.
[2026-05-15 19:30:01] No expired clients found.
[2026-05-15 19:31:02] No expired clients found.
[2026-05-15 19:32:01] No expired clients found.
[2026-05-15 19:33:01] No expired clients found.
[2026-05-15 19:34:02] No expired clients found.
[2026-05-15 19:35:01] No expired clients found.
[2026-05-15 19:36:01] No expired clients found.
[2026-05-15 19:37:01] No expired clients found.
[2026-05-15 19:38:01] No expired clients found.
[2026-05-15 19:39:01] No expired clients found.
[2026-05-15 19:40:01] No expired clients found.
[2026-05-15 19:41:01] No expired clients found.
[2026-05-15 19:42:01] No expired clients found.
[2026-05-15 19:43:01] No expired clients found.
[2026-05-15 19:44:01] No expired clients found.
[2026-05-15 19:45:01] No expired clients found.
[2026-05-15 19:46:01] No expired clients found.
[2026-05-15 19:47:02] No expired clients found.
[2026-05-15 19:48:01] No expired clients found.
[2026-05-15 19:49:01] No expired clients found.
[2026-05-15 19:50:01] No expired clients found.
[2026-05-15 19:51:01] No expired clients found.
[2026-05-15 19:52:01] No expired clients found.
[2026-05-15 19:53:02] No expired clients found.
[2026-05-15 19:54:01] No expired clients found.
[2026-05-15 19:55:02] No expired clients found.
[2026-05-15 19:56:01] No expired clients found.
[2026-05-15 19:57:01] No expired clients found.
[2026-05-15 19:58:01] No expired clients found.
[2026-05-15 19:59:02] No expired clients found.
[2026-05-15 20:00:01] No expired clients found.
[2026-05-15 20:01:01] No expired clients found.
[2026-05-15 20:02:02] Expired client disabled: MH-4CC875FE
[2026-05-15 20:03:01] No expired clients found.
[2026-05-15 20:04:01] No expired clients found.
[2026-05-15 20:05:02] No expired clients found.
[2026-05-15 20:06:01] No expired clients found.
[2026-05-15 20:07:01] No expired clients found.
[2026-05-15 20:08:01] No expired clients found.
[2026-05-15 20:09:01] No expired clients found.
[2026-05-15 20:10:01] No expired clients found.
[2026-05-15 20:11:01] No expired clients found.
[2026-05-15 20:12:02] No expired clients found.
[2026-05-15 20:13:01] No expired clients found.
[2026-05-15 20:14:01] No expired clients found.
[2026-05-15 20:15:01] No expired clients found.
[2026-05-15 20:16:02] No expired clients found.
[2026-05-15 20:17:02] No expired clients found.
[2026-05-15 20:18:02] No expired clients found.
[2026-05-15 20:19:02] No expired clients found.
[2026-05-15 20:20:03] No expired clients found.
[2026-05-15 20:21:01] No expired clients found.
[2026-05-15 20:22:02] No expired clients found.
[2026-05-15 20:23:02] No expired clients found.
[2026-05-15 20:24:02] No expired clients found.
[2026-05-15 20:25:02] No expired clients found.
[2026-05-15 20:26:02] No expired clients found.
[2026-05-15 20:27:01] No expired clients found.
[2026-05-15 20:28:01] No expired clients found.
[2026-05-15 20:29:01] No expired clients found.
[2026-05-15 20:30:01] No expired clients found.
[2026-05-15 20:31:01] No expired clients found.
[2026-05-15 20:32:01] No expired clients found.
[2026-05-15 20:33:01] No expired clients found.
[2026-05-15 20:34:01] No expired clients found.
[2026-05-15 20:35:02] No expired clients found.
[2026-05-15 20:36:01] No expired clients found.
[2026-05-15 20:37:01] No expired clients found.
[2026-05-15 20:38:01] No expired clients found.
[2026-05-15 20:39:01] No expired clients found.
[2026-05-15 20:40:01] No expired clients found.
[2026-05-15 20:41:01] No expired clients found.
[2026-05-15 20:42:02] No expired clients found.
[2026-05-15 20:43:01] No expired clients found.
[2026-05-15 20:44:01] No expired clients found.
[2026-05-15 20:45:02] No expired clients found.
[2026-05-15 21:16:03] Expired client disabled: MH-0A4B439F
[2026-05-15 21:17:01] No expired clients found.
[2026-05-15 21:18:02] No expired clients found.
[2026-05-15 21:19:01] No expired clients found.
[2026-05-15 21:20:01] No expired clients found.
[2026-05-15 21:21:01] No expired clients found.
[2026-05-15 21:22:01] No expired clients found.
[2026-05-15 21:23:02] Expired client disabled: MH-9CAE960D
[2026-05-15 21:24:01] No expired clients found.
[2026-05-15 21:25:01] No expired clients found.
[2026-05-15 21:26:01] No expired clients found.
[2026-05-15 21:27:01] No expired clients found.
[2026-05-15 21:28:01] No expired clients found.
[2026-05-15 21:29:01] No expired clients found.
[2026-05-15 21:30:02] No expired clients found.
[2026-05-15 21:31:01] No expired clients found.
[2026-05-15 21:32:01] No expired clients found.
[2026-05-15 21:33:01] No expired clients found.
[2026-05-15 21:34:01] No expired clients found.
[2026-05-15 21:35:01] No expired clients found.
[2026-05-15 21:36:01] No expired clients found.
[2026-05-15 21:37:01] No expired clients found.
[2026-05-15 21:38:01] No expired clients found.
[2026-05-15 21:39:01] No expired clients found.
[2026-05-15 21:40:02] No expired clients found.
[2026-05-15 21:41:01] No expired clients found.
[2026-05-15 21:42:01] No expired clients found.
[2026-05-15 21:43:01] No expired clients found.
[2026-05-15 21:44:01] No expired clients found.
[2026-05-15 21:45:02] No expired clients found.
[2026-05-15 21:46:01] No expired clients found.
[2026-05-15 21:47:01] No expired clients found.
[2026-05-15 21:48:01] No expired clients found.
[2026-05-15 21:49:01] No expired clients found.
[2026-05-15 21:50:01] No expired clients found.
[2026-05-15 21:51:01] No expired clients found.
[2026-05-15 21:52:01] No expired clients found.
[2026-05-15 21:53:01] Expired client disabled: MH-C3C3AD0B
[2026-05-15 21:54:01] No expired clients found.
[2026-05-15 21:55:01] No expired clients found.
[2026-05-15 21:56:01] No expired clients found.
[2026-05-15 21:57:02] No expired clients found.
[2026-05-15 21:58:01] No expired clients found.
[2026-05-15 21:59:01] No expired clients found.
[2026-05-15 22:00:02] No expired clients found.
[2026-05-15 22:01:01] No expired clients found.
[2026-05-15 22:02:02] No expired clients found.
[2026-05-15 22:03:01] No expired clients found.
[2026-05-15 22:04:01] No expired clients found.
[2026-05-15 22:05:01] No expired clients found.
[2026-05-15 22:06:01] No expired clients found.
[2026-05-15 22:07:01] No expired clients found.
[2026-05-15 22:08:01] No expired clients found.
[2026-05-15 22:09:01] No expired clients found.
[2026-05-15 22:10:01] No expired clients found.
[2026-05-15 22:11:02] No expired clients found.
[2026-05-15 22:12:01] No expired clients found.
[2026-05-15 22:13:02] Expired client disabled: MH-5CA5EE7A
[2026-05-15 22:14:01] No expired clients found.
[2026-05-15 22:15:01] No expired clients found.
[2026-05-15 22:16:01] No expired clients found.
[2026-05-15 22:17:02] No expired clients found.
[2026-05-15 22:18:01] No expired clients found.
[2026-05-15 22:19:01] No expired clients found.
[2026-05-15 22:20:01] No expired clients found.
[2026-05-15 22:21:01] No expired clients found.
[2026-05-15 22:22:01] No expired clients found.
[2026-05-15 22:23:01] No expired clients found.
[2026-05-15 22:24:01] No expired clients found.
[2026-05-15 22:25:01] No expired clients found.
[2026-05-15 22:26:01] No expired clients found.
[2026-05-15 22:27:02] No expired clients found.
[2026-05-15 22:28:01] No expired clients found.
[2026-05-15 22:29:01] No expired clients found.
[2026-05-15 22:30:01] No expired clients found.
[2026-05-15 22:31:01] No expired clients found.
[2026-05-15 22:32:01] No expired clients found.
[2026-05-15 22:33:01] No expired clients found.
[2026-05-15 22:34:01] No expired clients found.
[2026-05-15 22:35:02] No expired clients found.
[2026-05-15 22:36:01] No expired clients found.
[2026-05-15 22:37:01] No expired clients found.
[2026-05-15 22:38:01] No expired clients found.
[2026-05-15 22:39:01] No expired clients found.
[2026-05-15 22:40:33] No expired clients found.
[2026-05-15 22:41:08] No expired clients found.
[2026-05-15 22:42:02] No expired clients found.
[2026-05-15 22:43:03] Expired client disabled: MH-9699EECB
[2026-05-15 22:44:01] No expired clients found.
[2026-05-15 22:45:01] No expired clients found.
[2026-05-15 22:46:01] No expired clients found.
[2026-05-15 22:47:01] No expired clients found.
[2026-05-15 22:48:01] No expired clients found.
[2026-05-15 22:49:01] No expired clients found.
[2026-05-15 22:50:01] No expired clients found.
[2026-05-15 22:51:01] No expired clients found.
[2026-05-15 22:52:01] No expired clients found.
[2026-05-15 22:53:01] No expired clients found.
[2026-05-15 22:54:01] No expired clients found.
[2026-05-15 22:55:01] No expired clients found.
[2026-05-15 22:56:02] No expired clients found.
[2026-05-15 22:57:01] No expired clients found.
[2026-05-15 22:58:01] No expired clients found.
[2026-05-15 22:59:02] No expired clients found.
[2026-05-15 23:00:02] No expired clients found.
[2026-05-15 23:01:01] No expired clients found.
[2026-05-15 23:02:02] No expired clients found.
[2026-05-15 23:03:01] No expired clients found.
[2026-05-15 23:04:01] No expired clients found.
[2026-05-15 23:05:01] No expired clients found.
[2026-05-15 23:06:01] No expired clients found.
[2026-05-15 23:07:01] No expired clients found.
[2026-05-15 23:08:01] No expired clients found.
[2026-05-15 23:09:58] No expired clients found.
[2026-05-15 23:10:00] No expired clients found.
[2026-05-15 23:11:02] No expired clients found.
[2026-05-15 23:12:01] No expired clients found.
[2026-05-15 23:13:01] No expired clients found.
[2026-05-15 23:14:01] No expired clients found.
[2026-05-15 23:15:01] No expired clients found.
[2026-05-15 23:16:01] No expired clients found.
[2026-05-15 23:17:01] No expired clients found.
[2026-05-15 23:18:01] No expired clients found.
[2026-05-15 23:19:01] No expired clients found.
[2026-05-15 23:20:01] No expired clients found.
[2026-05-15 23:21:01] No expired clients found.
[2026-05-15 23:22:01] No expired clients found.
[2026-05-15 23:23:01] No expired clients found.
[2026-05-15 23:24:01] No expired clients found.
[2026-05-15 23:25:01] No expired clients found.
[2026-05-15 23:26:01] No expired clients found.
[2026-05-15 23:27:01] No expired clients found.
[2026-05-15 23:28:01] No expired clients found.
[2026-05-15 23:29:01] No expired clients found.
[2026-05-15 23:30:01] No expired clients found.
[2026-05-15 23:31:01] No expired clients found.
[2026-05-15 23:32:01] No expired clients found.
[2026-05-15 23:33:01] No expired clients found.
[2026-05-15 23:34:01] No expired clients found.
[2026-05-15 23:35:01] No expired clients found.
[2026-05-15 23:36:02] No expired clients found.
[2026-05-15 23:37:01] No expired clients found.
[2026-05-15 23:38:01] No expired clients found.
[2026-05-15 23:39:01] No expired clients found.
[2026-05-15 23:40:02] No expired clients found.
[2026-05-15 23:41:01] No expired clients found.
[2026-05-15 23:42:01] No expired clients found.
[2026-05-15 23:43:01] No expired clients found.
[2026-05-15 23:44:01] No expired clients found.
[2026-05-15 23:45:02] No expired clients found.
[2026-05-15 23:46:01] No expired clients found.
[2026-05-15 23:47:01] No expired clients found.
[2026-05-15 23:48:02] No expired clients found.
[2026-05-15 23:49:01] No expired clients found.
[2026-05-15 23:50:01] No expired clients found.
[2026-05-15 23:51:02] No expired clients found.
[2026-05-15 23:52:01] No expired clients found.
[2026-05-15 23:53:01] No expired clients found.
[2026-05-15 23:54:01] No expired clients found.
[2026-05-15 23:55:01] No expired clients found.
[2026-05-15 23:56:01] No expired clients found.
[2026-05-15 23:57:01] No expired clients found.
[2026-05-15 23:58:01] No expired clients found.
[2026-05-15 23:59:01] No expired clients found.
[2026-05-16 00:00:01] No expired clients found.
[2026-05-18 10:17:02] No expired clients found.
[2026-05-18 10:18:01] No expired clients found.
[2026-05-18 10:19:01] No expired clients found.
[2026-05-18 10:20:01] No expired clients found.
[2026-05-18 10:21:01] No expired clients found.
[2026-05-18 10:22:02] No expired clients found.
[2026-05-18 10:23:01] No expired clients found.
[2026-05-18 10:24:02] No expired clients found.
[2026-05-18 10:25:01] No expired clients found.
[2026-05-18 10:26:01] No expired clients found.
[2026-05-18 10:27:02] No expired clients found.
[2026-05-18 10:28:01] No expired clients found.
[2026-05-18 10:29:01] No expired clients found.
[2026-05-18 10:30:01] No expired clients found.
[2026-05-18 10:31:01] No expired clients found.
[2026-05-18 10:32:01] No expired clients found.
[2026-05-18 10:33:01] No expired clients found.
[2026-05-18 10:34:01] No expired clients found.
[2026-05-18 10:35:02] No expired clients found.
[2026-05-18 10:36:01] No expired clients found.
[2026-05-18 10:37:01] No expired clients found.
[2026-05-18 10:38:01] No expired clients found.
[2026-05-18 10:39:01] No expired clients found.
[2026-05-18 10:40:01] No expired clients found.
[2026-05-18 10:41:01] No expired clients found.
[2026-05-18 10:42:01] No expired clients found.
[2026-05-18 10:43:01] No expired clients found.
[2026-05-18 10:44:01] No expired clients found.
[2026-05-18 10:45:01] No expired clients found.
[2026-05-18 10:46:01] No expired clients found.
[2026-05-18 10:47:01] No expired clients found.
[2026-05-18 10:48:01] No expired clients found.
[2026-05-18 10:49:01] No expired clients found.
[2026-05-18 10:50:01] No expired clients found.
[2026-05-18 10:51:01] No expired clients found.
[2026-05-18 10:52:01] No expired clients found.
[2026-05-18 10:53:01] No expired clients found.
[2026-05-18 10:54:01] No expired clients found.
[2026-05-18 10:55:01] No expired clients found.
[2026-05-18 10:56:01] No expired clients found.
[2026-05-18 10:57:01] No expired clients found.
[2026-05-18 10:58:01] No expired clients found.
[2026-05-18 10:59:01] No expired clients found.
[2026-05-18 11:00:01] No expired clients found.
[2026-05-18 11:01:01] No expired clients found.
[2026-05-18 11:02:02] No expired clients found.
[2026-05-18 11:03:01] No expired clients found.
[2026-05-18 11:04:01] No expired clients found.
[2026-05-18 11:05:01] No expired clients found.
[2026-05-18 11:06:01] No expired clients found.
[2026-05-18 11:07:01] No expired clients found.
[2026-05-18 11:08:01] No expired clients found.
[2026-05-18 11:09:01] No expired clients found.
[2026-05-18 11:10:02] No expired clients found.
[2026-05-18 11:11:01] No expired clients found.
[2026-05-18 11:12:01] No expired clients found.
[2026-05-18 11:13:01] No expired clients found.
[2026-05-18 11:14:01] No expired clients found.
[2026-05-18 11:15:01] No expired clients found.
[2026-05-18 11:16:01] No expired clients found.
[2026-05-18 11:17:01] No expired clients found.
[2026-05-18 11:18:02] No expired clients found.
[2026-05-18 11:19:01] No expired clients found.
[2026-05-18 11:20:01] No expired clients found.
[2026-05-18 11:21:01] No expired clients found.
[2026-05-18 11:22:01] No expired clients found.
[2026-05-18 11:23:01] No expired clients found.
[2026-05-18 11:24:01] No expired clients found.
[2026-05-18 11:25:01] No expired clients found.
[2026-05-18 11:26:01] No expired clients found.
[2026-05-18 11:27:01] No expired clients found.
[2026-05-18 11:28:01] No expired clients found.
[2026-05-18 11:29:01] No expired clients found.
[2026-05-18 11:30:01] No expired clients found.
[2026-05-18 11:31:01] No expired clients found.
[2026-05-18 11:32:01] No expired clients found.
[2026-05-18 11:33:01] No expired clients found.
[2026-05-18 11:34:02] No expired clients found.
[2026-05-18 11:35:01] No expired clients found.
[2026-05-18 11:36:01] No expired clients found.
[2026-05-18 11:37:01] No expired clients found.
[2026-05-18 11:38:02] No expired clients found.
[2026-05-18 11:39:01] No expired clients found.
[2026-05-18 11:40:01] No expired clients found.
[2026-05-18 11:41:02] No expired clients found.
[2026-05-18 11:42:01] No expired clients found.
[2026-05-18 11:43:01] No expired clients found.
[2026-05-18 11:44:01] No expired clients found.
[2026-05-18 11:45:02] No expired clients found.
[2026-05-18 11:46:02] No expired clients found.
[2026-05-18 11:47:01] No expired clients found.
[2026-05-18 11:48:01] No expired clients found.
[2026-05-18 11:49:01] No expired clients found.
[2026-05-18 11:50:01] No expired clients found.
[2026-05-18 11:51:01] No expired clients found.
[2026-05-18 11:52:01] No expired clients found.
[2026-05-18 11:53:02] No expired clients found.
[2026-05-18 11:54:01] No expired clients found.
[2026-05-18 11:55:01] No expired clients found.
[2026-05-18 11:56:01] No expired clients found.
[2026-05-18 11:57:01] No expired clients found.
[2026-05-18 11:58:01] No expired clients found.
[2026-05-18 11:59:01] No expired clients found.
[2026-05-18 12:00:02] No expired clients found.
[2026-05-18 12:01:01] No expired clients found.
[2026-05-18 12:02:01] No expired clients found.
[2026-05-18 12:03:01] No expired clients found.
[2026-05-18 12:04:01] No expired clients found.
[2026-05-18 12:05:01] No expired clients found.
[2026-05-18 12:06:01] No expired clients found.
[2026-05-18 12:07:01] No expired clients found.
[2026-05-18 12:08:01] No expired clients found.
[2026-05-18 12:09:01] No expired clients found.
[2026-05-18 12:10:01] No expired clients found.
[2026-05-18 12:11:02] No expired clients found.
[2026-05-18 12:12:01] No expired clients found.
[2026-05-18 12:13:01] No expired clients found.
[2026-05-18 12:14:01] No expired clients found.
[2026-05-18 12:15:01] No expired clients found.
[2026-05-18 12:16:01] No expired clients found.
[2026-05-18 12:17:01] No expired clients found.
[2026-05-18 12:18:01] No expired clients found.
[2026-05-18 12:19:01] No expired clients found.
[2026-05-18 12:20:01] No expired clients found.
[2026-05-18 12:21:01] No expired clients found.
[2026-05-18 12:22:02] No expired clients found.
[2026-05-18 12:23:01] No expired clients found.
[2026-05-18 12:24:01] No expired clients found.
[2026-05-18 12:25:01] No expired clients found.
[2026-05-18 12:26:01] No expired clients found.
[2026-05-18 12:27:02] No expired clients found.
[2026-05-18 12:28:01] No expired clients found.
[2026-05-18 12:29:01] No expired clients found.
[2026-05-18 12:30:02] No expired clients found.
[2026-05-18 12:31:01] No expired clients found.
[2026-05-18 12:32:01] No expired clients found.
[2026-05-18 12:33:01] No expired clients found.
[2026-05-18 12:34:02] No expired clients found.
[2026-05-18 12:35:01] No expired clients found.
[2026-05-18 12:36:01] No expired clients found.
[2026-05-18 12:37:01] No expired clients found.
[2026-05-18 12:38:01] No expired clients found.
[2026-05-18 12:39:01] No expired clients found.
[2026-05-18 12:40:01] No expired clients found.
[2026-05-18 12:41:01] No expired clients found.
[2026-05-18 12:42:01] No expired clients found.
[2026-05-18 12:43:01] No expired clients found.
[2026-05-18 12:44:01] No expired clients found.
[2026-05-18 12:45:01] No expired clients found.
[2026-05-18 12:46:01] No expired clients found.
[2026-05-18 12:47:02] No expired clients found.
[2026-05-18 12:48:01] No expired clients found.
[2026-05-18 12:49:01] No expired clients found.
[2026-05-18 12:50:02] No expired clients found.
[2026-05-18 12:51:01] No expired clients found.
[2026-05-18 12:52:01] No expired clients found.
[2026-05-18 12:53:02] No expired clients found.
[2026-05-18 12:54:01] No expired clients found.
[2026-05-18 12:55:01] No expired clients found.
[2026-05-18 12:56:01] No expired clients found.
[2026-05-18 12:57:01] No expired clients found.
[2026-05-18 12:58:01] No expired clients found.
[2026-05-18 12:59:01] No expired clients found.
[2026-05-18 13:00:01] No expired clients found.
[2026-05-18 13:01:01] No expired clients found.
[2026-05-18 13:02:01] No expired clients found.
[2026-05-18 13:03:01] No expired clients found.
[2026-05-18 13:04:02] No expired clients found.
[2026-05-18 13:05:01] No expired clients found.
[2026-05-18 13:06:01] No expired clients found.
[2026-05-18 13:07:01] No expired clients found.
[2026-05-18 13:08:01] No expired clients found.
[2026-05-18 13:09:01] No expired clients found.
[2026-05-18 13:10:01] No expired clients found.
[2026-05-18 13:11:01] No expired clients found.
[2026-05-18 13:12:01] No expired clients found.
[2026-05-18 13:13:01] No expired clients found.
[2026-05-18 13:14:02] No expired clients found.
[2026-05-18 13:15:01] No expired clients found.
[2026-05-18 13:16:02] No expired clients found.
[2026-05-18 13:17:01] No expired clients found.
[2026-05-18 13:18:01] No expired clients found.
[2026-05-18 13:19:01] No expired clients found.
[2026-05-18 13:20:01] No expired clients found.
[2026-05-18 13:21:01] No expired clients found.
[2026-05-18 13:22:01] No expired clients found.
[2026-05-18 13:23:01] No expired clients found.
[2026-05-18 13:24:02] No expired clients found.
[2026-05-18 13:25:01] No expired clients found.
[2026-05-18 13:26:01] No expired clients found.
[2026-05-18 13:27:01] No expired clients found.
[2026-05-18 13:28:01] No expired clients found.
[2026-05-18 13:29:01] No expired clients found.
[2026-05-18 13:30:01] No expired clients found.
[2026-05-18 13:31:02] No expired clients found.
[2026-05-18 13:32:01] No expired clients found.
[2026-05-18 13:33:01] No expired clients found.
[2026-05-18 13:34:01] No expired clients found.
[2026-05-18 13:35:01] No expired clients found.
[2026-05-18 13:36:01] No expired clients found.
[2026-05-18 13:37:02] No expired clients found.
[2026-05-18 13:38:01] No expired clients found.
[2026-05-18 13:39:01] No expired clients found.
[2026-05-18 13:40:01] No expired clients found.
[2026-05-18 13:41:01] No expired clients found.
[2026-05-18 13:42:01] No expired clients found.
[2026-05-18 13:43:01] No expired clients found.
[2026-05-18 13:44:01] No expired clients found.
[2026-05-18 13:45:01] No expired clients found.
[2026-05-18 13:46:02] No expired clients found.
[2026-05-18 13:47:01] No expired clients found.
[2026-05-18 13:48:01] No expired clients found.
[2026-05-18 13:49:01] No expired clients found.
[2026-05-18 13:50:01] No expired clients found.
[2026-05-18 13:51:01] No expired clients found.
[2026-05-18 13:52:02] No expired clients found.
[2026-05-18 13:53:01] No expired clients found.
[2026-05-18 13:54:01] No expired clients found.
[2026-05-18 13:55:01] No expired clients found.
[2026-05-18 13:56:02] No expired clients found.
[2026-05-18 13:57:02] ERROR: Invalid user name or password
[2026-05-18 13:58:01] ERROR: Invalid user name or password
[2026-05-18 13:59:03] ERROR: Invalid user name or password
[2026-05-18 14:00:01] ERROR: Invalid user name or password
[2026-05-18 14:01:01] ERROR: Invalid user name or password
[2026-05-18 14:02:01] ERROR: Invalid user name or password
[2026-05-18 14:03:02] ERROR: Invalid user name or password
[2026-05-18 14:04:02] ERROR: Invalid user name or password
[2026-05-18 14:05:01] ERROR: Invalid user name or password
[2026-05-18 14:06:01] ERROR: Invalid user name or password
[2026-05-18 14:07:02] ERROR: Invalid user name or password
[2026-05-18 14:08:01] ERROR: Invalid user name or password
[2026-05-18 14:09:02] ERROR: Invalid user name or password
[2026-05-18 14:10:02] ERROR: Invalid user name or password
[2026-05-18 14:11:03] ERROR: Invalid user name or password
[2026-05-18 14:12:02] ERROR: Invalid user name or password
[2026-05-18 14:13:01] ERROR: Invalid user name or password
[2026-05-18 14:14:02] ERROR: Invalid user name or password
[2026-05-18 14:15:04] ERROR: Invalid user name or password
[2026-05-18 14:16:02] ERROR: Invalid user name or password
[2026-05-18 14:17:01] ERROR: Invalid user name or password
[2026-05-18 14:18:04] ERROR: Invalid user name or password
[2026-05-18 14:19:02] ERROR: Invalid user name or password
[2026-05-18 14:20:01] ERROR: Invalid user name or password
[2026-05-18 14:21:01] ERROR: Invalid user name or password
[2026-05-18 14:22:01] ERROR: Invalid user name or password
[2026-05-18 14:23:04] ERROR: Invalid user name or password
[2026-05-18 14:24:04] ERROR: Invalid user name or password
[2026-05-18 14:25:01] ERROR: Invalid user name or password
[2026-05-18 14:26:04] ERROR: Invalid user name or password
[2026-05-18 14:27:01] ERROR: Invalid user name or password
[2026-05-18 14:28:01] ERROR: Invalid user name or password
[2026-05-18 14:29:04] ERROR: Invalid user name or password
[2026-05-18 14:30:01] ERROR: Invalid user name or password
[2026-05-18 14:31:01] ERROR: Invalid user name or password
[2026-05-18 14:32:01] ERROR: Invalid user name or password
[2026-05-18 14:33:02] ERROR: Invalid user name or password
[2026-05-18 14:34:03] ERROR: Invalid user name or password
[2026-05-18 14:35:03] ERROR: Invalid user name or password
[2026-05-18 14:36:01] ERROR: Invalid user name or password
[2026-05-18 14:37:03] ERROR: Invalid user name or password
[2026-05-18 14:38:01] ERROR: Invalid user name or password
[2026-05-18 14:39:01] ERROR: Invalid user name or password
[2026-05-18 14:40:03] ERROR: Invalid user name or password
[2026-05-18 14:41:03] ERROR: Invalid user name or password
[2026-05-18 14:42:01] ERROR: Invalid user name or password
[2026-05-18 14:43:01] ERROR: Invalid user name or password
[2026-05-18 14:44:02] ERROR: Invalid user name or password
[2026-05-18 14:45:03] ERROR: Invalid user name or password
[2026-05-18 14:46:01] ERROR: Invalid user name or password
[2026-05-18 14:47:03] ERROR: Invalid user name or password
[2026-05-18 14:48:02] ERROR: Invalid user name or password
[2026-05-18 14:49:01] ERROR: Invalid user name or password
[2026-05-18 14:50:01] ERROR: Invalid user name or password
[2026-05-18 14:51:02] ERROR: Invalid user name or password
[2026-05-18 14:52:01] ERROR: Invalid user name or password
[2026-05-18 14:53:01] ERROR: Invalid user name or password
[2026-05-18 14:54:02] ERROR: Invalid user name or password
[2026-05-18 14:55:01] ERROR: Invalid user name or password
[2026-05-18 14:56:04] ERROR: Invalid user name or password
[2026-05-18 14:57:02] ERROR: Invalid user name or password
[2026-05-18 14:58:01] ERROR: Invalid user name or password
[2026-05-18 14:59:01] ERROR: Invalid user name or password
[2026-05-18 15:00:01] ERROR: Invalid user name or password
[2026-05-18 15:01:01] ERROR: Invalid user name or password
[2026-05-18 15:02:01] ERROR: Invalid user name or password
[2026-05-18 15:03:02] ERROR: Invalid user name or password
[2026-05-18 15:04:02] ERROR: Invalid user name or password
[2026-05-18 15:05:01] ERROR: Invalid user name or password
[2026-05-18 15:06:02] ERROR: Invalid user name or password
[2026-05-18 15:07:02] ERROR: Invalid user name or password
[2026-05-18 15:08:01] ERROR: Invalid user name or password
[2026-05-18 15:09:02] ERROR: Invalid user name or password
[2026-05-18 15:10:02] ERROR: Invalid user name or password
[2026-05-18 15:11:03] ERROR: Invalid user name or password
[2026-05-18 15:12:01] ERROR: Invalid user name or password
[2026-05-18 15:13:04] ERROR: Invalid user name or password
[2026-05-18 15:14:02] ERROR: Invalid user name or password
[2026-05-18 15:15:01] ERROR: Invalid user name or password
[2026-05-18 15:16:04] ERROR: Invalid user name or password
[2026-05-18 15:17:01] ERROR: Invalid user name or password
[2026-05-18 15:18:02] ERROR: Invalid user name or password
[2026-05-18 15:19:01] ERROR: Invalid user name or password
[2026-05-18 15:20:02] ERROR: Invalid user name or password
[2026-05-18 15:21:03] ERROR: Invalid user name or password
[2026-05-18 15:22:05] ERROR: Invalid user name or password
[2026-05-18 15:23:01] ERROR: Invalid user name or password
[2026-05-18 15:24:04] ERROR: Invalid user name or password
[2026-05-18 15:25:04] ERROR: Invalid user name or password
[2026-05-18 15:26:02] ERROR: Invalid user name or password
[2026-05-18 15:27:01] ERROR: Invalid user name or password
[2026-05-18 15:28:03] ERROR: Invalid user name or password
[2026-05-18 15:29:02] ERROR: Invalid user name or password
[2026-05-18 15:30:01] ERROR: Invalid user name or password
[2026-05-18 15:31:01] ERROR: Invalid user name or password
[2026-05-18 15:32:01] ERROR: Invalid user name or password
[2026-05-18 15:33:01] ERROR: Invalid user name or password
[2026-05-18 15:34:02] ERROR: Invalid user name or password
[2026-05-18 15:35:01] ERROR: Invalid user name or password
[2026-05-18 15:36:02] ERROR: Invalid user name or password
[2026-05-18 15:37:03] ERROR: Invalid user name or password
[2026-05-18 15:38:02] ERROR: Invalid user name or password
[2026-05-18 15:39:01] ERROR: Invalid user name or password
[2026-05-18 15:40:01] ERROR: Invalid user name or password
[2026-05-18 15:41:05] ERROR: Invalid user name or password
[2026-05-18 15:42:02] ERROR: Invalid user name or password
[2026-05-18 15:43:01] ERROR: Invalid user name or password
[2026-05-18 15:44:02] ERROR: Invalid user name or password
[2026-05-18 15:45:01] ERROR: Invalid user name or password
[2026-05-18 15:46:01] ERROR: Invalid user name or password
[2026-05-18 15:47:02] ERROR: Invalid user name or password
[2026-05-18 15:48:01] ERROR: Invalid user name or password
[2026-05-18 15:49:04] ERROR: Invalid user name or password
[2026-05-18 15:50:02] ERROR: Invalid user name or password
[2026-05-18 15:51:01] ERROR: Invalid user name or password
[2026-05-18 15:52:01] ERROR: Invalid user name or password
[2026-05-18 15:53:01] ERROR: Invalid user name or password
[2026-05-18 15:54:02] ERROR: Invalid user name or password
[2026-05-18 15:55:01] ERROR: Invalid user name or password
[2026-05-18 15:56:02] ERROR: Invalid user name or password
[2026-05-18 15:57:05] ERROR: Invalid user name or password
[2026-05-18 15:58:01] ERROR: Invalid user name or password
[2026-05-18 15:59:01] ERROR: Invalid user name or password
[2026-05-18 16:00:01] ERROR: Invalid user name or password
[2026-05-18 16:01:03] ERROR: Invalid user name or password
[2026-05-18 16:02:03] ERROR: Invalid user name or password
[2026-05-18 16:03:01] ERROR: Invalid user name or password
[2026-05-18 16:04:01] ERROR: Invalid user name or password
[2026-05-18 16:05:02] ERROR: Invalid user name or password
[2026-05-18 16:06:01] ERROR: Invalid user name or password
[2026-05-18 16:07:01] ERROR: Invalid user name or password
[2026-05-18 16:08:02] ERROR: Invalid user name or password
[2026-05-18 16:09:01] ERROR: Invalid user name or password
[2026-05-18 16:10:01] ERROR: Invalid user name or password
[2026-05-18 16:11:01] ERROR: Invalid user name or password
[2026-05-18 16:12:04] ERROR: Invalid user name or password
[2026-05-18 16:13:02] ERROR: Invalid user name or password
[2026-05-18 16:14:01] ERROR: Invalid user name or password
[2026-05-18 16:15:02] ERROR: Invalid user name or password
[2026-05-18 16:16:01] ERROR: Invalid user name or password
[2026-05-18 16:17:01] ERROR: Invalid user name or password
[2026-05-18 16:18:02] ERROR: Invalid user name or password
[2026-05-18 16:19:03] ERROR: Invalid user name or password
[2026-05-18 16:20:01] ERROR: Invalid user name or password
[2026-05-18 16:21:03] ERROR: Invalid user name or password
[2026-05-18 16:22:01] ERROR: Invalid user name or password
[2026-05-18 16:23:02] ERROR: Invalid user name or password
[2026-05-18 16:24:01] ERROR: Invalid user name or password
[2026-05-18 16:25:02] ERROR: Invalid user name or password
[2026-05-18 16:26:01] ERROR: Invalid user name or password
[2026-05-18 16:27:01] ERROR: Invalid user name or password
[2026-05-18 16:28:01] ERROR: Invalid user name or password
[2026-05-18 16:29:02] ERROR: Invalid user name or password
[2026-05-18 16:30:02] ERROR: Invalid user name or password
[2026-05-18 16:31:01] ERROR: Invalid user name or password
[2026-05-18 16:32:02] ERROR: Invalid user name or password
[2026-05-18 16:33:01] ERROR: Invalid user name or password
[2026-05-18 16:34:01] ERROR: Invalid user name or password
[2026-05-18 16:35:02] ERROR: Invalid user name or password
[2026-05-18 16:36:01] ERROR: Invalid user name or password
[2026-05-18 16:37:03] ERROR: Invalid user name or password
[2026-05-18 16:38:02] ERROR: Invalid user name or password
[2026-05-18 16:39:02] ERROR: Invalid user name or password
[2026-05-18 16:40:01] ERROR: Unable to establish socket session, Network is unreachable
[2026-05-18 16:41:05] ERROR: Invalid user name or password
[2026-05-18 16:42:02] ERROR: Invalid user name or password
[2026-05-18 16:43:01] ERROR: Invalid user name or password
[2026-05-18 16:44:02] ERROR: Invalid user name or password
[2026-05-18 16:45:01] ERROR: Invalid user name or password
[2026-05-18 16:46:02] ERROR: Invalid user name or password
[2026-05-18 16:47:03] ERROR: Invalid user name or password
[2026-05-18 16:48:01] ERROR: Invalid user name or password
[2026-05-18 16:49:02] ERROR: Invalid user name or password
[2026-05-18 16:50:03] ERROR: Invalid user name or password
[2026-05-18 16:51:02] ERROR: Invalid user name or password
[2026-05-18 16:52:04] ERROR: Invalid user name or password
[2026-05-18 16:53:04] ERROR: Invalid user name or password
[2026-05-18 16:54:05] ERROR: Invalid user name or password
[2026-05-18 16:55:02] ERROR: Invalid user name or password
[2026-05-18 16:56:01] ERROR: Invalid user name or password
[2026-05-18 16:57:01] ERROR: Invalid user name or password
[2026-05-18 16:58:03] ERROR: Invalid user name or password
[2026-05-18 16:59:04] ERROR: Invalid user name or password
[2026-05-18 17:03:03] ERROR: Invalid user name or password
[2026-05-18 17:04:07] ERROR: Invalid user name or password
[2026-05-18 17:05:01] ERROR: Invalid user name or password
[2026-05-18 17:06:01] ERROR: Invalid user name or password
[2026-05-18 17:07:02] ERROR: Invalid user name or password
[2026-05-18 17:08:03] ERROR: Invalid user name or password
[2026-05-18 17:09:02] ERROR: Invalid user name or password
[2026-05-18 17:10:01] ERROR: Invalid user name or password
[2026-05-18 17:11:02] ERROR: Invalid user name or password
[2026-05-18 17:12:01] ERROR: Invalid user name or password
[2026-05-18 17:13:01] ERROR: Invalid user name or password
[2026-05-18 17:14:04] ERROR: Invalid user name or password
[2026-05-18 17:15:01] ERROR: Invalid user name or password
[2026-05-18 17:16:01] ERROR: Invalid user name or password
[2026-05-18 17:17:01] ERROR: Invalid user name or password
[2026-05-18 17:18:03] ERROR: Invalid user name or password
[2026-05-18 17:19:01] ERROR: Invalid user name or password
[2026-05-18 17:20:01] ERROR: Invalid user name or password
[2026-05-18 17:21:02] ERROR: Invalid user name or password
[2026-05-18 17:22:02] ERROR: Invalid user name or password
[2026-05-18 17:23:01] ERROR: Invalid user name or password
[2026-05-18 17:24:02] ERROR: Invalid user name or password
[2026-05-18 17:25:02] ERROR: Invalid user name or password
[2026-05-18 17:26:01] ERROR: Invalid user name or password
[2026-05-18 17:27:02] ERROR: Invalid user name or password
[2026-05-18 17:28:02] ERROR: Invalid user name or password
[2026-05-18 17:29:01] ERROR: Invalid user name or password
[2026-05-18 17:30:01] ERROR: Invalid user name or password
[2026-05-18 17:31:02] ERROR: Invalid user name or password
[2026-05-18 17:32:01] ERROR: Invalid user name or password
[2026-05-18 17:33:02] ERROR: Invalid user name or password
[2026-05-18 17:34:01] ERROR: Invalid user name or password
[2026-05-18 17:35:02] ERROR: Invalid user name or password
[2026-05-18 17:36:01] ERROR: Invalid user name or password
[2026-05-18 17:37:02] ERROR: Invalid user name or password
[2026-05-18 17:38:01] ERROR: Invalid user name or password
[2026-05-18 17:39:01] ERROR: Invalid user name or password
[2026-05-18 17:40:02] ERROR: Invalid user name or password
[2026-05-18 17:41:02] ERROR: Invalid user name or password
[2026-05-18 17:42:01] ERROR: Invalid user name or password
[2026-05-18 17:43:01] ERROR: Invalid user name or password
[2026-05-18 17:44:02] ERROR: Invalid user name or password
[2026-05-18 17:45:01] ERROR: Invalid user name or password
[2026-05-18 17:46:01] ERROR: Invalid user name or password
[2026-05-18 17:47:01] ERROR: Invalid user name or password
[2026-05-18 17:48:01] ERROR: Invalid user name or password
[2026-05-18 17:49:02] ERROR: Invalid user name or password
[2026-05-18 17:50:01] ERROR: Invalid user name or password
[2026-05-18 17:51:01] ERROR: Invalid user name or password
[2026-05-18 17:52:01] ERROR: Invalid user name or password
[2026-05-18 17:53:01] ERROR: Invalid user name or password
[2026-05-18 17:54:02] ERROR: Invalid user name or password
[2026-05-18 17:55:05] ERROR: Invalid user name or password
[2026-05-18 17:56:01] ERROR: Invalid user name or password
[2026-05-18 17:57:01] ERROR: Invalid user name or password
[2026-05-18 17:58:02] ERROR: Invalid user name or password
[2026-05-18 17:59:02] ERROR: Invalid user name or password
[2026-05-18 18:00:01] ERROR: Invalid user name or password
[2026-05-18 18:01:01] ERROR: Invalid user name or password
[2026-05-18 18:02:04] ERROR: Invalid user name or password
[2026-05-18 18:03:01] ERROR: Invalid user name or password
[2026-05-18 18:04:01] ERROR: Invalid user name or password
[2026-05-18 18:05:02] ERROR: Invalid user name or password
[2026-05-18 18:06:02] ERROR: Invalid user name or password
[2026-05-18 18:07:02] ERROR: Invalid user name or password
[2026-05-18 18:08:02] ERROR: Invalid user name or password
[2026-05-18 18:09:01] ERROR: Invalid user name or password
[2026-05-18 18:10:01] ERROR: Invalid user name or password
[2026-05-18 18:11:02] ERROR: Invalid user name or password
[2026-05-18 18:12:01] ERROR: Invalid user name or password
[2026-05-18 18:13:03] ERROR: Invalid user name or password
[2026-05-18 18:14:02] ERROR: Invalid user name or password
[2026-05-18 18:15:04] ERROR: Invalid user name or password
[2026-05-18 18:16:03] ERROR: Invalid user name or password
[2026-05-18 18:17:02] ERROR: Invalid user name or password
[2026-05-18 18:18:01] ERROR: Invalid user name or password
[2026-05-18 18:19:02] ERROR: Invalid user name or password
[2026-05-18 18:20:01] ERROR: Invalid user name or password
[2026-05-18 18:21:01] ERROR: Invalid user name or password
[2026-05-18 18:22:03] ERROR: Invalid user name or password
[2026-05-18 18:23:01] ERROR: Invalid user name or password
[2026-05-18 18:24:02] ERROR: Invalid user name or password
[2026-05-18 18:25:01] ERROR: Invalid user name or password
[2026-05-18 18:26:02] ERROR: Invalid user name or password
[2026-05-18 18:27:01] ERROR: Invalid user name or password
[2026-05-18 18:28:02] ERROR: Invalid user name or password
[2026-05-18 18:29:02] ERROR: Invalid user name or password
[2026-05-18 18:30:02] ERROR: Invalid user name or password
[2026-05-18 18:31:03] ERROR: Invalid user name or password
[2026-05-18 18:32:02] ERROR: Invalid user name or password
[2026-05-18 18:33:04] ERROR: Invalid user name or password
[2026-05-18 18:34:03] ERROR: Invalid user name or password
[2026-05-18 18:35:01] ERROR: Invalid user name or password
[2026-05-18 18:36:03] ERROR: Invalid user name or password
[2026-05-18 18:37:02] ERROR: Invalid user name or password
[2026-05-18 18:38:01] ERROR: Invalid user name or password
[2026-05-18 18:39:02] ERROR: Invalid user name or password
[2026-05-18 18:40:01] ERROR: Invalid user name or password
[2026-05-18 18:41:02] ERROR: Invalid user name or password
[2026-05-18 18:42:02] ERROR: Invalid user name or password
[2026-05-18 18:43:01] ERROR: Invalid user name or password
[2026-05-18 18:44:02] ERROR: Invalid user name or password
[2026-05-18 18:45:02] ERROR: Invalid user name or password
[2026-05-18 18:46:01] ERROR: Invalid user name or password
[2026-05-18 18:47:01] ERROR: Invalid user name or password
[2026-05-18 18:48:03] ERROR: Invalid user name or password
[2026-05-18 18:49:02] ERROR: Invalid user name or password
[2026-05-18 18:50:03] ERROR: Invalid user name or password
[2026-05-18 18:51:02] ERROR: Invalid user name or password
[2026-05-18 18:52:01] ERROR: Invalid user name or password
[2026-05-18 18:53:01] ERROR: Invalid user name or password
[2026-05-18 18:54:02] ERROR: Invalid user name or password
[2026-05-18 18:55:04] ERROR: Invalid user name or password
[2026-05-18 18:56:02] ERROR: Invalid user name or password
[2026-05-18 18:57:02] ERROR: Invalid user name or password
[2026-05-18 18:58:02] ERROR: Invalid user name or password
[2026-05-18 18:59:01] ERROR: Invalid user name or password
[2026-05-18 19:00:01] ERROR: Invalid user name or password
[2026-05-18 19:01:02] ERROR: Invalid user name or password
[2026-05-18 19:02:02] ERROR: Invalid user name or password
[2026-05-18 19:03:01] ERROR: Invalid user name or password
[2026-05-18 19:04:01] ERROR: Invalid user name or password
[2026-05-18 19:05:02] ERROR: Invalid user name or password
[2026-05-18 19:06:01] ERROR: Invalid user name or password
[2026-05-18 19:07:04] ERROR: Invalid user name or password
[2026-05-18 19:08:02] ERROR: Invalid user name or password
[2026-05-18 19:09:01] ERROR: Invalid user name or password
[2026-05-18 19:10:02] ERROR: Invalid user name or password
[2026-05-18 19:11:02] ERROR: Invalid user name or password
[2026-05-18 19:12:03] ERROR: Invalid user name or password
[2026-05-18 19:13:01] ERROR: Invalid user name or password
[2026-05-18 19:14:01] ERROR: Invalid user name or password
[2026-05-18 19:15:02] ERROR: Invalid user name or password
[2026-05-18 19:16:01] ERROR: Invalid user name or password
[2026-05-18 19:17:01] ERROR: Invalid user name or password
[2026-05-18 19:18:02] ERROR: Invalid user name or password
[2026-05-18 19:19:02] ERROR: Invalid user name or password
[2026-05-18 19:20:01] ERROR: Invalid user name or password
[2026-05-18 19:21:03] ERROR: Invalid user name or password
[2026-05-18 19:22:01] ERROR: Invalid user name or password
[2026-05-18 19:23:01] ERROR: Invalid user name or password
[2026-05-18 19:24:02] ERROR: Invalid user name or password
[2026-05-18 19:25:01] ERROR: Invalid user name or password
[2026-05-18 19:26:03] ERROR: Invalid user name or password
[2026-05-18 19:27:02] ERROR: Invalid user name or password
[2026-05-18 19:28:02] ERROR: Invalid user name or password
[2026-05-18 19:29:01] ERROR: Invalid user name or password
[2026-05-18 19:30:02] ERROR: Invalid user name or password
[2026-05-18 19:31:02] ERROR: Invalid user name or password
[2026-05-18 19:32:01] ERROR: Invalid user name or password
[2026-05-18 19:33:02] ERROR: Invalid user name or password
[2026-05-18 19:34:02] ERROR: Invalid user name or password
[2026-05-18 19:35:02] ERROR: Invalid user name or password
[2026-05-18 19:36:01] ERROR: Invalid user name or password
[2026-05-18 19:37:02] ERROR: Invalid user name or password
[2026-05-18 19:38:01] ERROR: Invalid user name or password
[2026-05-18 19:39:02] ERROR: Invalid user name or password
[2026-05-18 19:40:01] ERROR: Invalid user name or password
[2026-05-18 19:41:02] ERROR: Invalid user name or password
[2026-05-18 19:42:01] ERROR: Invalid user name or password
[2026-05-18 19:43:02] ERROR: Invalid user name or password
[2026-05-18 19:44:04] ERROR: Invalid user name or password
[2026-05-18 19:45:02] ERROR: Invalid user name or password
[2026-05-18 19:46:01] ERROR: Invalid user name or password
[2026-05-18 19:47:04] ERROR: Invalid user name or password
[2026-05-18 19:48:02] ERROR: Invalid user name or password
[2026-05-18 19:49:01] ERROR: Invalid user name or password
[2026-05-18 19:50:02] ERROR: Invalid user name or password
[2026-05-18 19:51:01] ERROR: Invalid user name or password
[2026-05-18 19:52:04] ERROR: Invalid user name or password
[2026-05-18 19:53:01] ERROR: Invalid user name or password
[2026-05-18 19:54:02] ERROR: Invalid user name or password
[2026-05-18 19:55:01] ERROR: Invalid user name or password
[2026-05-18 19:56:01] ERROR: Invalid user name or password
[2026-05-18 19:57:03] ERROR: Invalid user name or password
[2026-05-18 19:58:01] ERROR: Invalid user name or password
[2026-05-18 19:59:02] ERROR: Invalid user name or password
[2026-05-18 20:00:01] ERROR: Invalid user name or password
[2026-05-18 20:01:02] ERROR: Invalid user name or password
[2026-05-18 20:02:02] ERROR: Invalid user name or password
[2026-05-18 20:03:01] ERROR: Invalid user name or password
[2026-05-18 20:04:04] ERROR: Invalid user name or password
[2026-05-18 20:05:04] ERROR: Invalid user name or password
[2026-05-18 20:06:01] ERROR: Invalid user name or password
[2026-05-18 20:07:02] ERROR: Invalid user name or password
[2026-05-18 20:08:03] ERROR: Invalid user name or password
[2026-05-18 20:09:01] ERROR: Invalid user name or password
[2026-05-18 20:10:04] ERROR: Invalid user name or password
[2026-05-18 20:11:03] ERROR: Invalid user name or password
[2026-05-18 20:12:02] ERROR: Invalid user name or password
[2026-05-18 20:13:01] ERROR: Invalid user name or password
[2026-05-18 20:14:03] ERROR: Invalid user name or password
[2026-05-18 20:15:02] ERROR: Invalid user name or password
[2026-05-18 20:16:02] ERROR: Invalid user name or password
[2026-05-18 20:17:01] ERROR: Invalid user name or password
[2026-05-18 20:18:02] ERROR: Invalid user name or password
[2026-05-18 20:19:01] ERROR: Invalid user name or password
[2026-05-18 20:20:02] ERROR: Invalid user name or password
[2026-05-18 20:21:02] ERROR: Invalid user name or password
[2026-05-18 20:22:03] ERROR: Invalid user name or password
[2026-05-18 20:23:01] ERROR: Invalid user name or password
[2026-05-18 20:24:01] ERROR: Invalid user name or password
[2026-05-18 20:25:01] ERROR: Invalid user name or password
[2026-05-18 20:26:02] ERROR: Invalid user name or password
[2026-05-18 20:27:02] ERROR: Invalid user name or password
[2026-05-18 20:28:02] ERROR: Invalid user name or password
[2026-05-18 20:29:02] ERROR: Invalid user name or password
[2026-05-18 20:30:01] ERROR: Invalid user name or password
[2026-05-18 20:31:02] ERROR: Invalid user name or password
[2026-05-18 20:32:03] ERROR: Invalid user name or password
[2026-05-18 20:33:03] ERROR: Invalid user name or password
[2026-05-18 20:34:01] ERROR: Invalid user name or password
[2026-05-18 20:35:02] ERROR: Invalid user name or password
[2026-05-18 20:36:01] ERROR: Invalid user name or password
[2026-05-18 20:37:02] ERROR: Invalid user name or password
[2026-05-18 20:38:02] ERROR: Invalid user name or password
[2026-05-18 20:39:02] ERROR: Invalid user name or password
[2026-05-18 20:40:02] ERROR: Invalid user name or password
[2026-05-18 20:41:01] ERROR: Invalid user name or password
[2026-05-18 20:42:01] ERROR: Invalid user name or password
[2026-05-18 20:43:03] ERROR: Invalid user name or password
[2026-05-18 20:44:02] ERROR: Invalid user name or password
[2026-05-18 20:45:01] ERROR: Invalid user name or password
[2026-05-18 20:46:01] ERROR: Invalid user name or password
[2026-05-18 20:47:02] ERROR: Invalid user name or password
[2026-05-18 20:48:01] ERROR: Invalid user name or password
[2026-05-18 20:49:01] ERROR: Invalid user name or password
[2026-05-18 20:50:02] ERROR: Invalid user name or password
[2026-05-18 20:51:01] ERROR: Invalid user name or password
[2026-05-18 20:52:02] ERROR: Invalid user name or password
[2026-05-18 20:53:02] ERROR: Invalid user name or password
[2026-05-18 20:54:01] ERROR: Invalid user name or password
[2026-05-18 20:55:02] ERROR: Invalid user name or password
[2026-05-18 20:56:02] ERROR: Invalid user name or password
[2026-05-18 20:57:02] ERROR: Invalid user name or password
[2026-05-18 20:58:02] ERROR: Invalid user name or password
[2026-05-18 20:59:02] ERROR: Invalid user name or password
[2026-05-18 21:00:01] ERROR: Invalid user name or password
[2026-05-18 21:01:02] ERROR: Invalid user name or password
[2026-05-18 21:02:02] ERROR: Invalid user name or password
[2026-05-18 21:03:01] ERROR: Invalid user name or password
[2026-05-18 21:04:02] ERROR: Invalid user name or password
[2026-05-18 21:05:01] ERROR: Invalid user name or password
[2026-05-18 21:06:04] ERROR: Invalid user name or password
[2026-05-18 21:07:03] ERROR: Invalid user name or password
[2026-05-18 21:08:01] ERROR: Invalid user name or password
[2026-05-18 21:09:01] ERROR: Invalid user name or password
[2026-05-18 21:10:02] ERROR: Invalid user name or password
[2026-05-18 21:11:02] ERROR: Invalid user name or password
[2026-05-18 21:12:01] ERROR: Invalid user name or password
[2026-05-18 21:13:02] ERROR: Invalid user name or password
[2026-05-18 21:14:02] ERROR: Invalid user name or password
[2026-05-18 21:15:02] ERROR: Invalid user name or password
[2026-05-18 21:16:01] ERROR: Invalid user name or password
[2026-05-18 21:17:02] ERROR: Invalid user name or password
[2026-05-18 21:18:02] ERROR: Invalid user name or password
[2026-05-18 21:19:02] ERROR: Invalid user name or password
[2026-05-18 21:20:03] ERROR: Invalid user name or password
[2026-05-18 21:21:03] ERROR: Invalid user name or password
[2026-05-18 21:22:01] ERROR: Invalid user name or password
[2026-05-18 21:23:01] ERROR: Invalid user name or password
[2026-05-18 21:24:02] ERROR: Invalid user name or password
[2026-05-18 21:25:01] ERROR: Invalid user name or password
[2026-05-18 21:26:02] ERROR: Invalid user name or password
[2026-05-18 21:27:01] ERROR: Invalid user name or password
[2026-05-18 21:28:02] ERROR: Invalid user name or password
[2026-05-18 21:29:01] ERROR: Invalid user name or password
[2026-05-18 21:30:02] ERROR: Invalid user name or password
[2026-05-18 21:31:01] ERROR: Invalid user name or password
[2026-05-18 21:32:03] ERROR: Invalid user name or password
[2026-05-18 21:33:01] ERROR: Invalid user name or password
[2026-05-18 21:34:02] ERROR: Invalid user name or password
[2026-05-18 21:35:01] ERROR: Invalid user name or password
[2026-05-18 21:36:02] ERROR: Invalid user name or password
[2026-05-18 21:37:01] ERROR: Invalid user name or password
[2026-05-18 21:38:02] ERROR: Invalid user name or password
[2026-05-18 21:39:02] ERROR: Invalid user name or password
[2026-05-18 21:40:01] ERROR: Invalid user name or password
[2026-05-18 21:41:02] ERROR: Invalid user name or password
[2026-05-18 21:42:01] ERROR: Invalid user name or password
[2026-05-18 21:43:01] ERROR: Invalid user name or password
[2026-05-18 21:44:01] ERROR: Invalid user name or password
[2026-05-18 21:45:01] ERROR: Invalid user name or password
[2026-05-18 21:46:02] ERROR: Invalid user name or password
[2026-05-18 21:47:01] ERROR: Invalid user name or password
[2026-05-18 21:48:02] ERROR: Invalid user name or password
[2026-05-18 21:49:01] ERROR: Invalid user name or password
[2026-05-18 21:50:03] ERROR: Invalid user name or password
[2026-05-18 21:51:01] ERROR: Invalid user name or password
[2026-05-18 21:52:02] ERROR: Invalid user name or password
[2026-05-18 21:53:02] ERROR: Invalid user name or password
[2026-05-18 21:54:01] ERROR: Invalid user name or password
[2026-05-18 21:55:01] ERROR: Invalid user name or password
[2026-05-18 21:56:02] ERROR: Invalid user name or password
[2026-05-18 21:57:01] ERROR: Invalid user name or password
[2026-05-18 21:58:01] ERROR: Invalid user name or password
[2026-05-18 21:59:02] ERROR: Invalid user name or password
[2026-05-18 22:00:01] ERROR: Invalid user name or password
[2026-05-18 22:01:02] ERROR: Invalid user name or password
[2026-05-18 22:02:01] ERROR: Invalid user name or password
[2026-05-18 22:03:01] ERROR: Invalid user name or password
[2026-05-18 22:04:01] ERROR: Invalid user name or password
[2026-05-18 22:05:01] ERROR: Invalid user name or password
[2026-05-18 22:06:02] ERROR: Invalid user name or password
[2026-05-18 22:07:01] ERROR: Invalid user name or password
[2026-05-18 22:08:02] ERROR: Invalid user name or password
[2026-05-18 22:09:01] ERROR: Invalid user name or password
[2026-05-18 22:10:02] ERROR: Invalid user name or password
[2026-05-18 22:11:01] ERROR: Invalid user name or password
[2026-05-18 22:12:01] ERROR: Invalid user name or password
[2026-05-18 22:13:02] ERROR: Invalid user name or password
[2026-05-18 22:14:01] ERROR: Invalid user name or password
[2026-05-18 22:15:01] ERROR: Invalid user name or password
[2026-05-18 22:16:02] ERROR: Invalid user name or password
[2026-05-18 22:17:01] ERROR: Invalid user name or password
[2026-05-18 22:18:02] ERROR: Invalid user name or password
[2026-05-18 22:19:01] ERROR: Invalid user name or password
[2026-05-18 22:20:02] ERROR: Invalid user name or password
[2026-05-18 22:21:02] ERROR: Invalid user name or password
[2026-05-18 22:22:01] ERROR: Invalid user name or password
[2026-05-18 22:23:02] ERROR: Invalid user name or password
[2026-05-18 22:24:01] ERROR: Invalid user name or password
[2026-05-18 22:25:01] ERROR: Invalid user name or password
[2026-05-18 22:26:02] ERROR: Invalid user name or password
[2026-05-18 22:27:01] ERROR: Invalid user name or password
[2026-05-18 22:28:02] ERROR: Invalid user name or password
[2026-05-18 22:29:01] ERROR: Invalid user name or password
[2026-05-18 22:30:01] ERROR: Invalid user name or password
[2026-05-18 22:31:02] ERROR: Invalid user name or password
[2026-05-18 22:32:01] ERROR: Invalid user name or password
[2026-05-18 22:33:03] ERROR: Invalid user name or password
[2026-05-18 22:34:01] ERROR: Invalid user name or password
[2026-05-18 22:35:04] ERROR: Invalid user name or password
[2026-05-18 22:36:02] ERROR: Invalid user name or password
[2026-05-18 22:37:01] ERROR: Invalid user name or password
[2026-05-18 22:38:02] ERROR: Invalid user name or password
[2026-05-18 22:39:01] ERROR: Invalid user name or password
[2026-05-18 22:40:01] ERROR: Invalid user name or password
[2026-05-18 22:41:02] ERROR: Invalid user name or password
[2026-05-18 22:42:01] ERROR: Invalid user name or password
[2026-05-18 22:43:02] ERROR: Invalid user name or password
[2026-05-18 22:44:03] ERROR: Invalid user name or password
[2026-05-18 22:45:02] ERROR: Invalid user name or password
[2026-05-18 22:46:01] ERROR: Invalid user name or password
[2026-05-18 22:47:02] ERROR: Invalid user name or password
[2026-05-18 22:48:01] ERROR: Invalid user name or password
[2026-05-18 22:49:02] ERROR: Invalid user name or password
[2026-05-18 22:50:01] ERROR: Invalid user name or password
[2026-05-18 22:51:04] ERROR: Invalid user name or password
[2026-05-18 22:52:01] ERROR: Invalid user name or password
[2026-05-18 22:53:05] ERROR: Invalid user name or password
[2026-05-18 22:54:04] ERROR: Invalid user name or password
[2026-05-18 22:55:06] ERROR: Invalid user name or password
[2026-05-18 22:56:01] ERROR: Invalid user name or password
[2026-05-18 22:57:01] ERROR: Invalid user name or password
[2026-05-18 22:58:01] ERROR: Invalid user name or password
[2026-05-18 22:59:02] ERROR: Invalid user name or password
[2026-05-18 23:00:02] ERROR: Invalid user name or password
[2026-05-18 23:01:03] ERROR: Invalid user name or password
[2026-05-18 23:02:01] ERROR: Invalid user name or password
[2026-05-18 23:03:01] ERROR: Invalid user name or password
[2026-05-18 23:04:02] ERROR: Invalid user name or password
[2026-05-18 23:05:03] ERROR: Invalid user name or password
[2026-05-18 23:06:02] ERROR: Invalid user name or password
[2026-05-18 23:07:01] ERROR: Invalid user name or password
[2026-05-18 23:08:05] ERROR: Invalid user name or password
[2026-05-18 23:09:01] ERROR: Invalid user name or password
[2026-05-18 23:10:01] ERROR: Invalid user name or password
[2026-05-18 23:11:03] ERROR: Invalid user name or password
[2026-05-18 23:12:01] ERROR: Invalid user name or password
[2026-05-18 23:13:04] ERROR: Invalid user name or password
[2026-05-18 23:14:04] ERROR: Invalid user name or password
[2026-05-18 23:15:02] ERROR: Invalid user name or password
[2026-05-18 23:16:01] ERROR: Invalid user name or password
[2026-05-18 23:17:06] ERROR: Invalid user name or password
[2026-05-18 23:18:03] ERROR: Invalid user name or password
[2026-05-18 23:19:05] ERROR: Invalid user name or password
[2026-05-18 23:20:50] ERROR: Invalid user name or password
[2026-05-18 23:22:06] ERROR: Invalid user name or password
[2026-05-18 23:23:03] ERROR: Invalid user name or password
[2026-05-18 23:24:01] ERROR: Invalid user name or password
[2026-05-18 23:25:03] ERROR: Invalid user name or password
[2026-05-18 23:26:02] ERROR: Invalid user name or password
[2026-05-18 23:27:02] ERROR: Invalid user name or password
[2026-05-18 23:28:04] ERROR: Invalid user name or password
[2026-05-18 23:29:01] ERROR: Invalid user name or password
[2026-05-18 23:30:02] ERROR: Invalid user name or password
[2026-05-18 23:31:01] ERROR: Invalid user name or password
[2026-05-18 23:32:03] ERROR: Invalid user name or password
[2026-05-18 23:33:01] ERROR: Invalid user name or password
[2026-05-18 23:34:02] ERROR: Invalid user name or password
[2026-05-18 23:35:02] ERROR: Invalid user name or password
[2026-05-18 23:36:02] ERROR: Invalid user name or password
[2026-05-18 23:37:03] ERROR: Invalid user name or password
[2026-05-18 23:38:02] ERROR: Invalid user name or password
[2026-05-18 23:39:01] ERROR: Invalid user name or password
[2026-05-18 23:40:02] ERROR: Invalid user name or password
[2026-05-18 23:41:02] ERROR: Invalid user name or password
[2026-05-18 23:42:02] ERROR: Invalid user name or password
[2026-05-18 23:43:01] ERROR: Invalid user name or password
[2026-05-18 23:44:01] ERROR: Invalid user name or password
[2026-05-18 23:45:02] ERROR: Invalid user name or password
[2026-05-18 23:46:01] ERROR: Invalid user name or password
[2026-05-18 23:47:01] ERROR: Invalid user name or password
[2026-05-18 23:48:02] ERROR: Invalid user name or password
[2026-05-18 23:49:01] ERROR: Invalid user name or password
[2026-05-18 23:50:01] ERROR: Invalid user name or password
[2026-05-18 23:51:02] ERROR: Invalid user name or password
[2026-05-18 23:52:03] ERROR: Invalid user name or password
[2026-05-18 23:53:01] ERROR: Invalid user name or password
[2026-05-18 23:54:01] ERROR: Invalid user name or password
[2026-05-18 23:55:02] ERROR: Invalid user name or password
[2026-05-18 23:56:01] ERROR: Invalid user name or password
[2026-05-18 23:57:01] ERROR: Invalid user name or password
[2026-05-18 23:58:02] ERROR: Invalid user name or password
[2026-05-18 23:59:02] ERROR: Invalid user name or password
[2026-05-19 00:00:01] ERROR: Invalid user name or password
[2026-05-19 00:01:02] ERROR: Invalid user name or password
[2026-05-19 00:02:01] ERROR: Invalid user name or password
[2026-05-19 00:03:01] ERROR: Invalid user name or password
[2026-05-19 00:04:02] ERROR: Invalid user name or password
[2026-05-19 00:05:01] ERROR: Invalid user name or password
[2026-05-19 00:06:01] ERROR: Invalid user name or password
[2026-05-19 00:07:01] ERROR: Invalid user name or password
[2026-05-19 00:08:02] ERROR: Invalid user name or password
[2026-05-19 00:09:01] ERROR: Invalid user name or password
[2026-05-19 00:10:03] ERROR: Invalid user name or password
[2026-05-19 00:11:01] ERROR: Invalid user name or password
[2026-05-19 00:12:01] ERROR: Invalid user name or password
[2026-05-19 00:13:02] ERROR: Invalid user name or password
[2026-05-19 00:14:02] ERROR: Invalid user name or password
[2026-05-19 00:15:01] ERROR: Invalid user name or password
[2026-05-19 00:16:03] ERROR: Invalid user name or password
[2026-05-19 00:17:01] ERROR: Invalid user name or password
[2026-05-19 00:18:01] ERROR: Invalid user name or password
[2026-05-19 00:19:01] ERROR: Invalid user name or password
[2026-05-19 00:20:02] ERROR: Invalid user name or password
[2026-05-19 00:21:01] ERROR: Invalid user name or password
[2026-05-19 00:22:01] ERROR: Invalid user name or password
[2026-05-19 00:23:03] ERROR: Invalid user name or password
[2026-05-19 00:24:03] ERROR: Invalid user name or password
[2026-05-19 00:25:02] ERROR: Invalid user name or password
[2026-05-19 00:26:01] ERROR: Invalid user name or password
[2026-05-19 00:27:02] ERROR: Invalid user name or password
[2026-05-19 00:28:02] ERROR: Invalid user name or password
[2026-05-19 00:29:01] ERROR: Invalid user name or password
[2026-05-19 00:30:01] ERROR: Invalid user name or password
[2026-05-19 00:31:02] ERROR: Invalid user name or password
[2026-05-19 00:32:01] ERROR: Invalid user name or password
[2026-05-19 00:33:03] ERROR: Invalid user name or password
[2026-05-19 00:34:02] ERROR: Invalid user name or password
[2026-05-19 00:35:02] ERROR: Invalid user name or password
[2026-05-19 00:36:01] ERROR: Invalid user name or password
[2026-05-19 00:37:01] ERROR: Invalid user name or password
[2026-05-19 00:38:02] ERROR: Invalid user name or password
[2026-05-19 00:39:01] ERROR: Invalid user name or password
[2026-05-19 00:40:02] ERROR: Invalid user name or password
[2026-05-19 00:41:02] ERROR: Invalid user name or password
[2026-05-19 00:42:03] ERROR: Invalid user name or password
[2026-05-19 00:43:01] ERROR: Invalid user name or password
[2026-05-19 00:44:01] ERROR: Invalid user name or password
[2026-05-19 00:45:01] ERROR: Invalid user name or password
[2026-05-19 00:46:03] ERROR: Invalid user name or password
[2026-05-19 00:47:01] ERROR: Invalid user name or password
[2026-05-19 00:48:02] ERROR: Invalid user name or password
[2026-05-19 00:49:11] ERROR: Unable to establish socket session, Connection timed out
[2026-05-19 00:50:11] ERROR: Unable to establish socket session, Connection timed out
[2026-05-19 00:51:11] ERROR: Unable to establish socket session, Connection timed out
[2026-05-19 00:52:12] ERROR: Unable to establish socket session, Connection timed out
[2026-05-19 00:53:11] ERROR: Unable to establish socket session, Connection timed out
[2026-05-19 00:54:11] ERROR: Unable to establish socket session, Connection timed out
[2026-05-19 00:55:12] ERROR: Unable to establish socket session, Connection timed out
[2026-05-19 00:56:11] ERROR: Unable to establish socket session, Connection timed out
[2026-05-19 00:57:11] ERROR: Unable to establish socket session, Connection timed out
[2026-05-19 00:58:01] ERROR: Invalid user name or password
[2026-05-19 00:59:12] ERROR: Unable to establish socket session, Connection timed out
[2026-05-19 01:00:11] ERROR: Unable to establish socket session, Connection timed out
[2026-05-19 01:01:11] ERROR: Unable to establish socket session, Connection timed out
[2026-05-19 01:02:01] ERROR: Invalid user name or password
[2026-05-19 01:03:01] ERROR: Unable to establish socket session, Network is unreachable
[2026-05-19 01:04:11] ERROR: Unable to establish socket session, Connection timed out
[2026-05-19 01:05:11] ERROR: Unable to establish socket session, Connection timed out
[2026-05-19 01:06:11] ERROR: Unable to establish socket session, Connection timed out
[2026-05-19 01:07:11] ERROR: Unable to establish socket session, Connection timed out
[2026-05-19 01:08:12] ERROR: Unable to establish socket session, Connection timed out
[2026-05-19 01:09:11] ERROR: Unable to establish socket session, Connection timed out
[2026-05-19 01:10:11] ERROR: Unable to establish socket session, Connection timed out
[2026-05-19 01:11:11] ERROR: Unable to establish socket session, Connection timed out
[2026-05-19 01:12:11] ERROR: Unable to establish socket session, Connection timed out
[2026-05-19 01:13:12] ERROR: Unable to establish socket session, Connection timed out
[2026-05-19 01:14:11] ERROR: Unable to establish socket session, Connection timed out
[2026-05-19 07:46:12] ERROR: Unable to establish socket session, Connection timed out
[2026-05-19 07:47:11] ERROR: Unable to establish socket session, Connection timed out
[2026-05-19 07:48:11] ERROR: Unable to establish socket session, Connection timed out
[2026-05-19 07:49:11] ERROR: Unable to establish socket session, Connection timed out
[2026-05-19 07:50:11] ERROR: Unable to establish socket session, Connection timed out
[2026-05-19 07:51:11] ERROR: Unable to establish socket session, Connection timed out
[2026-05-19 07:52:11] ERROR: Unable to establish socket session, Connection timed out
[2026-05-19 07:53:11] ERROR: Unable to establish socket session, Connection timed out
[2026-05-19 07:54:11] ERROR: Unable to establish socket session, Connection timed out
[2026-05-19 07:55:11] ERROR: Unable to establish socket session, Connection timed out
[2026-05-19 07:56:11] ERROR: Unable to establish socket session, Connection timed out
[2026-05-19 07:57:12] ERROR: Unable to establish socket session, Connection timed out
[2026-05-19 07:58:11] ERROR: Unable to establish socket session, Connection timed out
[2026-05-19 07:59:11] ERROR: Unable to establish socket session, Connection timed out
[2026-05-19 08:00:11] ERROR: Unable to establish socket session, Connection timed out
[2026-05-19 08:01:12] ERROR: Unable to establish socket session, Connection timed out
[2026-05-19 08:02:12] ERROR: Unable to establish socket session, Connection timed out
[2026-05-19 08:03:12] ERROR: Unable to establish socket session, Connection timed out
[2026-05-19 08:04:12] ERROR: Unable to establish socket session, Connection timed out
[2026-05-19 08:05:11] ERROR: Unable to establish socket session, Connection timed out
[2026-05-19 08:06:11] ERROR: Unable to establish socket session, Connection timed out
[2026-05-19 08:07:11] ERROR: Unable to establish socket session, Connection timed out
[2026-05-19 08:08:12] ERROR: Unable to establish socket session, Connection timed out
[2026-05-19 08:09:11] ERROR: Unable to establish socket session, Connection timed out
[2026-05-19 08:10:11] ERROR: Unable to establish socket session, Connection timed out
[2026-05-19 08:11:11] ERROR: Unable to establish socket session, Connection timed out
[2026-05-19 08:12:02] ERROR: Invalid user name or password
[2026-05-19 08:13:01] ERROR: Invalid user name or password
[2026-05-19 08:14:02] ERROR: Invalid user name or password
[2026-05-19 08:15:02] ERROR: Invalid user name or password
[2026-05-19 08:16:01] ERROR: Invalid user name or password
[2026-05-19 08:17:11] ERROR: Unable to establish socket session, Connection timed out
[2026-05-19 08:18:11] ERROR: Unable to establish socket session, Connection timed out
[2026-05-19 08:19:02] ERROR: Invalid user name or password
[2026-05-19 08:20:11] ERROR: Unable to establish socket session, Connection timed out
[2026-05-19 08:21:11] ERROR: Unable to establish socket session, Connection timed out
[2026-05-19 08:22:11] ERROR: Unable to establish socket session, Connection timed out
[2026-05-19 08:23:12] ERROR: Unable to establish socket session, Connection timed out
[2026-05-19 08:24:11] ERROR: Unable to establish socket session, Connection timed out
[2026-05-19 08:25:11] ERROR: Unable to establish socket session, Connection timed out
[2026-05-19 08:26:01] ERROR: Invalid user name or password
[2026-05-19 08:27:02] ERROR: Invalid user name or password
[2026-05-19 08:28:01] ERROR: Invalid user name or password
[2026-05-19 08:29:11] ERROR: Unable to establish socket session, Connection timed out
[2026-05-19 08:30:11] ERROR: Unable to establish socket session, Connection timed out
[2026-05-19 08:31:02] ERROR: Invalid user name or password
[2026-05-19 08:32:01] ERROR: Invalid user name or password
[2026-05-19 08:33:01] ERROR: Invalid user name or password
[2026-05-19 08:34:01] ERROR: Invalid user name or password
[2026-05-19 08:35:01] ERROR: Invalid user name or password
[2026-05-19 08:36:02] ERROR: Invalid user name or password
[2026-05-19 08:37:11] ERROR: Unable to establish socket session, Connection timed out
[2026-05-19 08:38:11] ERROR: Unable to establish socket session, Connection timed out
[2026-05-19 08:39:12] ERROR: Unable to establish socket session, Connection timed out
[2026-05-19 08:40:11] ERROR: Unable to establish socket session, Connection timed out
[2026-05-19 08:41:11] ERROR: Unable to establish socket session, Connection timed out
[2026-05-19 08:42:12] ERROR: Unable to establish socket session, Connection timed out
[2026-05-19 08:43:11] ERROR: Unable to establish socket session, Connection timed out
[2026-05-19 08:44:11] ERROR: Unable to establish socket session, Connection timed out
[2026-05-19 08:45:11] ERROR: Unable to establish socket session, Connection timed out
[2026-05-19 08:46:11] ERROR: Unable to establish socket session, Connection timed out
[2026-05-19 08:47:11] ERROR: Unable to establish socket session, Connection timed out
[2026-05-19 08:48:11] ERROR: Unable to establish socket session, Connection timed out
[2026-05-19 08:49:02] ERROR: Invalid user name or password
[2026-05-19 08:50:02] ERROR: Invalid user name or password
[2026-05-19 08:51:01] ERROR: Invalid user name or password
[2026-05-19 08:52:01] ERROR: Invalid user name or password
[2026-05-19 08:53:12] ERROR: Unable to establish socket session, Connection timed out
[2026-05-19 08:54:11] ERROR: Unable to establish socket session, Connection timed out
[2026-05-19 08:55:11] ERROR: Unable to establish socket session, Connection timed out
[2026-05-19 08:56:12] ERROR: Unable to establish socket session, Connection timed out
[2026-05-19 08:57:01] ERROR: Invalid user name or password
[2026-05-19 08:58:01] ERROR: Invalid user name or password
[2026-05-19 08:59:11] ERROR: Unable to establish socket session, Connection timed out
[2026-05-19 09:00:12] ERROR: Unable to establish socket session, Connection timed out
[2026-05-19 09:01:11] ERROR: Unable to establish socket session, Connection timed out
[2026-05-19 09:02:11] ERROR: Unable to establish socket session, Connection timed out
[2026-05-19 09:03:01] ERROR: Invalid user name or password
[2026-05-19 09:04:11] ERROR: Unable to establish socket session, Connection timed out
[2026-05-19 09:05:12] ERROR: Unable to establish socket session, Connection timed out
[2026-05-19 09:06:11] ERROR: Unable to establish socket session, Connection timed out
[2026-05-19 09:07:01] ERROR: Unable to establish socket session, Network is unreachable
[2026-05-19 09:08:11] ERROR: Unable to establish socket session, Connection timed out
[2026-05-19 09:09:12] ERROR: Unable to establish socket session, Connection timed out
[2026-05-19 09:10:11] ERROR: Unable to establish socket session, Connection timed out
[2026-05-19 09:11:11] ERROR: Unable to establish socket session, Connection timed out
[2026-05-19 09:12:11] ERROR: Unable to establish socket session, Connection timed out
[2026-05-19 09:13:12] ERROR: Unable to establish socket session, Connection timed out
[2026-05-19 09:14:11] ERROR: Unable to establish socket session, Connection timed out
[2026-05-19 09:15:11] ERROR: Unable to establish socket session, Connection timed out
[2026-05-19 09:16:11] ERROR: Unable to establish socket session, Connection timed out
[2026-05-19 09:17:12] ERROR: Unable to establish socket session, Connection timed out
[2026-05-19 09:18:11] ERROR: Unable to establish socket session, Connection timed out
[2026-05-19 09:19:11] ERROR: Unable to establish socket session, Connection timed out
[2026-05-19 09:20:11] ERROR: Unable to establish socket session, Connection timed out
[2026-05-19 09:21:01] ERROR: Invalid user name or password
[2026-05-19 09:22:02] ERROR: Invalid user name or password
[2026-05-19 09:23:11] ERROR: Unable to establish socket session, Connection timed out
[2026-05-19 09:24:11] ERROR: Unable to establish socket session, Connection timed out
[2026-05-19 09:25:11] ERROR: Unable to establish socket session, Connection timed out
[2026-05-19 09:26:12] ERROR: Unable to establish socket session, Connection timed out
[2026-05-19 09:27:11] ERROR: Unable to establish socket session, Connection timed out
[2026-05-19 09:28:11] ERROR: Unable to establish socket session, Connection timed out
[2026-05-19 09:29:11] ERROR: Unable to establish socket session, Connection timed out
[2026-05-19 09:30:11] ERROR: Unable to establish socket session, Connection timed out
[2026-05-19 09:31:11] ERROR: Unable to establish socket session, Connection timed out
[2026-05-19 09:32:11] ERROR: Unable to establish socket session, Connection timed out
[2026-05-19 09:33:11] ERROR: Unable to establish socket session, Connection timed out
[2026-05-19 09:34:12] ERROR: Unable to establish socket session, Connection timed out
[2026-05-19 09:35:11] ERROR: Unable to establish socket session, Connection timed out
[2026-05-19 09:36:11] ERROR: Unable to establish socket session, Connection timed out
[2026-05-19 09:37:11] ERROR: Unable to establish socket session, Connection timed out
[2026-05-19 09:38:11] ERROR: Unable to establish socket session, Connection timed out
[2026-05-19 09:39:12] ERROR: Unable to establish socket session, Connection timed out
[2026-05-19 09:40:11] ERROR: Unable to establish socket session, Connection timed out
[2026-05-19 09:41:11] ERROR: Unable to establish socket session, Connection timed out
[2026-05-19 09:42:11] ERROR: Unable to establish socket session, Connection timed out
[2026-05-19 09:43:12] ERROR: Unable to establish socket session, Connection timed out
[2026-05-19 09:44:11] ERROR: Unable to establish socket session, Connection timed out
[2026-05-19 09:45:11] ERROR: Unable to establish socket session, Connection timed out
[2026-05-19 09:46:01] ERROR: Invalid user name or password
[2026-05-19 09:47:02] ERROR: Invalid user name or password
[2026-05-19 09:48:11] ERROR: Unable to establish socket session, Connection timed out
[2026-05-19 09:49:11] ERROR: Unable to establish socket session, Connection timed out
[2026-05-19 09:50:11] ERROR: Unable to establish socket session, Connection timed out
[2026-05-19 09:51:12] ERROR: Unable to establish socket session, Connection timed out
[2026-05-19 09:52:11] ERROR: Unable to establish socket session, Connection timed out
[2026-05-19 09:53:11] ERROR: Unable to establish socket session, Connection timed out
[2026-05-19 09:54:11] ERROR: Unable to establish socket session, Connection timed out
[2026-05-19 09:55:12] ERROR: Unable to establish socket session, Connection timed out
[2026-05-19 09:56:11] ERROR: Unable to establish socket session, Connection timed out
[2026-05-19 09:57:11] ERROR: Unable to establish socket session, Connection timed out
[2026-05-19 09:58:12] ERROR: Unable to establish socket session, Connection timed out
[2026-05-19 09:59:11] ERROR: Unable to establish socket session, Connection timed out
[2026-05-19 10:00:11] ERROR: Unable to establish socket session, Connection timed out
[2026-05-19 10:01:12] ERROR: Unable to establish socket session, Connection timed out
[2026-05-19 10:02:11] ERROR: Unable to establish socket session, Connection timed out
[2026-05-19 10:03:11] ERROR: Unable to establish socket session, Connection timed out
[2026-05-19 10:04:11] ERROR: Unable to establish socket session, Connection timed out
[2026-05-19 10:05:11] ERROR: Unable to establish socket session, Connection timed out
[2026-05-19 10:06:11] ERROR: Unable to establish socket session, Connection timed out
[2026-05-19 10:07:12] ERROR: Unable to establish socket session, Connection timed out
[2026-05-19 10:08:11] ERROR: Unable to establish socket session, Connection timed out
[2026-05-19 10:09:11] ERROR: Unable to establish socket session, Connection timed out
[2026-05-19 10:10:11] ERROR: Unable to establish socket session, Connection timed out
[2026-05-19 10:11:11] ERROR: Unable to establish socket session, Connection timed out
[2026-05-19 10:12:11] ERROR: Unable to establish socket session, Connection timed out
[2026-05-19 10:13:12] ERROR: Unable to establish socket session, Connection timed out
[2026-05-19 10:14:11] ERROR: Unable to establish socket session, Connection timed out
[2026-05-19 10:15:11] ERROR: Unable to establish socket session, Connection timed out
[2026-05-19 10:16:11] ERROR: Unable to establish socket session, Connection timed out
[2026-05-19 10:17:11] ERROR: Unable to establish socket session, Connection timed out
[2026-05-19 10:18:11] ERROR: Unable to establish socket session, Connection timed out
[2026-05-19 10:19:12] ERROR: Unable to establish socket session, Connection timed out
[2026-05-19 10:20:11] ERROR: Unable to establish socket session, Connection timed out
[2026-05-19 10:21:11] ERROR: Unable to establish socket session, Connection timed out
[2026-05-19 10:22:11] ERROR: Unable to establish socket session, Connection timed out
[2026-05-19 10:23:11] ERROR: Unable to establish socket session, Connection timed out
[2026-05-19 10:24:11] ERROR: Unable to establish socket session, Connection timed out
[2026-05-19 10:25:11] ERROR: Unable to establish socket session, Connection timed out
[2026-05-19 10:26:11] ERROR: Unable to establish socket session, Connection timed out
[2026-05-19 10:27:11] ERROR: Unable to establish socket session, Connection timed out
[2026-05-19 10:28:11] ERROR: Unable to establish socket session, Connection timed out
[2026-05-19 10:29:11] ERROR: Unable to establish socket session, Connection timed out
[2026-05-19 10:30:11] ERROR: Unable to establish socket session, Connection timed out
[2026-05-19 10:31:11] ERROR: Unable to establish socket session, Connection timed out
[2026-05-19 10:32:12] ERROR: Unable to establish socket session, Connection timed out
[2026-05-19 10:33:11] ERROR: Unable to establish socket session, Connection timed out
[2026-05-19 10:34:11] ERROR: Unable to establish socket session, Connection timed out
[2026-05-19 10:35:11] ERROR: Unable to establish socket session, Connection timed out
[2026-05-19 10:36:11] ERROR: Unable to establish socket session, Connection timed out
[2026-05-19 10:37:11] ERROR: Unable to establish socket session, Connection timed out
[2026-05-19 10:38:12] ERROR: Unable to establish socket session, Connection timed out
[2026-05-19 10:39:11] ERROR: Unable to establish socket session, Connection timed out
[2026-05-19 10:40:11] ERROR: Unable to establish socket session, Connection timed out
[2026-05-19 10:41:11] ERROR: Unable to establish socket session, Connection timed out
[2026-05-19 10:42:11] ERROR: Unable to establish socket session, Connection timed out
[2026-05-19 10:43:11] ERROR: Unable to establish socket session, Connection timed out
[2026-05-19 10:44:12] ERROR: Unable to establish socket session, Connection timed out
[2026-05-19 10:45:11] ERROR: Unable to establish socket session, Connection timed out
[2026-05-19 10:46:11] ERROR: Unable to establish socket session, Connection timed out
[2026-05-19 10:47:11] ERROR: Unable to establish socket session, Connection timed out
[2026-05-19 10:48:11] ERROR: Unable to establish socket session, Connection timed out
[2026-05-19 10:49:11] ERROR: Unable to establish socket session, Connection timed out
[2026-05-19 10:50:12] ERROR: Unable to establish socket session, Connection timed out
[2026-05-19 10:51:11] ERROR: Unable to establish socket session, Connection timed out
[2026-05-19 10:52:11] ERROR: Unable to establish socket session, Connection timed out
[2026-05-19 10:53:11] ERROR: Unable to establish socket session, Connection timed out
[2026-05-19 10:54:11] ERROR: Unable to establish socket session, Connection timed out
[2026-05-19 10:55:11] ERROR: Unable to establish socket session, Connection timed out
[2026-05-19 10:56:11] ERROR: Unable to establish socket session, Connection timed out
[2026-05-19 10:57:11] ERROR: Unable to establish socket session, Connection timed out
[2026-05-19 10:58:11] ERROR: Unable to establish socket session, Connection timed out
[2026-05-19 10:59:11] ERROR: Unable to establish socket session, Connection timed out
[2026-05-19 11:00:11] ERROR: Unable to establish socket session, Connection timed out
[2026-05-19 11:01:11] ERROR: Unable to establish socket session, Connection timed out
[2026-05-19 11:02:12] ERROR: Unable to establish socket session, Connection timed out
[2026-05-19 11:03:11] ERROR: Unable to establish socket session, Connection timed out
[2026-05-19 11:04:11] ERROR: Unable to establish socket session, Connection timed out
[2026-05-19 11:05:11] ERROR: Unable to establish socket session, Connection timed out
[2026-05-19 11:06:11] ERROR: Unable to establish socket session, Connection timed out
[2026-05-19 11:07:11] ERROR: Unable to establish socket session, Connection timed out
[2026-05-19 11:08:11] ERROR: Unable to establish socket session, Connection timed out
[2026-05-19 11:09:11] ERROR: Unable to establish socket session, Connection timed out
[2026-05-19 11:10:11] ERROR: Unable to establish socket session, Connection timed out
[2026-05-19 11:11:11] ERROR: Unable to establish socket session, Connection timed out
[2026-05-19 11:12:11] ERROR: Unable to establish socket session, Connection timed out
[2026-05-19 11:13:11] ERROR: Unable to establish socket session, Connection timed out
[2026-05-19 11:14:11] ERROR: Unable to establish socket session, Connection timed out
[2026-05-19 11:15:12] ERROR: Unable to establish socket session, Connection timed out
[2026-05-19 11:16:11] ERROR: Unable to establish socket session, Connection timed out
[2026-05-19 11:17:11] ERROR: Unable to establish socket session, Connection timed out
[2026-05-19 11:18:11] ERROR: Unable to establish socket session, Connection timed out
[2026-05-19 11:19:11] ERROR: Unable to establish socket session, Connection timed out
[2026-05-19 11:20:11] ERROR: Unable to establish socket session, Connection timed out
[2026-05-19 11:21:12] ERROR: Unable to establish socket session, Connection timed out
[2026-05-19 11:22:11] ERROR: Unable to establish socket session, Connection timed out
[2026-05-19 11:23:11] ERROR: Unable to establish socket session, Connection timed out
[2026-05-19 11:24:11] ERROR: Unable to establish socket session, Connection timed out
[2026-05-19 11:25:11] ERROR: Unable to establish socket session, Connection timed out
[2026-05-19 11:26:12] ERROR: Unable to establish socket session, Connection timed out
[2026-05-19 11:27:11] ERROR: Unable to establish socket session, Connection timed out
[2026-05-19 11:28:01] ERROR: Invalid user name or password
[2026-05-19 11:29:01] ERROR: Unable to establish socket session, Network is unreachable
[2026-05-19 11:30:12] ERROR: Unable to establish socket session, Connection timed out
[2026-05-19 11:31:11] ERROR: Unable to establish socket session, Connection timed out
[2026-05-19 11:32:11] ERROR: Unable to establish socket session, Connection timed out
[2026-05-19 11:33:11] ERROR: Unable to establish socket session, Connection timed out
[2026-05-19 11:34:11] ERROR: Unable to establish socket session, Connection timed out
[2026-05-19 11:35:12] ERROR: Unable to establish socket session, Connection timed out
[2026-05-19 11:36:11] ERROR: Unable to establish socket session, Connection timed out
[2026-05-19 11:37:11] ERROR: Unable to establish socket session, Connection timed out
[2026-05-19 11:38:11] ERROR: Unable to establish socket session, Connection timed out
[2026-05-19 11:39:02] ERROR: Invalid user name or password
[2026-05-19 11:40:01] ERROR: Invalid user name or password
[2026-05-19 11:41:11] ERROR: Unable to establish socket session, Connection timed out
[2026-05-19 11:42:11] ERROR: Unable to establish socket session, Connection timed out
[2026-05-19 11:43:03] ERROR: Invalid user name or password
[2026-05-19 11:44:01] ERROR: Invalid user name or password
[2026-05-19 11:45:11] ERROR: Unable to establish socket session, Connection timed out
[2026-05-19 11:46:11] ERROR: Unable to establish socket session, Connection timed out
[2026-05-19 11:47:12] ERROR: Unable to establish socket session, Connection timed out
[2026-05-19 11:48:11] ERROR: Unable to establish socket session, Connection timed out
[2026-05-19 11:49:11] ERROR: Unable to establish socket session, Connection timed out
[2026-05-19 11:50:11] ERROR: Unable to establish socket session, Connection timed out
[2026-05-19 11:51:12] ERROR: Unable to establish socket session, Connection timed out
[2026-05-19 11:52:11] ERROR: Unable to establish socket session, Connection timed out
[2026-05-19 11:53:11] ERROR: Unable to establish socket session, Connection timed out
[2026-05-19 11:54:11] ERROR: Unable to establish socket session, Connection timed out
[2026-05-19 11:55:03] ERROR: Invalid user name or password
[2026-05-19 11:56:01] ERROR: Invalid user name or password
[2026-05-19 11:57:11] ERROR: Unable to establish socket session, Connection timed out
[2026-05-19 11:58:11] ERROR: Unable to establish socket session, Connection timed out
[2026-05-19 11:59:11] ERROR: Unable to establish socket session, Connection timed out
[2026-05-19 12:00:11] ERROR: Unable to establish socket session, Connection timed out
[2026-05-19 12:01:11] ERROR: Unable to establish socket session, Connection timed out
[2026-05-19 12:02:12] ERROR: Unable to establish socket session, Connection timed out
[2026-05-19 12:03:11] ERROR: Unable to establish socket session, Connection timed out
[2026-05-19 12:04:11] ERROR: Unable to establish socket session, Connection timed out
[2026-05-19 12:05:12] ERROR: Unable to establish socket session, Connection timed out
[2026-05-19 12:06:11] ERROR: Unable to establish socket session, Connection timed out
[2026-05-19 12:07:01] ERROR: Invalid user name or password
[2026-05-19 12:08:01] ERROR: Invalid user name or password
[2026-05-19 12:09:11] ERROR: Unable to establish socket session, Connection timed out
[2026-05-19 12:10:12] ERROR: Unable to establish socket session, Connection timed out
[2026-05-19 12:11:01] ERROR: Invalid user name or password
[2026-05-19 12:12:02] ERROR: Invalid user name or password
[2026-05-19 12:13:11] ERROR: Unable to establish socket session, Connection timed out
[2026-05-19 12:14:12] ERROR: Unable to establish socket session, Connection timed out
[2026-05-19 12:15:11] ERROR: Unable to establish socket session, Connection timed out
[2026-05-19 12:16:11] ERROR: Unable to establish socket session, Connection timed out
[2026-05-19 12:17:11] ERROR: Unable to establish socket session, Connection timed out
[2026-05-19 12:18:03] ERROR: Invalid user name or password
[2026-05-19 12:19:11] ERROR: Unable to establish socket session, Connection timed out
[2026-05-19 12:20:11] ERROR: Unable to establish socket session, Connection timed out
[2026-05-19 12:21:11] ERROR: Unable to establish socket session, Connection timed out
[2026-05-19 12:22:11] ERROR: Unable to establish socket session, Connection timed out
[2026-05-19 12:23:12] ERROR: Unable to establish socket session, Connection timed out
[2026-05-19 12:24:11] ERROR: Unable to establish socket session, Connection timed out
[2026-05-19 12:25:11] ERROR: Unable to establish socket session, Connection timed out
[2026-05-19 12:26:11] ERROR: Unable to establish socket session, Connection timed out
[2026-05-19 12:27:11] ERROR: Unable to establish socket session, Connection timed out
[2026-05-19 12:28:12] ERROR: Unable to establish socket session, Connection timed out
[2026-05-19 12:29:01] ERROR: Unable to establish socket session, Network is unreachable
[2026-05-19 12:30:11] ERROR: Unable to establish socket session, Connection timed out
[2026-05-19 12:31:01] ERROR: Invalid user name or password
[2026-05-19 12:32:02] ERROR: Invalid user name or password
[2026-05-19 12:33:11] ERROR: Unable to establish socket session, Connection timed out
[2026-05-19 12:34:11] ERROR: Unable to establish socket session, Connection timed out
[2026-05-19 12:35:02] ERROR: Invalid user name or password
[2026-05-19 12:36:05] ERROR: Unable to establish socket session, No route to host
[2026-05-19 12:37:11] ERROR: Unable to establish socket session, Connection timed out
[2026-05-19 12:38:11] ERROR: Unable to establish socket session, Connection timed out
[2026-05-19 12:39:01] ERROR: Invalid user name or password
[2026-05-19 12:40:12] ERROR: Unable to establish socket session, Connection timed out
[2026-05-19 12:41:11] ERROR: Unable to establish socket session, Connection timed out
[2026-05-19 12:42:11] ERROR: Unable to establish socket session, Connection timed out
[2026-05-19 12:43:11] ERROR: Unable to establish socket session, Connection timed out
[2026-05-19 12:44:11] ERROR: Unable to establish socket session, Connection timed out
[2026-05-19 12:45:11] ERROR: Unable to establish socket session, Connection timed out
[2026-05-19 12:46:11] ERROR: Unable to establish socket session, Connection timed out
[2026-05-19 12:47:11] ERROR: Unable to establish socket session, Connection timed out
[2026-05-19 12:48:11] ERROR: Unable to establish socket session, Connection timed out
[2026-05-19 12:49:12] ERROR: Unable to establish socket session, Connection timed out
[2026-05-19 12:50:11] ERROR: Unable to establish socket session, Connection timed out
[2026-05-19 12:51:11] ERROR: Unable to establish socket session, Connection timed out
[2026-05-19 12:52:11] ERROR: Unable to establish socket session, Connection timed out
[2026-05-19 12:53:12] ERROR: Unable to establish socket session, Connection timed out
[2026-05-19 12:54:11] ERROR: Unable to establish socket session, Connection timed out
[2026-05-19 12:55:13] ERROR: Unable to establish socket session, Connection timed out
[2026-05-19 12:56:11] ERROR: Unable to establish socket session, Connection timed out
[2026-05-19 12:57:11] ERROR: Unable to establish socket session, Connection timed out
[2026-05-19 12:58:12] ERROR: Unable to establish socket session, Connection timed out
[2026-05-19 12:59:11] ERROR: Unable to establish socket session, Connection timed out
[2026-05-19 13:00:11] ERROR: Unable to establish socket session, Connection timed out
[2026-05-19 13:01:11] ERROR: Unable to establish socket session, Connection timed out
[2026-05-19 13:02:11] ERROR: Unable to establish socket session, Connection timed out
[2026-05-19 13:03:11] ERROR: Unable to establish socket session, Connection timed out
[2026-05-19 13:04:12] ERROR: Unable to establish socket session, Connection timed out
[2026-05-19 13:05:11] ERROR: Unable to establish socket session, Connection timed out
[2026-05-19 13:06:11] ERROR: Unable to establish socket session, Connection timed out
[2026-05-19 13:07:11] ERROR: Unable to establish socket session, Connection timed out
[2026-05-19 13:08:11] ERROR: Unable to establish socket session, Connection timed out
[2026-05-19 13:09:12] ERROR: Unable to establish socket session, Connection timed out
[2026-05-19 13:10:01] ERROR: Invalid user name or password
[2026-05-19 13:11:01] ERROR: Invalid user name or password
[2026-05-19 13:12:02] ERROR: Invalid user name or password
[2026-05-19 13:13:01] ERROR: Invalid user name or password
[2026-05-19 13:14:01] ERROR: Invalid user name or password
[2026-05-19 13:15:12] ERROR: Unable to establish socket session, Connection timed out
[2026-05-19 13:16:11] ERROR: Unable to establish socket session, Connection timed out
[2026-05-19 13:17:11] ERROR: Unable to establish socket session, Connection timed out
[2026-05-19 13:18:11] ERROR: Unable to establish socket session, Connection timed out
[2026-05-19 13:19:11] ERROR: Unable to establish socket session, Connection timed out
[2026-05-19 13:20:02] ERROR: Invalid user name or password
[2026-05-19 13:21:11] ERROR: Unable to establish socket session, Connection timed out
[2026-05-19 13:22:11] ERROR: Unable to establish socket session, Connection timed out
[2026-05-19 13:23:11] ERROR: Unable to establish socket session, Connection timed out
[2026-05-19 13:24:11] ERROR: Unable to establish socket session, Connection timed out
[2026-05-19 13:25:12] ERROR: Unable to establish socket session, Connection timed out
[2026-05-19 13:26:11] ERROR: Unable to establish socket session, Connection timed out
[2026-05-19 13:27:11] ERROR: Unable to establish socket session, Connection timed out
[2026-05-19 13:28:11] ERROR: Unable to establish socket session, Connection timed out
[2026-05-19 13:29:11] ERROR: Unable to establish socket session, Connection timed out
[2026-05-19 13:30:11] ERROR: Unable to establish socket session, Connection timed out
[2026-05-19 13:31:11] ERROR: Unable to establish socket session, Connection timed out
[2026-05-19 13:32:11] ERROR: Unable to establish socket session, Connection timed out
[2026-05-19 13:33:11] ERROR: Unable to establish socket session, Connection timed out
[2026-05-19 13:34:11] ERROR: Unable to establish socket session, Connection timed out
[2026-05-19 13:35:11] ERROR: Unable to establish socket session, Connection timed out
[2026-05-19 13:36:11] ERROR: Unable to establish socket session, Connection timed out
[2026-05-19 13:37:12] ERROR: Unable to establish socket session, Connection timed out
[2026-05-19 13:38:11] ERROR: Unable to establish socket session, Connection timed out
[2026-05-19 13:39:11] ERROR: Unable to establish socket session, Connection timed out
[2026-05-19 13:40:11] ERROR: Unable to establish socket session, Connection timed out
[2026-05-19 13:41:11] ERROR: Unable to establish socket session, Connection timed out
[2026-05-19 13:42:11] ERROR: Unable to establish socket session, Connection timed out
[2026-05-19 13:43:12] ERROR: Unable to establish socket session, Connection timed out
[2026-05-19 13:44:11] ERROR: Unable to establish socket session, Connection timed out
[2026-05-19 13:45:11] ERROR: Unable to establish socket session, Connection timed out
[2026-05-19 13:46:11] ERROR: Unable to establish socket session, Connection timed out
[2026-05-19 13:47:11] ERROR: Unable to establish socket session, Connection timed out
[2026-05-19 13:48:12] ERROR: Unable to establish socket session, Connection timed out
[2026-05-19 13:49:11] ERROR: Unable to establish socket session, Connection timed out
[2026-05-19 13:50:11] ERROR: Unable to establish socket session, Connection timed out
[2026-05-19 13:51:11] ERROR: Unable to establish socket session, Connection timed out
[2026-05-19 13:52:11] ERROR: Unable to establish socket session, Connection timed out
[2026-05-19 13:53:12] ERROR: Unable to establish socket session, Connection timed out
[2026-05-19 13:54:11] ERROR: Unable to establish socket session, Connection timed out
[2026-05-19 13:55:11] ERROR: Unable to establish socket session, Connection timed out
[2026-05-19 13:56:11] ERROR: Unable to establish socket session, Connection timed out
[2026-05-19 13:57:11] ERROR: Unable to establish socket session, Connection timed out
[2026-05-19 13:58:12] ERROR: Unable to establish socket session, Connection timed out
[2026-05-19 13:59:11] ERROR: Unable to establish socket session, Connection timed out
[2026-05-19 14:00:11] ERROR: Unable to establish socket session, Connection timed out
[2026-05-19 14:01:11] ERROR: Unable to establish socket session, Connection timed out
[2026-05-19 14:02:12] ERROR: Unable to establish socket session, Connection timed out
[2026-05-19 14:03:11] ERROR: Unable to establish socket session, Connection timed out
[2026-05-19 14:04:11] ERROR: Unable to establish socket session, Connection timed out
[2026-05-19 14:05:11] ERROR: Unable to establish socket session, Connection timed out
[2026-05-19 14:06:11] ERROR: Unable to establish socket session, Connection timed out
[2026-05-19 14:07:12] ERROR: Unable to establish socket session, Connection timed out
[2026-05-19 14:08:11] ERROR: Unable to establish socket session, Connection timed out
[2026-05-19 14:09:11] ERROR: Unable to establish socket session, Connection timed out
[2026-05-19 14:10:11] ERROR: Unable to establish socket session, Connection timed out
[2026-05-19 14:11:11] ERROR: Unable to establish socket session, Connection timed out
[2026-05-19 14:12:11] ERROR: Unable to establish socket session, Connection timed out
[2026-05-19 14:13:11] ERROR: Unable to establish socket session, Connection timed out
[2026-05-19 14:14:11] ERROR: Unable to establish socket session, Connection timed out
[2026-05-19 14:15:11] ERROR: Unable to establish socket session, Connection timed out
[2026-05-19 14:16:11] ERROR: Unable to establish socket session, Connection timed out
[2026-05-19 14:17:12] ERROR: Unable to establish socket session, Connection timed out
[2026-05-19 14:18:11] ERROR: Unable to establish socket session, Connection timed out
[2026-05-19 14:19:11] ERROR: Unable to establish socket session, Connection timed out
[2026-05-19 14:20:11] ERROR: Unable to establish socket session, Connection timed out
[2026-05-19 14:21:12] ERROR: Unable to establish socket session, Connection timed out
[2026-05-19 14:22:11] ERROR: Unable to establish socket session, Connection timed out
[2026-05-19 14:23:11] ERROR: Unable to establish socket session, Connection timed out
[2026-05-19 14:24:11] ERROR: Unable to establish socket session, Connection timed out
[2026-05-19 14:25:11] ERROR: Unable to establish socket session, Connection timed out
[2026-05-19 14:26:12] ERROR: Unable to establish socket session, Connection timed out
[2026-05-19 14:27:11] ERROR: Unable to establish socket session, Connection timed out
[2026-05-19 14:28:11] ERROR: Unable to establish socket session, Connection timed out
[2026-05-19 14:29:11] ERROR: Unable to establish socket session, Connection timed out
[2026-05-19 14:30:11] ERROR: Unable to establish socket session, Connection timed out
[2026-05-19 14:31:12] ERROR: Unable to establish socket session, Connection timed out
[2026-05-19 14:32:11] ERROR: Unable to establish socket session, Connection timed out
[2026-05-19 14:33:11] ERROR: Unable to establish socket session, Connection timed out
[2026-05-19 14:34:11] ERROR: Unable to establish socket session, Connection timed out
[2026-05-19 14:35:12] ERROR: Unable to establish socket session, Connection timed out
[2026-05-19 14:36:11] ERROR: Unable to establish socket session, Connection timed out
[2026-05-19 14:37:11] ERROR: Unable to establish socket session, Connection timed out
[2026-05-19 14:38:11] ERROR: Unable to establish socket session, Connection timed out
[2026-05-19 14:39:11] ERROR: Unable to establish socket session, Connection timed out
[2026-05-19 14:40:12] ERROR: Unable to establish socket session, Connection timed out
[2026-05-19 14:41:11] ERROR: Unable to establish socket session, Connection timed out
[2026-05-19 14:42:11] ERROR: Unable to establish socket session, Connection timed out
[2026-05-19 14:43:11] ERROR: Unable to establish socket session, Connection timed out
[2026-05-19 14:44:11] ERROR: Unable to establish socket session, Connection timed out
[2026-05-19 14:45:11] ERROR: Unable to establish socket session, Connection timed out
[2026-05-19 14:46:11] ERROR: Unable to establish socket session, Connection timed out
[2026-05-19 14:47:11] ERROR: Unable to establish socket session, Connection timed out
[2026-05-19 14:48:11] ERROR: Unable to establish socket session, Connection timed out
[2026-05-19 14:49:11] ERROR: Unable to establish socket session, Connection timed out
[2026-05-19 14:50:11] ERROR: Unable to establish socket session, Connection timed out
[2026-05-19 14:51:11] ERROR: Unable to establish socket session, Connection timed out
[2026-05-19 14:52:11] ERROR: Unable to establish socket session, Connection timed out
[2026-05-19 14:53:11] ERROR: Unable to establish socket session, Connection timed out
[2026-05-19 14:54:02] ERROR: Invalid user name or password
[2026-05-19 14:55:01] ERROR: Invalid user name or password
[2026-05-19 14:56:11] ERROR: Unable to establish socket session, Connection timed out
[2026-05-19 14:57:12] ERROR: Unable to establish socket session, Connection timed out
[2026-05-19 14:58:11] ERROR: Unable to establish socket session, Connection timed out
[2026-05-19 14:59:11] ERROR: Unable to establish socket session, Connection timed out
[2026-05-19 15:00:12] ERROR: Unable to establish socket session, Connection timed out
[2026-05-19 15:01:11] ERROR: Unable to establish socket session, Connection timed out
[2026-05-19 15:02:11] ERROR: Unable to establish socket session, Connection timed out
[2026-05-19 15:03:11] ERROR: Unable to establish socket session, Connection timed out
[2026-05-19 15:04:01] ERROR: Invalid user name or password
[2026-05-19 15:05:12] ERROR: Unable to establish socket session, Connection timed out
[2026-05-19 15:06:11] ERROR: Unable to establish socket session, Connection timed out
[2026-05-19 15:07:11] ERROR: Unable to establish socket session, Connection timed out
[2026-05-19 15:08:11] ERROR: Unable to establish socket session, Connection timed out
[2026-05-19 15:09:02] ERROR: Invalid user name or password
[2026-05-19 15:10:01] ERROR: Invalid user name or password
[2026-05-19 15:11:11] ERROR: Unable to establish socket session, Connection timed out
[2026-05-19 15:12:12] ERROR: Unable to establish socket session, Connection timed out
[2026-05-19 15:13:11] ERROR: Unable to establish socket session, Connection timed out
[2026-05-19 15:14:11] ERROR: Unable to establish socket session, Connection timed out
[2026-05-19 15:15:02] ERROR: Invalid user name or password
[2026-05-19 15:16:12] ERROR: Unable to establish socket session, Connection timed out
[2026-05-19 15:17:11] ERROR: Unable to establish socket session, Connection timed out
[2026-05-19 15:18:11] ERROR: Unable to establish socket session, Connection timed out
[2026-05-19 15:19:02] ERROR: Invalid user name or password
[2026-05-19 15:20:12] ERROR: Unable to establish socket session, Connection timed out
[2026-05-19 15:21:11] ERROR: Unable to establish socket session, Connection timed out
[2026-05-19 15:22:11] ERROR: Unable to establish socket session, Connection timed out
[2026-05-19 15:23:11] ERROR: Unable to establish socket session, Connection timed out
[2026-05-19 15:24:12] ERROR: Unable to establish socket session, Connection timed out
[2026-05-19 15:25:01] ERROR: Invalid user name or password
[2026-05-19 15:26:03] ERROR: Invalid user name or password
[2026-05-19 15:27:11] ERROR: Unable to establish socket session, Connection timed out
[2026-05-19 15:28:12] ERROR: Unable to establish socket session, Connection timed out
[2026-05-19 15:29:11] ERROR: Unable to establish socket session, Connection timed out
[2026-05-19 15:30:11] ERROR: Unable to establish socket session, Connection timed out
[2026-05-19 15:31:11] ERROR: Unable to establish socket session, Connection timed out
[2026-05-19 15:32:12] ERROR: Unable to establish socket session, Connection timed out
[2026-05-19 15:33:01] ERROR: Invalid user name or password
[2026-05-19 15:34:11] ERROR: Unable to establish socket session, Connection timed out
[2026-05-19 15:35:02] ERROR: Invalid user name or password
[2026-05-19 15:36:03] ERROR: Invalid user name or password
[2026-05-19 15:37:11] ERROR: Unable to establish socket session, Connection timed out
[2026-05-19 15:38:11] ERROR: Unable to establish socket session, Connection timed out
[2026-05-19 15:39:12] ERROR: Unable to establish socket session, Connection timed out
[2026-05-19 15:40:11] ERROR: Unable to establish socket session, Connection timed out
[2026-05-19 15:41:11] ERROR: Unable to establish socket session, Connection timed out
[2026-05-19 15:42:01] ERROR: Invalid user name or password
[2026-05-19 15:43:12] ERROR: Unable to establish socket session, Connection timed out
[2026-05-19 15:44:11] ERROR: Unable to establish socket session, Connection timed out
[2026-05-19 15:45:11] ERROR: Unable to establish socket session, Connection timed out
[2026-05-19 15:46:11] ERROR: Unable to establish socket session, Connection timed out
[2026-05-19 15:47:12] ERROR: Unable to establish socket session, Connection timed out
[2026-05-19 15:48:11] ERROR: Unable to establish socket session, Connection timed out
[2026-05-19 15:49:11] ERROR: Unable to establish socket session, Connection timed out
[2026-05-19 15:50:11] ERROR: Unable to establish socket session, Connection timed out
[2026-05-19 15:51:11] ERROR: Unable to establish socket session, Connection timed out
[2026-05-19 15:52:11] ERROR: Unable to establish socket session, Connection timed out
[2026-05-19 15:53:11] ERROR: Unable to establish socket session, Connection timed out
[2026-05-19 15:54:11] ERROR: Unable to establish socket session, Connection timed out
[2026-05-19 15:55:12] ERROR: Unable to establish socket session, Connection timed out
[2026-05-19 15:56:11] ERROR: Unable to establish socket session, Connection timed out
[2026-05-19 15:57:11] ERROR: Unable to establish socket session, Connection timed out
[2026-05-19 15:58:12] ERROR: Unable to establish socket session, Connection timed out
[2026-05-19 15:59:11] ERROR: Unable to establish socket session, Connection timed out
[2026-05-19 16:00:11] ERROR: Unable to establish socket session, Connection timed out
[2026-05-19 16:01:11] ERROR: Unable to establish socket session, Connection timed out
[2026-05-19 16:02:02] ERROR: Invalid user name or password
[2026-05-19 16:03:04] ERROR: Invalid user name or password
[2026-05-19 16:04:11] ERROR: Unable to establish socket session, Connection timed out
[2026-05-19 16:05:11] ERROR: Unable to establish socket session, Connection timed out
[2026-05-19 16:06:11] ERROR: Unable to establish socket session, Connection timed out
[2026-05-19 16:07:02] ERROR: Invalid user name or password
[2026-05-19 16:08:11] ERROR: Unable to establish socket session, Connection timed out
[2026-05-19 16:09:11] ERROR: Unable to establish socket session, Connection timed out
[2026-05-19 16:10:11] ERROR: Unable to establish socket session, Connection timed out
[2026-05-19 16:11:11] ERROR: Unable to establish socket session, Connection timed out
[2026-05-19 16:12:11] ERROR: Unable to establish socket session, Connection timed out
[2026-05-19 16:13:12] ERROR: Unable to establish socket session, Connection timed out
[2026-05-19 16:14:11] ERROR: Unable to establish socket session, Connection timed out
[2026-05-19 16:15:11] ERROR: Unable to establish socket session, Connection timed out
[2026-05-19 16:16:02] ERROR: Invalid user name or password
[2026-05-19 16:17:11] ERROR: Unable to establish socket session, Connection timed out
[2026-05-19 16:18:11] ERROR: Unable to establish socket session, Connection timed out
[2026-05-19 16:19:11] ERROR: Unable to establish socket session, Connection timed out
[2026-05-19 16:20:01] ERROR: Invalid user name or password
[2026-05-19 16:21:02] ERROR: Invalid user name or password
[2026-05-19 16:22:01] ERROR: Invalid user name or password
[2026-05-19 16:23:12] ERROR: Unable to establish socket session, Connection timed out
[2026-05-19 16:24:11] ERROR: Unable to establish socket session, Connection timed out
[2026-05-19 16:25:03] ERROR: Invalid user name or password
[2026-05-19 16:26:11] ERROR: Unable to establish socket session, Connection timed out
[2026-05-19 16:27:11] ERROR: Unable to establish socket session, Connection timed out
[2026-05-19 16:28:12] ERROR: Unable to establish socket session, Connection timed out
[2026-05-19 16:29:11] ERROR: Unable to establish socket session, Connection timed out
[2026-05-19 16:30:11] ERROR: Unable to establish socket session, Connection timed out
[2026-05-19 16:31:11] ERROR: Unable to establish socket session, Connection timed out
[2026-05-19 16:32:11] ERROR: Unable to establish socket session, Connection timed out
[2026-05-19 16:33:11] ERROR: Unable to establish socket session, Connection timed out
[2026-05-19 16:34:11] ERROR: Unable to establish socket session, Connection timed out
[2026-05-19 16:35:11] ERROR: Unable to establish socket session, Connection timed out
[2026-05-19 16:36:11] ERROR: Unable to establish socket session, Connection timed out
[2026-05-19 16:37:12] ERROR: Unable to establish socket session, Connection timed out
[2026-05-19 16:38:11] ERROR: Unable to establish socket session, Connection timed out
[2026-05-19 16:39:11] ERROR: Unable to establish socket session, Connection timed out
[2026-05-19 16:40:11] ERROR: Unable to establish socket session, Connection timed out
[2026-05-19 16:41:04] ERROR: Invalid user name or password
[2026-05-19 16:42:11] ERROR: Unable to establish socket session, Connection timed out
[2026-05-19 16:43:11] ERROR: Unable to establish socket session, Connection timed out
[2026-05-19 16:44:11] ERROR: Unable to establish socket session, Connection timed out
[2026-05-19 16:45:12] ERROR: Unable to establish socket session, Connection timed out
[2026-05-19 16:46:12] ERROR: Unable to establish socket session, Connection timed out
[2026-05-19 16:47:11] ERROR: Unable to establish socket session, Connection timed out
[2026-05-19 16:48:11] ERROR: Unable to establish socket session, Connection timed out
[2026-05-19 16:49:12] ERROR: Unable to establish socket session, Connection timed out
[2026-05-19 16:50:11] ERROR: Unable to establish socket session, Connection timed out
[2026-05-19 16:51:11] ERROR: Unable to establish socket session, Connection timed out
[2026-05-19 16:52:01] ERROR: Invalid user name or password
[2026-05-19 16:53:02] ERROR: Invalid user name or password
[2026-05-19 16:54:01] ERROR: Invalid user name or password
[2026-05-19 16:55:02] ERROR: Invalid user name or password
[2026-05-19 16:56:01] ERROR: Invalid user name or password
[2026-05-19 16:57:04] ERROR: Invalid user name or password
[2026-05-19 16:58:12] ERROR: Unable to establish socket session, Connection timed out
[2026-05-19 16:59:11] ERROR: Unable to establish socket session, Connection timed out
[2026-05-19 17:00:11] ERROR: Unable to establish socket session, Connection timed out
[2026-05-19 17:01:11] ERROR: Unable to establish socket session, Connection timed out
[2026-05-19 17:02:11] ERROR: Unable to establish socket session, Connection timed out
[2026-05-19 17:03:11] ERROR: Unable to establish socket session, Connection timed out
[2026-05-19 17:04:11] ERROR: Unable to establish socket session, Connection timed out
[2026-05-19 17:05:11] ERROR: Unable to establish socket session, Connection timed out
[2026-05-19 17:06:12] ERROR: Unable to establish socket session, Connection timed out
[2026-05-19 17:07:11] ERROR: Unable to establish socket session, Connection timed out
[2026-05-19 17:08:11] ERROR: Unable to establish socket session, Connection timed out
[2026-05-19 17:09:11] ERROR: Unable to establish socket session, Connection timed out
[2026-05-19 17:10:11] ERROR: Unable to establish socket session, Connection timed out
[2026-05-19 17:11:01] ERROR: Invalid user name or password
[2026-05-19 17:12:11] ERROR: Unable to establish socket session, Connection timed out
[2026-05-19 17:13:01] ERROR: Unable to establish socket session, Network is unreachable
[2026-05-19 17:14:11] ERROR: Unable to establish socket session, Connection timed out
[2026-05-19 17:15:11] ERROR: Unable to establish socket session, Connection timed out
[2026-05-19 17:16:11] ERROR: Unable to establish socket session, Connection timed out
[2026-05-19 17:17:11] ERROR: Unable to establish socket session, Connection timed out
[2026-05-19 17:18:02] ERROR: Invalid user name or password
[2026-05-19 17:19:12] ERROR: Unable to establish socket session, Connection timed out
[2026-05-19 17:20:11] ERROR: Unable to establish socket session, Connection timed out
[2026-05-19 17:21:01] ERROR: Invalid user name or password
[2026-05-19 17:22:01] ERROR: Invalid user name or password
[2026-05-19 17:23:11] ERROR: Unable to establish socket session, Connection timed out
[2026-05-19 17:24:01] ERROR: Invalid user name or password
[2026-05-19 17:25:01] ERROR: Invalid user name or password
[2026-05-19 17:26:02] ERROR: Invalid user name or password
[2026-05-19 17:27:03] ERROR: Invalid user name or password
[2026-05-19 17:28:01] ERROR: Invalid user name or password
[2026-05-19 17:29:01] ERROR: Invalid user name or password
[2026-05-19 17:30:01] ERROR: Invalid user name or password
[2026-05-19 17:31:03] ERROR: Invalid user name or password
[2026-05-19 17:32:02] ERROR: Invalid user name or password
[2026-05-19 17:33:02] ERROR: Invalid user name or password
[2026-05-19 17:34:03] ERROR: Invalid user name or password
[2026-05-19 17:35:02] ERROR: Invalid user name or password
[2026-05-19 17:36:01] ERROR: Invalid user name or password
[2026-05-19 17:37:01] ERROR: Invalid user name or password
[2026-05-19 17:38:03] ERROR: Invalid user name or password
[2026-05-19 17:39:01] ERROR: Invalid user name or password
[2026-05-19 17:40:01] ERROR: Invalid user name or password
[2026-05-19 17:41:03] ERROR: Invalid user name or password
[2026-05-19 17:42:01] ERROR: Invalid user name or password
[2026-05-19 17:43:01] ERROR: Invalid user name or password
[2026-05-19 17:44:04] ERROR: Invalid user name or password
[2026-05-19 17:45:02] ERROR: Invalid user name or password
[2026-05-19 17:46:01] ERROR: Invalid user name or password
[2026-05-19 17:47:02] ERROR: Invalid user name or password
[2026-05-19 17:48:04] ERROR: Invalid user name or password
[2026-05-19 17:49:02] ERROR: Invalid user name or password
[2026-05-19 17:50:01] ERROR: Invalid user name or password
[2026-05-19 17:51:01] ERROR: Invalid user name or password
[2026-05-19 17:52:02] ERROR: Invalid user name or password
[2026-05-19 17:53:01] ERROR: Invalid user name or password
[2026-05-19 17:54:01] ERROR: Invalid user name or password
[2026-05-19 17:55:02] ERROR: Invalid user name or password
[2026-05-19 17:56:02] ERROR: Invalid user name or password
[2026-05-19 17:57:02] ERROR: Invalid user name or password
[2026-05-19 17:58:01] ERROR: Invalid user name or password
[2026-05-19 17:59:01] ERROR: Invalid user name or password
[2026-05-19 18:00:02] ERROR: Invalid user name or password
[2026-05-19 18:01:01] ERROR: Invalid user name or password
[2026-05-19 18:02:01] ERROR: Invalid user name or password
[2026-05-19 18:03:02] ERROR: Invalid user name or password
[2026-05-19 18:04:02] ERROR: Invalid user name or password
[2026-05-19 18:05:01] ERROR: Invalid user name or password
[2026-05-19 18:06:02] ERROR: Invalid user name or password
[2026-05-19 18:07:01] ERROR: Invalid user name or password
[2026-05-19 18:08:01] ERROR: Invalid user name or password
[2026-05-19 18:09:02] ERROR: Invalid user name or password
[2026-05-19 18:10:01] ERROR: Invalid user name or password
[2026-05-19 18:11:02] ERROR: Invalid user name or password
[2026-05-19 18:12:01] ERROR: Invalid user name or password
[2026-05-19 18:13:01] ERROR: Invalid user name or password
[2026-05-19 18:14:02] ERROR: Invalid user name or password
[2026-05-19 18:15:01] ERROR: Invalid user name or password
[2026-05-19 18:16:01] ERROR: Invalid user name or password
[2026-05-19 18:17:02] ERROR: Invalid user name or password
[2026-05-19 18:18:02] ERROR: Invalid user name or password
[2026-05-19 18:19:02] ERROR: Invalid user name or password
[2026-05-19 18:20:01] ERROR: Invalid user name or password
[2026-05-19 18:21:02] ERROR: Invalid user name or password
[2026-05-19 18:22:01] ERROR: Invalid user name or password
[2026-05-19 18:23:01] ERROR: Invalid user name or password
[2026-05-19 18:24:02] ERROR: Invalid user name or password
[2026-05-19 18:25:02] Expired client disabled: 254704467699
[2026-05-19 18:25:03] Expired client disabled: MH-22A0239A
[2026-05-19 18:25:03] Expired client disabled: MH-F9AE177F
[2026-05-19 18:25:03] Expired client disabled: MH-808D5A26
[2026-05-19 18:25:04] Expired client disabled: MH-7766D521
[2026-05-19 18:25:04] Expired client disabled: MH-C429D58D
[2026-05-19 18:25:04] Expired client disabled: MH-46ABC1E8
[2026-05-19 18:25:04] Expired client disabled: MH-7449FDD5
[2026-05-19 18:25:04] Expired client disabled: MH-2FA5B558
[2026-05-19 18:25:04] Expired client disabled: MH-3ABD8703
[2026-05-19 18:26:01] No expired clients found.
[2026-05-19 18:27:01] No expired clients found.
[2026-05-19 18:28:01] No expired clients found.
[2026-05-19 18:29:01] No expired clients found.
[2026-05-19 18:30:02] No expired clients found.
[2026-05-19 18:31:01] No expired clients found.
[2026-05-19 18:32:01] No expired clients found.
[2026-05-19 18:33:02] No expired clients found.
[2026-05-19 18:34:01] No expired clients found.
[2026-05-19 18:35:02] No expired clients found.
[2026-05-19 18:36:01] No expired clients found.
[2026-05-19 18:37:01] No expired clients found.
[2026-05-19 18:38:01] No expired clients found.
[2026-05-19 18:39:01] No expired clients found.
[2026-05-19 18:40:01] No expired clients found.
[2026-05-19 18:41:01] No expired clients found.
[2026-05-19 18:42:01] No expired clients found.
[2026-05-19 18:43:01] No expired clients found.
[2026-05-19 18:44:01] No expired clients found.
[2026-05-19 18:45:01] No expired clients found.
[2026-05-19 18:46:01] No expired clients found.
[2026-05-19 18:47:01] No expired clients found.
[2026-05-19 18:48:01] No expired clients found.
[2026-05-19 18:49:01] No expired clients found.
[2026-05-19 18:50:01] No expired clients found.
[2026-05-19 18:51:01] No expired clients found.
[2026-05-19 18:52:02] No expired clients found.
[2026-05-19 18:53:01] No expired clients found.
[2026-05-19 18:54:02] No expired clients found.
[2026-05-19 18:55:01] No expired clients found.
[2026-05-19 18:56:02] No expired clients found.
[2026-05-19 18:57:01] No expired clients found.
[2026-05-19 18:58:01] No expired clients found.
[2026-05-19 18:59:01] No expired clients found.
[2026-05-19 19:00:02] No expired clients found.
[2026-05-19 19:01:01] No expired clients found.
[2026-05-19 19:02:01] No expired clients found.
[2026-05-19 19:03:01] No expired clients found.
[2026-05-19 19:04:01] No expired clients found.
[2026-05-19 19:05:02] No expired clients found.
[2026-05-19 19:06:01] No expired clients found.
[2026-05-19 19:07:01] No expired clients found.
[2026-05-19 19:08:01] No expired clients found.
[2026-05-19 19:09:01] No expired clients found.
[2026-05-19 19:10:01] No expired clients found.
[2026-05-19 19:11:01] No expired clients found.
[2026-05-19 19:12:01] No expired clients found.
[2026-05-19 19:13:01] No expired clients found.
[2026-05-19 19:14:02] No expired clients found.
[2026-05-19 19:15:01] No expired clients found.
[2026-05-19 19:16:01] No expired clients found.
[2026-05-19 19:17:01] No expired clients found.
[2026-05-19 19:18:01] No expired clients found.
[2026-05-19 19:19:01] No expired clients found.
[2026-05-19 19:20:01] No expired clients found.
[2026-05-19 19:21:01] No expired clients found.
[2026-05-19 19:22:01] No expired clients found.
[2026-05-19 19:23:01] No expired clients found.
[2026-05-19 19:24:01] No expired clients found.
[2026-05-19 19:25:01] No expired clients found.
[2026-05-19 19:26:02] No expired clients found.
[2026-05-19 19:27:01] No expired clients found.
[2026-05-19 19:28:01] No expired clients found.
[2026-05-19 19:29:02] No expired clients found.
[2026-05-19 19:30:01] No expired clients found.
[2026-05-19 19:31:01] No expired clients found.
[2026-05-19 19:32:02] No expired clients found.
[2026-05-19 19:33:01] No expired clients found.
[2026-05-19 19:34:01] No expired clients found.
[2026-05-19 19:35:01] No expired clients found.
[2026-05-19 19:36:01] No expired clients found.
[2026-05-19 19:37:01] No expired clients found.
[2026-05-19 19:38:01] No expired clients found.
[2026-05-19 19:39:01] No expired clients found.
[2026-05-19 19:40:01] No expired clients found.
[2026-05-19 19:41:01] No expired clients found.
[2026-05-19 19:42:01] No expired clients found.
[2026-05-19 19:43:01] No expired clients found.
[2026-05-19 19:44:01] No expired clients found.
[2026-05-19 19:45:01] No expired clients found.
[2026-05-19 19:46:01] No expired clients found.
[2026-05-19 19:47:01] No expired clients found.
[2026-05-19 19:48:02] No expired clients found.
[2026-05-19 19:49:01] No expired clients found.
[2026-05-19 19:50:01] No expired clients found.
[2026-05-19 19:51:01] No expired clients found.
[2026-05-19 19:52:02] No expired clients found.
[2026-05-19 19:53:01] No expired clients found.
[2026-05-19 19:54:01] No expired clients found.
[2026-05-19 19:55:01] No expired clients found.
[2026-05-19 19:56:01] No expired clients found.
[2026-05-19 19:57:01] No expired clients found.
[2026-05-19 19:58:01] No expired clients found.
[2026-05-19 19:59:01] No expired clients found.
[2026-05-19 20:00:02] No expired clients found.
[2026-05-19 20:01:01] No expired clients found.
[2026-05-19 20:02:01] No expired clients found.
[2026-05-19 20:03:01] No expired clients found.
[2026-05-19 20:04:01] No expired clients found.
[2026-05-19 20:05:02] No expired clients found.
[2026-05-19 20:06:01] No expired clients found.
[2026-05-19 20:07:01] No expired clients found.
[2026-05-19 20:08:01] No expired clients found.
[2026-05-19 20:09:01] No expired clients found.
[2026-05-19 20:10:01] No expired clients found.
[2026-05-19 20:11:01] No expired clients found.
[2026-05-19 20:12:01] No expired clients found.
[2026-05-19 20:13:02] No expired clients found.
[2026-05-19 20:14:01] No expired clients found.
[2026-05-19 20:15:01] No expired clients found.
[2026-05-19 20:16:01] No expired clients found.
[2026-05-19 20:17:01] No expired clients found.
[2026-05-19 20:18:02] No expired clients found.
[2026-05-19 20:19:01] No expired clients found.
[2026-05-19 20:20:02] No expired clients found.
[2026-05-19 20:21:02] No expired clients found.
[2026-05-19 20:22:01] No expired clients found.
[2026-05-19 20:23:01] No expired clients found.
[2026-05-19 20:24:01] No expired clients found.
[2026-05-19 20:25:01] No expired clients found.
[2026-05-19 20:26:02] No expired clients found.
[2026-05-19 20:27:01] No expired clients found.
[2026-05-19 20:28:01] No expired clients found.
[2026-05-19 20:29:01] No expired clients found.
[2026-05-19 20:30:01] No expired clients found.
[2026-05-19 20:31:01] No expired clients found.
[2026-05-19 20:32:02] No expired clients found.
[2026-05-19 20:33:01] No expired clients found.
[2026-05-19 20:34:01] No expired clients found.
[2026-05-19 20:35:01] No expired clients found.
[2026-05-19 20:36:01] No expired clients found.
[2026-05-19 20:37:01] No expired clients found.
[2026-05-19 20:38:02] No expired clients found.
[2026-05-19 20:39:01] No expired clients found.
[2026-05-19 20:40:01] No expired clients found.
[2026-05-19 20:41:01] No expired clients found.
[2026-05-19 20:42:02] No expired clients found.
[2026-05-19 20:43:01] No expired clients found.
[2026-05-19 20:44:01] No expired clients found.
[2026-05-19 20:45:02] No expired clients found.
[2026-05-19 20:46:01] No expired clients found.
[2026-05-19 20:47:01] No expired clients found.
[2026-05-19 20:48:01] No expired clients found.
[2026-05-19 20:49:01] No expired clients found.
[2026-05-19 20:50:02] No expired clients found.
[2026-05-19 20:51:01] No expired clients found.
[2026-05-19 20:52:01] No expired clients found.
[2026-05-19 20:53:01] No expired clients found.
[2026-05-19 20:54:01] No expired clients found.
[2026-05-19 20:55:01] No expired clients found.
[2026-05-19 20:56:02] No expired clients found.
[2026-05-19 20:57:01] No expired clients found.
[2026-05-19 20:58:01] No expired clients found.
[2026-05-19 20:59:01] No expired clients found.
[2026-05-19 21:00:01] No expired clients found.
[2026-05-19 21:01:01] No expired clients found.
[2026-05-19 21:02:01] No expired clients found.
[2026-05-19 21:03:01] No expired clients found.
[2026-05-19 21:04:01] No expired clients found.
[2026-05-19 21:05:01] No expired clients found.
[2026-05-19 21:06:01] No expired clients found.
[2026-05-19 21:07:01] No expired clients found.
[2026-05-19 21:08:01] No expired clients found.
[2026-05-19 21:09:01] No expired clients found.
[2026-05-19 21:10:01] No expired clients found.
[2026-05-19 21:11:02] No expired clients found.
[2026-05-19 21:12:01] No expired clients found.
[2026-05-19 21:13:01] No expired clients found.
[2026-05-19 21:14:02] No expired clients found.
[2026-05-19 21:15:01] No expired clients found.
[2026-05-19 21:16:01] No expired clients found.
[2026-05-19 21:17:02] No expired clients found.
[2026-05-19 21:18:01] No expired clients found.
[2026-05-19 21:19:01] No expired clients found.
[2026-05-19 21:20:02] No expired clients found.
[2026-05-19 21:21:01] No expired clients found.
[2026-05-19 21:22:01] No expired clients found.
[2026-05-19 21:23:01] No expired clients found.
[2026-05-19 21:24:01] No expired clients found.
[2026-05-19 21:25:01] No expired clients found.
[2026-05-19 21:26:02] No expired clients found.
[2026-05-19 21:27:01] No expired clients found.
[2026-05-19 21:28:01] No expired clients found.
[2026-05-19 21:29:01] No expired clients found.
[2026-05-19 21:30:01] No expired clients found.
[2026-05-19 21:31:02] No expired clients found.
[2026-05-19 21:32:01] No expired clients found.
[2026-05-19 21:33:01] No expired clients found.
[2026-05-19 21:34:02] No expired clients found.
[2026-05-19 21:35:01] No expired clients found.
[2026-05-19 21:36:01] No expired clients found.
[2026-05-19 21:37:02] No expired clients found.
[2026-05-19 21:38:01] No expired clients found.
[2026-05-19 21:39:01] No expired clients found.
[2026-05-19 21:40:02] No expired clients found.
[2026-05-19 21:41:01] No expired clients found.
[2026-05-19 21:42:02] No expired clients found.
[2026-05-19 21:43:01] No expired clients found.
[2026-05-19 21:44:01] No expired clients found.
[2026-05-19 21:45:01] No expired clients found.
[2026-05-19 21:46:02] No expired clients found.
[2026-05-19 21:47:01] No expired clients found.
[2026-05-19 21:48:01] No expired clients found.
[2026-05-19 21:49:01] No expired clients found.
[2026-05-19 21:50:01] No expired clients found.
[2026-05-19 21:51:01] No expired clients found.
[2026-05-19 21:52:02] No expired clients found.
[2026-05-19 21:53:01] No expired clients found.
[2026-05-19 21:54:01] No expired clients found.
[2026-05-19 21:55:01] No expired clients found.
[2026-05-19 21:56:01] No expired clients found.
[2026-05-19 21:57:02] No expired clients found.
[2026-05-19 21:58:02] No expired clients found.
[2026-05-19 21:59:01] No expired clients found.
[2026-05-19 22:00:02] No expired clients found.
[2026-05-19 22:01:01] No expired clients found.
[2026-05-19 22:02:01] No expired clients found.
[2026-05-19 22:03:01] No expired clients found.
[2026-05-19 22:04:01] No expired clients found.
[2026-05-19 22:05:01] No expired clients found.
[2026-05-19 22:06:01] No expired clients found.
[2026-05-19 22:07:01] No expired clients found.
[2026-05-19 22:08:01] No expired clients found.
[2026-05-19 22:09:01] No expired clients found.
[2026-05-19 22:10:02] No expired clients found.
[2026-05-19 22:11:01] No expired clients found.
[2026-05-19 22:12:01] No expired clients found.
[2026-05-19 22:13:01] No expired clients found.
[2026-05-19 22:14:01] No expired clients found.
[2026-05-19 22:15:01] No expired clients found.
[2026-05-19 22:16:02] No expired clients found.
[2026-05-19 22:17:01] No expired clients found.
[2026-05-19 22:18:01] No expired clients found.
[2026-05-19 22:19:01] No expired clients found.
[2026-05-19 22:20:01] No expired clients found.
[2026-05-19 22:21:01] No expired clients found.
[2026-05-19 22:22:01] No expired clients found.
[2026-05-19 22:23:01] No expired clients found.
[2026-05-19 22:24:01] No expired clients found.
[2026-05-19 22:25:01] No expired clients found.
[2026-05-19 22:26:02] No expired clients found.
[2026-05-19 22:27:02] No expired clients found.
[2026-05-19 22:28:01] No expired clients found.
[2026-05-19 22:29:01] No expired clients found.
[2026-05-19 22:30:01] No expired clients found.
[2026-05-19 22:31:02] Expired client disabled: MH-D17EAED7
[2026-05-19 22:32:02] No expired clients found.
[2026-05-19 22:33:01] No expired clients found.
[2026-05-19 22:34:01] No expired clients found.
[2026-05-19 22:35:01] No expired clients found.
[2026-05-19 22:36:01] No expired clients found.
[2026-05-19 22:37:01] No expired clients found.
[2026-05-19 22:38:01] No expired clients found.
[2026-05-19 22:39:02] No expired clients found.
[2026-05-19 22:40:01] No expired clients found.
[2026-05-19 22:41:01] No expired clients found.
[2026-05-19 22:42:01] No expired clients found.
[2026-05-19 22:43:01] No expired clients found.
[2026-05-19 22:44:01] No expired clients found.
[2026-05-19 22:45:01] No expired clients found.
[2026-05-19 22:46:01] No expired clients found.
[2026-05-19 22:47:01] No expired clients found.
[2026-05-19 22:48:01] No expired clients found.
[2026-05-19 22:49:01] No expired clients found.
[2026-05-19 22:50:01] No expired clients found.
[2026-05-19 22:51:01] No expired clients found.
[2026-05-19 22:52:01] No expired clients found.
[2026-05-19 22:53:01] No expired clients found.
[2026-05-19 22:54:02] No expired clients found.
[2026-05-19 22:55:01] No expired clients found.
[2026-05-19 22:56:01] No expired clients found.
[2026-05-19 22:57:01] No expired clients found.
[2026-05-19 22:58:01] No expired clients found.
[2026-05-19 22:59:01] No expired clients found.
[2026-05-19 23:00:01] No expired clients found.
[2026-05-19 23:01:01] No expired clients found.
[2026-05-19 23:02:01] No expired clients found.
[2026-05-19 23:03:02] No expired clients found.
[2026-05-19 23:04:01] No expired clients found.
[2026-05-19 23:05:01] No expired clients found.
[2026-05-19 23:06:01] No expired clients found.
[2026-05-19 23:07:01] No expired clients found.
[2026-05-19 23:08:02] No expired clients found.
[2026-05-19 23:09:01] No expired clients found.
[2026-05-19 23:10:02] No expired clients found.
[2026-05-19 23:11:01] No expired clients found.
[2026-05-19 23:12:01] No expired clients found.
[2026-05-19 23:13:02] No expired clients found.
[2026-05-19 23:14:01] No expired clients found.
[2026-05-19 23:15:01] No expired clients found.
[2026-05-19 23:16:01] No expired clients found.
[2026-05-19 23:17:01] No expired clients found.
[2026-05-19 23:18:01] No expired clients found.
[2026-05-19 23:19:01] No expired clients found.
[2026-05-19 23:20:02] No expired clients found.
[2026-05-19 23:21:01] No expired clients found.
[2026-05-19 23:22:01] No expired clients found.
[2026-05-19 23:23:01] No expired clients found.
[2026-05-19 23:24:02] No expired clients found.
[2026-05-19 23:25:02] No expired clients found.
[2026-05-19 23:26:01] No expired clients found.
[2026-05-19 23:27:02] No expired clients found.
[2026-05-19 23:28:01] No expired clients found.
[2026-05-19 23:29:01] No expired clients found.
[2026-05-19 23:30:01] No expired clients found.
[2026-05-19 23:31:01] No expired clients found.
[2026-05-19 23:32:02] No expired clients found.
[2026-05-19 23:33:01] No expired clients found.
[2026-05-19 23:34:02] No expired clients found.
[2026-05-19 23:35:01] No expired clients found.
[2026-05-19 23:36:02] No expired clients found.
[2026-05-19 23:37:01] No expired clients found.
[2026-05-19 23:38:02] No expired clients found.
[2026-05-19 23:39:02] No expired clients found.
[2026-05-19 23:40:01] No expired clients found.
[2026-05-19 23:41:01] No expired clients found.
[2026-05-19 23:42:01] No expired clients found.
[2026-05-19 23:43:02] No expired clients found.
[2026-05-19 23:44:01] No expired clients found.
[2026-05-19 23:45:01] No expired clients found.
[2026-05-19 23:46:01] No expired clients found.
[2026-05-19 23:47:01] No expired clients found.
[2026-05-19 23:48:01] No expired clients found.
[2026-05-19 23:49:01] No expired clients found.
[2026-05-19 23:50:01] No expired clients found.
[2026-05-19 23:51:01] No expired clients found.
[2026-05-19 23:52:01] No expired clients found.
[2026-05-19 23:53:01] No expired clients found.
[2026-05-19 23:54:02] No expired clients found.
[2026-05-19 23:55:01] No expired clients found.
[2026-05-19 23:56:03] No expired clients found.
[2026-05-19 23:57:01] No expired clients found.
[2026-05-19 23:58:01] No expired clients found.
[2026-05-19 23:59:02] No expired clients found.
[2026-05-20 00:00:01] No expired clients found.
[2026-05-20 00:01:01] No expired clients found.
[2026-05-20 00:02:01] No expired clients found.
[2026-05-20 00:03:01] No expired clients found.
[2026-05-20 00:04:01] No expired clients found.
[2026-05-20 00:05:01] No expired clients found.
[2026-05-20 00:06:01] No expired clients found.
[2026-05-20 00:07:01] No expired clients found.
[2026-05-20 00:08:02] No expired clients found.
[2026-05-20 00:09:01] No expired clients found.
[2026-05-20 00:10:01] No expired clients found.
[2026-05-20 00:11:02] No expired clients found.
[2026-05-20 00:12:01] No expired clients found.
[2026-05-20 00:13:01] No expired clients found.
[2026-05-20 00:14:02] No expired clients found.
[2026-05-20 00:15:01] No expired clients found.
[2026-05-20 00:16:01] No expired clients found.
[2026-05-20 00:17:01] No expired clients found.
[2026-05-20 00:18:01] No expired clients found.
[2026-05-20 00:19:01] No expired clients found.
[2026-05-20 00:20:01] No expired clients found.
[2026-05-20 00:24:03] No expired clients found.
[2026-05-20 00:25:01] No expired clients found.
[2026-05-20 00:26:01] No expired clients found.
[2026-05-20 00:27:01] No expired clients found.
[2026-05-20 00:28:02] No expired clients found.
[2026-05-20 00:29:02] No expired clients found.
[2026-05-20 00:30:01] No expired clients found.
[2026-05-20 00:31:02] No expired clients found.
[2026-05-20 00:32:01] No expired clients found.
[2026-05-20 00:33:01] No expired clients found.
[2026-05-20 00:34:01] No expired clients found.
[2026-05-20 00:35:01] No expired clients found.
[2026-05-20 00:36:01] No expired clients found.
[2026-05-20 00:37:01] No expired clients found.
[2026-05-20 00:38:01] No expired clients found.
[2026-05-20 00:39:02] No expired clients found.
[2026-05-20 00:40:01] No expired clients found.
[2026-05-20 00:41:01] No expired clients found.
[2026-05-20 00:42:02] No expired clients found.
[2026-05-20 00:43:01] No expired clients found.
[2026-05-20 00:44:02] No expired clients found.
[2026-05-20 00:45:01] No expired clients found.
[2026-05-20 00:46:02] No expired clients found.
[2026-05-20 00:47:01] No expired clients found.
[2026-05-20 00:48:01] No expired clients found.
[2026-05-20 00:49:01] No expired clients found.
[2026-05-20 00:50:02] No expired clients found.
[2026-05-20 00:51:01] No expired clients found.
[2026-05-20 00:52:01] No expired clients found.
[2026-05-20 00:53:01] No expired clients found.
[2026-05-20 00:54:01] No expired clients found.
[2026-05-20 00:55:01] No expired clients found.
[2026-05-20 00:56:01] No expired clients found.
[2026-05-20 00:57:01] No expired clients found.
[2026-05-20 00:58:01] No expired clients found.
[2026-05-20 00:59:01] No expired clients found.
[2026-05-20 01:00:01] No expired clients found.
[2026-05-20 01:01:01] No expired clients found.
[2026-05-20 01:02:01] No expired clients found.
[2026-05-20 01:03:01] No expired clients found.
[2026-05-20 01:04:01] No expired clients found.
[2026-05-20 01:05:01] No expired clients found.
[2026-05-20 01:06:02] No expired clients found.
[2026-05-20 01:07:01] No expired clients found.
[2026-05-20 01:08:01] No expired clients found.
[2026-05-20 01:09:01] No expired clients found.
[2026-05-20 01:10:01] No expired clients found.
[2026-05-20 01:11:01] No expired clients found.
[2026-05-20 01:12:01] No expired clients found.
[2026-05-20 01:13:01] No expired clients found.
[2026-05-20 01:14:01] No expired clients found.
[2026-05-20 01:15:01] No expired clients found.
[2026-05-20 01:16:01] No expired clients found.
[2026-05-20 01:17:01] No expired clients found.
[2026-05-20 01:18:02] No expired clients found.
[2026-05-20 01:19:01] No expired clients found.
[2026-05-20 01:20:01] No expired clients found.
[2026-05-20 01:21:01] No expired clients found.
[2026-05-20 01:22:01] No expired clients found.
[2026-05-20 01:23:02] No expired clients found.
[2026-05-20 01:24:01] No expired clients found.
[2026-05-20 01:25:01] No expired clients found.
[2026-05-20 01:26:01] No expired clients found.
[2026-05-20 01:27:01] No expired clients found.
[2026-05-20 01:28:01] No expired clients found.
[2026-05-20 01:29:01] No expired clients found.
[2026-05-20 01:30:01] No expired clients found.
[2026-05-20 01:31:01] No expired clients found.
[2026-05-20 01:32:01] No expired clients found.
[2026-05-20 01:33:01] No expired clients found.
[2026-05-20 01:34:01] No expired clients found.
[2026-05-20 01:35:02] No expired clients found.
[2026-05-20 01:36:01] No expired clients found.
[2026-05-20 01:37:01] No expired clients found.
[2026-05-20 01:38:01] No expired clients found.
[2026-05-20 01:39:02] No expired clients found.
[2026-05-20 01:40:01] No expired clients found.
[2026-05-20 01:41:01] No expired clients found.
[2026-05-20 01:42:01] No expired clients found.
[2026-05-20 01:43:01] No expired clients found.
[2026-05-20 01:44:01] No expired clients found.
[2026-05-20 01:45:01] No expired clients found.
[2026-05-20 01:46:01] No expired clients found.
[2026-05-20 01:47:01] No expired clients found.
[2026-05-20 01:48:02] No expired clients found.
[2026-05-20 01:49:01] No expired clients found.
[2026-05-20 01:50:01] No expired clients found.
[2026-05-20 01:51:01] No expired clients found.
[2026-05-20 01:52:01] No expired clients found.
[2026-05-20 01:53:01] No expired clients found.
[2026-05-20 01:54:01] No expired clients found.
[2026-05-20 01:55:01] No expired clients found.
[2026-05-20 01:56:01] No expired clients found.
[2026-05-20 01:57:01] No expired clients found.
[2026-05-20 01:58:01] No expired clients found.
[2026-05-20 01:59:01] No expired clients found.
[2026-05-20 02:00:02] No expired clients found.
[2026-05-20 02:01:01] No expired clients found.
[2026-05-20 02:02:01] No expired clients found.
[2026-05-20 02:03:01] No expired clients found.
[2026-05-20 02:04:02] No expired clients found.
[2026-05-20 02:05:01] No expired clients found.
[2026-05-20 02:06:01] No expired clients found.
[2026-05-20 02:07:02] No expired clients found.
[2026-05-20 02:08:01] No expired clients found.
[2026-05-20 02:09:01] No expired clients found.
[2026-05-20 02:10:01] No expired clients found.
[2026-05-20 02:11:01] No expired clients found.
[2026-05-20 02:12:01] No expired clients found.
[2026-05-20 02:13:02] No expired clients found.
[2026-05-20 02:14:01] No expired clients found.
[2026-05-20 02:15:01] No expired clients found.
[2026-05-20 02:16:01] No expired clients found.
[2026-05-20 02:17:01] No expired clients found.
[2026-05-20 02:18:01] No expired clients found.
[2026-05-20 02:19:01] No expired clients found.
[2026-05-20 02:20:01] No expired clients found.
[2026-05-20 02:21:01] No expired clients found.
[2026-05-20 02:22:01] No expired clients found.
[2026-05-20 02:23:01] No expired clients found.
[2026-05-20 02:24:01] No expired clients found.
[2026-05-20 02:25:01] No expired clients found.
[2026-05-20 02:26:01] No expired clients found.
[2026-05-20 02:27:01] No expired clients found.
[2026-05-20 02:28:02] No expired clients found.
[2026-05-20 02:29:01] No expired clients found.
[2026-05-20 02:30:01] No expired clients found.
[2026-05-20 02:31:02] No expired clients found.
[2026-05-20 02:32:01] No expired clients found.
[2026-05-20 02:33:01] No expired clients found.
[2026-05-20 02:34:02] No expired clients found.
[2026-05-20 02:35:01] No expired clients found.
[2026-05-20 02:36:01] No expired clients found.
[2026-05-20 02:37:01] No expired clients found.
[2026-05-20 02:38:01] No expired clients found.
[2026-05-20 02:39:02] No expired clients found.
[2026-05-20 02:40:01] No expired clients found.
[2026-05-20 02:41:01] No expired clients found.
[2026-05-20 02:42:01] No expired clients found.
[2026-05-20 02:43:02] No expired clients found.
[2026-05-20 02:44:01] No expired clients found.
[2026-05-20 02:45:01] No expired clients found.
[2026-05-20 02:46:01] No expired clients found.
[2026-05-20 02:47:01] No expired clients found.
[2026-05-20 02:48:01] No expired clients found.
[2026-05-20 02:49:01] No expired clients found.
[2026-05-20 02:50:02] No expired clients found.
[2026-05-20 02:51:01] No expired clients found.
[2026-05-20 02:52:01] No expired clients found.
[2026-05-20 02:53:01] No expired clients found.
[2026-05-20 02:54:01] No expired clients found.
[2026-05-20 02:55:02] No expired clients found.
[2026-05-20 02:56:01] No expired clients found.
[2026-05-20 02:57:01] No expired clients found.
[2026-05-20 02:58:02] No expired clients found.
[2026-05-20 02:59:01] No expired clients found.
[2026-05-20 03:00:01] No expired clients found.
[2026-05-20 03:01:01] No expired clients found.
[2026-05-20 03:02:02] No expired clients found.
[2026-05-20 03:03:01] No expired clients found.
[2026-05-20 03:04:01] No expired clients found.
[2026-05-20 03:05:01] No expired clients found.
[2026-05-20 03:06:01] No expired clients found.
[2026-05-20 03:07:01] No expired clients found.
[2026-05-20 03:08:01] No expired clients found.
[2026-05-20 03:09:01] No expired clients found.
[2026-05-20 03:10:01] No expired clients found.
[2026-05-20 03:11:01] No expired clients found.
[2026-05-20 03:12:01] No expired clients found.
[2026-05-20 03:13:01] No expired clients found.
[2026-05-20 03:14:01] No expired clients found.
[2026-05-20 03:15:02] No expired clients found.
[2026-05-20 03:16:01] No expired clients found.
[2026-05-20 03:17:01] No expired clients found.
[2026-05-20 03:18:02] No expired clients found.
[2026-05-20 03:19:01] No expired clients found.
[2026-05-20 03:20:02] No expired clients found.
[2026-05-20 03:21:01] No expired clients found.
[2026-05-20 03:22:01] No expired clients found.
[2026-05-20 03:23:01] No expired clients found.
[2026-05-20 03:24:02] No expired clients found.
[2026-05-20 03:25:01] No expired clients found.
[2026-05-20 03:26:02] No expired clients found.
[2026-05-20 03:27:01] No expired clients found.
[2026-05-20 03:28:01] No expired clients found.
[2026-05-20 03:29:01] No expired clients found.
[2026-05-20 03:30:02] No expired clients found.
[2026-05-20 03:31:01] No expired clients found.
[2026-05-20 03:32:02] No expired clients found.
[2026-05-20 03:33:01] No expired clients found.
[2026-05-20 03:34:01] No expired clients found.
[2026-05-20 03:35:02] No expired clients found.
[2026-05-20 03:36:01] No expired clients found.
[2026-05-20 03:37:01] No expired clients found.
[2026-05-20 03:38:01] No expired clients found.
[2026-05-20 03:39:01] No expired clients found.
[2026-05-20 03:40:01] No expired clients found.
[2026-05-20 03:41:01] No expired clients found.
[2026-05-20 03:42:01] No expired clients found.
[2026-05-20 03:43:01] No expired clients found.
[2026-05-20 03:44:01] No expired clients found.
[2026-05-20 03:45:01] No expired clients found.
[2026-05-20 03:46:01] No expired clients found.
[2026-05-20 03:47:01] No expired clients found.
[2026-05-20 03:48:02] No expired clients found.
[2026-05-20 03:49:01] No expired clients found.
[2026-05-20 03:50:01] No expired clients found.
[2026-05-20 03:51:01] No expired clients found.
[2026-05-20 03:52:02] No expired clients found.
[2026-05-20 03:53:01] No expired clients found.
[2026-05-20 03:54:01] No expired clients found.
[2026-05-20 03:55:02] No expired clients found.
[2026-05-20 03:56:01] No expired clients found.
[2026-05-20 03:57:01] No expired clients found.
[2026-05-20 03:58:01] No expired clients found.
[2026-05-20 03:59:01] No expired clients found.
[2026-05-20 04:00:01] No expired clients found.
[2026-05-20 04:01:01] No expired clients found.
[2026-05-20 04:02:01] No expired clients found.
[2026-05-20 04:03:01] No expired clients found.
[2026-05-20 04:04:01] No expired clients found.
[2026-05-20 04:05:01] No expired clients found.
[2026-05-20 04:06:02] No expired clients found.
[2026-05-20 04:07:01] No expired clients found.
[2026-05-20 04:08:01] No expired clients found.
[2026-05-20 04:09:02] No expired clients found.
[2026-05-20 04:10:01] No expired clients found.
[2026-05-20 04:11:01] No expired clients found.
[2026-05-20 04:12:01] No expired clients found.
[2026-05-20 04:13:01] No expired clients found.
[2026-05-20 04:14:01] No expired clients found.
[2026-05-20 04:15:01] No expired clients found.
[2026-05-20 04:16:01] No expired clients found.
[2026-05-20 04:17:02] No expired clients found.
[2026-05-20 04:18:01] No expired clients found.
[2026-05-20 04:19:01] No expired clients found.
[2026-05-20 04:20:01] No expired clients found.
[2026-05-20 04:21:01] No expired clients found.
[2026-05-20 04:22:01] No expired clients found.
[2026-05-20 04:23:01] No expired clients found.
[2026-05-20 04:24:01] No expired clients found.
[2026-05-20 04:25:01] No expired clients found.
[2026-05-20 04:26:01] No expired clients found.
[2026-05-20 04:27:01] No expired clients found.
[2026-05-20 04:28:02] No expired clients found.
[2026-05-20 04:29:01] No expired clients found.
[2026-05-20 04:30:01] No expired clients found.
[2026-05-20 04:31:01] No expired clients found.
[2026-05-20 04:32:01] No expired clients found.
[2026-05-20 04:33:01] No expired clients found.
[2026-05-20 04:34:01] No expired clients found.
[2026-05-20 04:35:01] No expired clients found.
[2026-05-20 04:36:01] No expired clients found.
[2026-05-20 04:37:01] No expired clients found.
[2026-05-20 04:38:01] No expired clients found.
[2026-05-20 04:39:01] No expired clients found.
[2026-05-20 04:40:01] No expired clients found.
[2026-05-20 04:41:01] No expired clients found.
[2026-05-20 04:42:02] No expired clients found.
[2026-05-20 04:43:01] No expired clients found.
[2026-05-20 04:44:01] No expired clients found.
[2026-05-20 04:45:02] No expired clients found.
[2026-05-20 04:46:01] No expired clients found.
[2026-05-20 04:47:01] No expired clients found.
[2026-05-20 04:48:01] No expired clients found.
[2026-05-20 04:49:01] No expired clients found.
[2026-05-20 04:50:01] No expired clients found.
[2026-05-20 04:51:01] No expired clients found.
[2026-05-20 04:52:01] No expired clients found.
[2026-05-20 04:53:01] No expired clients found.
[2026-05-20 04:54:02] No expired clients found.
[2026-05-20 04:55:01] No expired clients found.
[2026-05-20 04:56:01] No expired clients found.
[2026-05-20 04:57:01] No expired clients found.
[2026-05-20 04:58:01] No expired clients found.
[2026-05-20 04:59:01] No expired clients found.
[2026-05-20 05:00:01] No expired clients found.
[2026-05-20 05:01:01] No expired clients found.
[2026-05-20 05:02:02] No expired clients found.
[2026-05-20 05:03:01] No expired clients found.
[2026-05-20 05:04:01] No expired clients found.
[2026-05-20 05:05:01] No expired clients found.
[2026-05-20 05:06:01] No expired clients found.
[2026-05-20 05:07:01] No expired clients found.
[2026-05-20 05:08:02] No expired clients found.
[2026-05-20 05:09:01] No expired clients found.
[2026-05-20 05:10:01] No expired clients found.
[2026-05-20 05:11:01] No expired clients found.
[2026-05-20 05:12:01] No expired clients found.
[2026-05-20 05:13:01] No expired clients found.
[2026-05-20 05:14:01] No expired clients found.
[2026-05-20 05:15:01] No expired clients found.
[2026-05-20 05:16:01] No expired clients found.
[2026-05-20 05:17:01] No expired clients found.
[2026-05-20 05:18:01] No expired clients found.
[2026-05-20 05:19:01] No expired clients found.
[2026-05-20 05:20:02] No expired clients found.
[2026-05-20 05:21:01] No expired clients found.
[2026-05-20 05:22:01] No expired clients found.
[2026-05-20 05:23:01] No expired clients found.
[2026-05-20 05:24:01] No expired clients found.
[2026-05-20 05:25:01] No expired clients found.
[2026-05-20 05:26:01] No expired clients found.
[2026-05-20 05:27:01] No expired clients found.
[2026-05-20 05:28:01] No expired clients found.
[2026-05-20 05:29:01] No expired clients found.
[2026-05-20 05:30:01] No expired clients found.
[2026-05-20 05:31:01] No expired clients found.
[2026-05-20 05:32:01] No expired clients found.
[2026-05-20 05:33:02] No expired clients found.
[2026-05-20 05:34:01] No expired clients found.
[2026-05-20 05:35:01] No expired clients found.
[2026-05-20 05:36:01] No expired clients found.
[2026-05-20 05:37:01] No expired clients found.
[2026-05-20 05:38:01] No expired clients found.
[2026-05-20 05:39:01] No expired clients found.
[2026-05-20 05:40:02] No expired clients found.
[2026-05-20 05:41:01] No expired clients found.
[2026-05-20 05:42:01] No expired clients found.
[2026-05-20 05:43:01] No expired clients found.
[2026-05-20 05:44:01] No expired clients found.
[2026-05-20 05:45:01] No expired clients found.
[2026-05-20 05:46:01] No expired clients found.
[2026-05-20 05:47:01] No expired clients found.
[2026-05-20 05:48:01] No expired clients found.
[2026-05-20 05:49:01] No expired clients found.
[2026-05-20 05:50:01] No expired clients found.
[2026-05-20 05:51:01] No expired clients found.
[2026-05-20 05:52:01] No expired clients found.
[2026-05-20 05:53:01] No expired clients found.
[2026-05-20 05:54:01] No expired clients found.
[2026-05-20 05:55:02] No expired clients found.
[2026-05-20 05:56:01] No expired clients found.
[2026-05-20 05:57:01] No expired clients found.
[2026-05-20 05:58:02] No expired clients found.
[2026-05-20 05:59:01] No expired clients found.
[2026-05-20 06:00:02] No expired clients found.
[2026-05-20 06:01:01] No expired clients found.
[2026-05-20 06:02:01] No expired clients found.
[2026-05-20 06:03:01] No expired clients found.
[2026-05-20 06:04:01] No expired clients found.
[2026-05-20 06:05:02] No expired clients found.
[2026-05-20 06:06:01] No expired clients found.
[2026-05-20 06:07:01] No expired clients found.
[2026-05-20 06:08:01] No expired clients found.
[2026-05-20 06:09:01] No expired clients found.
[2026-05-20 06:10:01] No expired clients found.
[2026-05-20 06:11:02] No expired clients found.
[2026-05-20 06:12:01] No expired clients found.
[2026-05-20 06:13:01] No expired clients found.
[2026-05-20 06:14:02] No expired clients found.
[2026-05-20 06:15:01] No expired clients found.
[2026-05-20 06:16:01] No expired clients found.
[2026-05-20 06:17:01] No expired clients found.
[2026-05-20 06:18:01] No expired clients found.
[2026-05-20 06:19:01] No expired clients found.
[2026-05-20 06:20:01] No expired clients found.
[2026-05-20 06:21:01] No expired clients found.
[2026-05-20 06:22:01] No expired clients found.
[2026-05-20 06:23:01] No expired clients found.
[2026-05-20 06:24:01] No expired clients found.
[2026-05-20 06:25:01] No expired clients found.
[2026-05-20 06:26:01] No expired clients found.
[2026-05-20 06:27:01] No expired clients found.
[2026-05-20 06:28:01] No expired clients found.
[2026-05-20 06:29:01] No expired clients found.
[2026-05-20 06:30:01] No expired clients found.
[2026-05-20 06:31:01] No expired clients found.
[2026-05-20 06:32:02] No expired clients found.
[2026-05-20 06:33:01] No expired clients found.
[2026-05-20 06:34:01] No expired clients found.
[2026-05-20 06:35:01] No expired clients found.
[2026-05-20 06:36:01] No expired clients found.
[2026-05-20 06:37:01] No expired clients found.
[2026-05-20 06:38:01] No expired clients found.
[2026-05-20 06:39:01] No expired clients found.
[2026-05-20 06:40:01] No expired clients found.
[2026-05-20 06:41:01] No expired clients found.
[2026-05-20 06:42:01] No expired clients found.
[2026-05-20 06:43:01] No expired clients found.
[2026-05-20 06:44:01] No expired clients found.
[2026-05-20 06:45:01] No expired clients found.
[2026-05-20 06:46:01] No expired clients found.
[2026-05-20 06:47:01] No expired clients found.
[2026-05-20 06:48:02] No expired clients found.
[2026-05-20 06:49:01] No expired clients found.
[2026-05-20 06:50:01] No expired clients found.
[2026-05-20 06:51:01] No expired clients found.
[2026-05-20 06:52:01] No expired clients found.
[2026-05-20 06:53:01] No expired clients found.
[2026-05-20 06:54:01] No expired clients found.
[2026-05-20 06:55:02] No expired clients found.
[2026-05-20 06:56:01] No expired clients found.
[2026-05-20 06:57:02] No expired clients found.
[2026-05-20 06:58:01] No expired clients found.
[2026-05-20 06:59:01] No expired clients found.
[2026-05-20 07:00:01] No expired clients found.
[2026-05-20 07:01:01] No expired clients found.
[2026-05-20 07:02:01] No expired clients found.
[2026-05-20 07:03:01] No expired clients found.
[2026-05-20 07:04:01] No expired clients found.
[2026-05-20 07:05:01] No expired clients found.
[2026-05-20 07:06:01] No expired clients found.
[2026-05-20 07:07:01] No expired clients found.
[2026-05-20 07:08:01] No expired clients found.
[2026-05-20 07:09:01] No expired clients found.
[2026-05-20 07:10:01] No expired clients found.
[2026-05-20 07:11:01] No expired clients found.
[2026-05-20 07:12:01] No expired clients found.
[2026-05-20 07:13:01] No expired clients found.
[2026-05-20 07:14:01] No expired clients found.
[2026-05-20 07:15:01] No expired clients found.
[2026-05-20 07:16:01] No expired clients found.
[2026-05-20 07:17:01] No expired clients found.
[2026-05-20 07:18:01] No expired clients found.
[2026-05-20 07:19:01] No expired clients found.
[2026-05-20 07:20:01] No expired clients found.
[2026-05-20 07:21:01] No expired clients found.
[2026-05-20 07:22:01] No expired clients found.
[2026-05-20 07:23:01] No expired clients found.
[2026-05-20 07:24:01] No expired clients found.
[2026-05-20 07:25:02] No expired clients found.
[2026-05-20 07:26:01] No expired clients found.
[2026-05-20 07:27:01] No expired clients found.
[2026-05-20 07:28:01] No expired clients found.
[2026-05-20 07:29:01] No expired clients found.
[2026-05-20 07:30:02] No expired clients found.
[2026-05-20 07:31:01] No expired clients found.
[2026-05-20 07:32:01] No expired clients found.
[2026-05-20 07:33:02] No expired clients found.
[2026-05-20 07:34:01] No expired clients found.
[2026-05-20 07:35:01] No expired clients found.
[2026-05-20 07:36:01] No expired clients found.
[2026-05-20 07:37:02] No expired clients found.
[2026-05-20 07:38:01] No expired clients found.
[2026-05-20 07:39:01] No expired clients found.
[2026-05-20 07:40:01] No expired clients found.
[2026-05-20 07:41:01] No expired clients found.
[2026-05-20 07:42:01] No expired clients found.
[2026-05-20 07:43:01] No expired clients found.
[2026-05-20 07:44:01] No expired clients found.
[2026-05-20 07:45:01] No expired clients found.
[2026-05-20 07:46:01] No expired clients found.
[2026-05-20 07:47:02] No expired clients found.
[2026-05-20 07:48:01] No expired clients found.
[2026-05-20 07:49:01] No expired clients found.
[2026-05-20 07:50:01] No expired clients found.
[2026-05-20 07:51:01] No expired clients found.
[2026-05-20 07:52:02] No expired clients found.
[2026-05-20 07:53:01] No expired clients found.
[2026-05-20 07:54:01] No expired clients found.
[2026-05-20 07:55:01] No expired clients found.
[2026-05-20 07:56:01] No expired clients found.
[2026-05-20 07:57:01] No expired clients found.
[2026-05-20 07:58:01] No expired clients found.
[2026-05-20 07:59:01] No expired clients found.
[2026-05-20 08:00:01] No expired clients found.
[2026-05-20 08:01:01] No expired clients found.
[2026-05-20 08:02:02] No expired clients found.
[2026-05-20 08:03:01] No expired clients found.
[2026-05-20 08:04:01] No expired clients found.
[2026-05-20 08:05:01] No expired clients found.
[2026-05-20 08:06:01] No expired clients found.
[2026-05-20 08:07:01] No expired clients found.
[2026-05-20 08:08:01] No expired clients found.
[2026-05-20 08:09:01] No expired clients found.
[2026-05-20 08:10:01] No expired clients found.
[2026-05-20 08:11:01] No expired clients found.
[2026-05-20 08:12:01] No expired clients found.
[2026-05-20 08:13:01] No expired clients found.
[2026-05-20 08:14:01] No expired clients found.
[2026-05-20 08:15:01] No expired clients found.
[2026-05-20 08:16:01] No expired clients found.
[2026-05-20 08:17:02] No expired clients found.
[2026-05-20 08:18:01] No expired clients found.
[2026-05-20 08:19:01] No expired clients found.
[2026-05-20 08:20:02] No expired clients found.
[2026-05-20 08:21:01] No expired clients found.
[2026-05-20 08:22:02] No expired clients found.
[2026-05-20 08:23:01] No expired clients found.
[2026-05-20 08:24:02] No expired clients found.
[2026-05-20 08:25:01] No expired clients found.
[2026-05-20 08:26:01] No expired clients found.
[2026-05-20 08:27:01] No expired clients found.
[2026-05-20 08:28:01] No expired clients found.
[2026-05-20 08:29:01] No expired clients found.
[2026-05-20 08:30:01] No expired clients found.
[2026-05-20 08:31:01] No expired clients found.
[2026-05-20 08:32:01] No expired clients found.
[2026-05-20 08:33:01] No expired clients found.
[2026-05-20 08:34:01] No expired clients found.
[2026-05-20 08:35:01] No expired clients found.
[2026-05-20 08:36:01] No expired clients found.
[2026-05-20 08:37:01] No expired clients found.
[2026-05-20 08:38:01] No expired clients found.
[2026-05-20 08:39:01] No expired clients found.
[2026-05-20 08:40:01] No expired clients found.
[2026-05-20 08:41:01] No expired clients found.
[2026-05-20 08:42:01] No expired clients found.
[2026-05-20 08:43:01] No expired clients found.
[2026-05-20 08:44:01] No expired clients found.
[2026-05-20 08:45:01] No expired clients found.
[2026-05-20 08:46:01] No expired clients found.
[2026-05-20 08:47:01] No expired clients found.
[2026-05-20 08:48:01] No expired clients found.
[2026-05-20 08:49:01] No expired clients found.
[2026-05-20 08:50:01] No expired clients found.
[2026-05-20 08:51:02] No expired clients found.
[2026-05-20 08:52:01] No expired clients found.
[2026-05-20 08:53:01] No expired clients found.
[2026-05-20 08:54:01] No expired clients found.
[2026-05-20 08:55:01] No expired clients found.
[2026-05-20 08:56:01] No expired clients found.
[2026-05-20 08:57:01] No expired clients found.
[2026-05-20 08:58:02] No expired clients found.
[2026-05-20 08:59:01] No expired clients found.
[2026-05-20 09:00:01] No expired clients found.
[2026-05-20 09:01:01] No expired clients found.
[2026-05-20 09:02:01] No expired clients found.
[2026-05-20 09:03:01] No expired clients found.
[2026-05-20 09:04:01] No expired clients found.
[2026-05-20 09:05:01] No expired clients found.
[2026-05-20 09:06:02] No expired clients found.
[2026-05-20 09:07:01] No expired clients found.
[2026-05-20 09:08:01] No expired clients found.
[2026-05-20 09:09:02] No expired clients found.
[2026-05-20 09:10:01] No expired clients found.
[2026-05-20 09:11:01] No expired clients found.
[2026-05-20 09:12:01] No expired clients found.
[2026-05-20 09:13:01] No expired clients found.
[2026-05-20 09:14:01] No expired clients found.
[2026-05-20 09:15:01] No expired clients found.
[2026-05-20 09:16:01] No expired clients found.
[2026-05-20 09:17:01] No expired clients found.
[2026-05-20 09:18:01] No expired clients found.
[2026-05-20 09:19:01] No expired clients found.
[2026-05-20 09:20:01] No expired clients found.
[2026-05-20 09:21:01] No expired clients found.
[2026-05-20 09:22:01] No expired clients found.
[2026-05-20 09:23:01] No expired clients found.
[2026-05-20 09:24:01] No expired clients found.
[2026-05-20 09:25:02] No expired clients found.
[2026-05-20 09:26:01] No expired clients found.
[2026-05-20 09:27:01] No expired clients found.
[2026-05-20 09:28:01] No expired clients found.
[2026-05-20 09:29:01] No expired clients found.
[2026-05-20 09:30:01] No expired clients found.
[2026-05-20 09:31:01] No expired clients found.
[2026-05-20 09:32:01] No expired clients found.
[2026-05-20 09:33:01] No expired clients found.
[2026-05-20 09:34:01] No expired clients found.
[2026-05-20 09:35:01] No expired clients found.
[2026-05-20 09:36:01] No expired clients found.
[2026-05-20 09:37:01] No expired clients found.
[2026-05-20 09:38:01] No expired clients found.
[2026-05-20 09:39:01] No expired clients found.
[2026-05-20 09:40:01] No expired clients found.
[2026-05-20 09:41:02] No expired clients found.
[2026-05-20 09:42:01] No expired clients found.
[2026-05-20 09:43:01] No expired clients found.
[2026-05-20 09:44:01] No expired clients found.
[2026-05-20 09:45:01] No expired clients found.
[2026-05-20 09:46:01] No expired clients found.
[2026-05-20 09:47:01] No expired clients found.
[2026-05-20 09:48:01] No expired clients found.
[2026-05-20 09:49:01] No expired clients found.
[2026-05-20 09:50:02] No expired clients found.
[2026-05-20 09:51:01] No expired clients found.
[2026-05-20 09:52:01] No expired clients found.
[2026-05-20 09:53:02] No expired clients found.
[2026-05-20 09:54:01] No expired clients found.
[2026-05-20 09:55:01] No expired clients found.
[2026-05-20 09:56:01] No expired clients found.
[2026-05-20 09:57:01] No expired clients found.
[2026-05-20 10:02:20] No expired clients found.
[2026-05-20 10:02:20] No expired clients found.
[2026-05-20 10:02:20] No expired clients found.
[2026-05-20 10:02:20] No expired clients found.
[2026-05-20 10:02:20] No expired clients found.
[2026-05-20 10:03:01] No expired clients found.
[2026-05-20 10:04:02] No expired clients found.
[2026-05-20 10:05:01] No expired clients found.
[2026-05-20 10:06:01] No expired clients found.
[2026-05-20 10:07:01] No expired clients found.
[2026-05-20 10:08:01] No expired clients found.
[2026-05-20 10:09:01] No expired clients found.
[2026-05-20 10:10:02] No expired clients found.
[2026-05-20 10:11:01] No expired clients found.
[2026-05-20 10:12:01] No expired clients found.
[2026-05-20 10:13:02] No expired clients found.
[2026-05-20 10:14:01] No expired clients found.
[2026-05-20 10:15:02] No expired clients found.
[2026-05-20 10:16:01] No expired clients found.
[2026-05-20 10:17:01] No expired clients found.
[2026-05-20 10:18:01] No expired clients found.
[2026-05-20 10:19:01] No expired clients found.
[2026-05-20 10:20:01] No expired clients found.
[2026-05-20 10:21:01] No expired clients found.
[2026-05-20 10:22:01] No expired clients found.
[2026-05-20 10:23:01] No expired clients found.
[2026-05-20 10:24:01] No expired clients found.
[2026-05-20 10:25:01] No expired clients found.
[2026-05-20 10:26:01] No expired clients found.
[2026-05-20 10:27:01] No expired clients found.
[2026-05-20 10:28:01] No expired clients found.
[2026-05-20 10:29:01] No expired clients found.
[2026-05-20 10:30:01] No expired clients found.
[2026-05-20 10:31:01] No expired clients found.
[2026-05-20 10:32:01] No expired clients found.
[2026-05-20 10:33:01] No expired clients found.
[2026-05-20 10:34:01] No expired clients found.
[2026-05-20 10:35:02] No expired clients found.
[2026-05-20 10:36:01] No expired clients found.
[2026-05-20 10:37:02] No expired clients found.
[2026-05-20 10:38:01] No expired clients found.
[2026-05-20 10:39:01] No expired clients found.
[2026-05-20 10:40:01] No expired clients found.
[2026-05-20 10:41:01] No expired clients found.
[2026-05-20 10:42:01] No expired clients found.
[2026-05-20 10:43:02] No expired clients found.
[2026-05-20 10:44:01] No expired clients found.
[2026-05-20 10:45:01] No expired clients found.
[2026-05-20 10:46:01] No expired clients found.
[2026-05-20 10:47:02] No expired clients found.
[2026-05-20 10:48:01] No expired clients found.
[2026-05-20 10:49:08] No expired clients found.
[2026-05-20 10:51:02] No expired clients found.
[2026-05-20 10:52:02] No expired clients found.
[2026-05-20 10:53:02] No expired clients found.
[2026-05-20 10:54:01] No expired clients found.
[2026-05-20 10:55:01] No expired clients found.
[2026-05-20 10:56:01] No expired clients found.
[2026-05-20 10:57:01] No expired clients found.
[2026-05-20 10:58:01] No expired clients found.
[2026-05-20 10:59:01] No expired clients found.
[2026-05-20 11:00:02] No expired clients found.
[2026-05-20 11:01:01] No expired clients found.
[2026-05-20 11:02:01] No expired clients found.
[2026-05-20 11:03:02] No expired clients found.
[2026-05-20 11:04:01] No expired clients found.
[2026-05-20 11:05:01] No expired clients found.
[2026-05-20 11:06:01] No expired clients found.
[2026-05-20 11:07:01] No expired clients found.
[2026-05-20 11:08:01] No expired clients found.
[2026-05-20 11:09:01] No expired clients found.
[2026-05-20 11:10:01] No expired clients found.
[2026-05-20 11:11:01] No expired clients found.
[2026-05-20 11:12:01] No expired clients found.
[2026-05-20 11:13:01] No expired clients found.
[2026-05-20 11:14:02] No expired clients found.
[2026-05-20 11:15:01] No expired clients found.
[2026-05-20 11:16:01] No expired clients found.
[2026-05-20 11:17:01] No expired clients found.
[2026-05-20 11:18:01] No expired clients found.
[2026-05-20 11:19:01] No expired clients found.
[2026-05-20 11:20:01] No expired clients found.
[2026-05-20 11:21:01] No expired clients found.
[2026-05-20 11:22:01] No expired clients found.
[2026-05-20 11:23:01] No expired clients found.
[2026-05-20 11:24:01] No expired clients found.
[2026-05-20 11:25:01] No expired clients found.
[2026-05-20 11:26:02] No expired clients found.
[2026-05-20 11:27:01] No expired clients found.
[2026-05-20 11:28:01] No expired clients found.
[2026-05-20 11:29:01] No expired clients found.
[2026-05-20 11:30:02] No expired clients found.
[2026-05-20 11:31:01] No expired clients found.
[2026-05-20 11:32:01] No expired clients found.
[2026-05-20 11:33:01] No expired clients found.
[2026-05-20 11:34:02] No expired clients found.
[2026-05-20 11:35:01] No expired clients found.
[2026-05-20 11:36:01] No expired clients found.
[2026-05-20 11:37:01] No expired clients found.
[2026-05-20 11:38:01] No expired clients found.
[2026-05-20 11:39:01] No expired clients found.
[2026-05-20 11:40:01] No expired clients found.
[2026-05-20 11:41:01] No expired clients found.
[2026-05-20 11:42:02] No expired clients found.
[2026-05-20 11:43:01] No expired clients found.
[2026-05-20 11:44:02] No expired clients found.
[2026-05-20 11:45:01] No expired clients found.
[2026-05-20 11:46:01] No expired clients found.
[2026-05-20 11:47:02] No expired clients found.
[2026-05-20 11:48:01] No expired clients found.
[2026-05-20 11:49:02] No expired clients found.
[2026-05-20 11:50:01] No expired clients found.
[2026-05-20 11:51:01] No expired clients found.
[2026-05-20 11:52:01] No expired clients found.
[2026-05-20 11:53:01] No expired clients found.
[2026-05-20 11:54:01] No expired clients found.
[2026-05-20 11:55:01] No expired clients found.
[2026-05-20 11:56:01] No expired clients found.
[2026-05-20 11:57:01] No expired clients found.
[2026-05-20 11:58:01] No expired clients found.
[2026-05-20 11:59:02] No expired clients found.
[2026-05-20 12:00:01] No expired clients found.
[2026-05-20 12:01:01] No expired clients found.
[2026-05-20 12:02:01] No expired clients found.
[2026-05-20 12:03:01] No expired clients found.
[2026-05-20 12:04:01] No expired clients found.
[2026-05-20 12:05:01] No expired clients found.
[2026-05-20 12:06:02] No expired clients found.
[2026-05-20 12:07:01] No expired clients found.
[2026-05-20 12:08:01] No expired clients found.
[2026-05-20 12:09:01] No expired clients found.
[2026-05-20 12:10:01] No expired clients found.
[2026-05-20 12:11:01] No expired clients found.
[2026-05-20 12:12:01] No expired clients found.
[2026-05-20 12:13:01] No expired clients found.
[2026-05-20 12:14:01] No expired clients found.
[2026-05-20 12:15:01] No expired clients found.
[2026-05-20 12:16:01] No expired clients found.
[2026-05-20 12:17:02] No expired clients found.
[2026-05-20 12:18:01] No expired clients found.
[2026-05-20 12:19:01] No expired clients found.
[2026-05-20 12:20:01] No expired clients found.
[2026-05-20 12:21:01] No expired clients found.
[2026-05-20 12:22:02] No expired clients found.
[2026-05-20 12:23:01] No expired clients found.
[2026-05-20 12:24:01] No expired clients found.
[2026-05-20 12:25:01] No expired clients found.
[2026-05-20 12:26:01] No expired clients found.
[2026-05-20 12:27:02] No expired clients found.
[2026-05-20 12:28:01] No expired clients found.
[2026-05-20 12:29:01] No expired clients found.
[2026-05-20 12:30:02] No expired clients found.
[2026-05-20 12:31:01] No expired clients found.
[2026-05-20 12:32:01] No expired clients found.
[2026-05-20 12:33:01] No expired clients found.
[2026-05-20 12:34:01] No expired clients found.
[2026-05-20 12:35:01] No expired clients found.
[2026-05-20 12:36:01] No expired clients found.
[2026-05-20 12:37:01] No expired clients found.
[2026-05-20 12:38:01] No expired clients found.
[2026-05-20 12:39:01] No expired clients found.
[2026-05-20 12:40:01] No expired clients found.
[2026-05-20 12:41:01] No expired clients found.
[2026-05-20 12:42:01] No expired clients found.
[2026-05-20 12:43:01] No expired clients found.
[2026-05-20 12:44:02] No expired clients found.
[2026-05-20 12:45:01] No expired clients found.
[2026-05-20 12:46:01] No expired clients found.
[2026-05-20 12:47:01] No expired clients found.
[2026-05-20 12:48:01] No expired clients found.
[2026-05-20 12:49:01] No expired clients found.
[2026-05-20 12:50:01] No expired clients found.
[2026-05-20 12:51:02] No expired clients found.
[2026-05-20 12:52:02] No expired clients found.
[2026-05-20 12:53:02] No expired clients found.
[2026-05-20 12:54:01] No expired clients found.
[2026-05-20 12:55:02] No expired clients found.
[2026-05-20 12:56:01] No expired clients found.
[2026-05-20 12:57:01] No expired clients found.
[2026-05-20 12:58:01] No expired clients found.
[2026-05-20 12:59:01] No expired clients found.
[2026-05-20 13:00:02] No expired clients found.
[2026-05-20 13:01:01] No expired clients found.
[2026-05-20 13:02:02] No expired clients found.
[2026-05-20 13:03:01] No expired clients found.
[2026-05-20 13:04:01] No expired clients found.
[2026-05-20 13:05:01] No expired clients found.
[2026-05-20 13:06:01] No expired clients found.
[2026-05-20 13:07:01] No expired clients found.
[2026-05-20 13:08:01] No expired clients found.
[2026-05-20 13:09:02] No expired clients found.
[2026-05-20 13:10:01] No expired clients found.
[2026-05-20 13:11:01] No expired clients found.
[2026-05-20 13:12:01] No expired clients found.
[2026-05-20 13:13:01] No expired clients found.
[2026-05-20 13:14:01] No expired clients found.
[2026-05-20 13:15:02] No expired clients found.
[2026-05-20 13:16:01] No expired clients found.
[2026-05-20 13:17:01] No expired clients found.
[2026-05-20 13:18:01] No expired clients found.
[2026-05-20 13:19:01] No expired clients found.
[2026-05-20 13:20:01] No expired clients found.
[2026-05-20 13:21:01] No expired clients found.
[2026-05-20 13:22:01] No expired clients found.
[2026-05-20 13:23:01] No expired clients found.
[2026-05-20 13:24:01] No expired clients found.
[2026-05-20 13:25:01] No expired clients found.
[2026-05-20 13:26:01] No expired clients found.
[2026-05-20 13:27:02] No expired clients found.
[2026-05-20 13:28:01] No expired clients found.
[2026-05-20 13:29:01] No expired clients found.
[2026-05-20 13:30:01] No expired clients found.
[2026-05-20 13:31:01] No expired clients found.
[2026-05-20 13:32:01] No expired clients found.
[2026-05-20 13:33:01] No expired clients found.
[2026-05-20 13:34:01] No expired clients found.
[2026-05-20 13:35:01] No expired clients found.
[2026-05-20 13:36:01] No expired clients found.
[2026-05-20 13:37:01] No expired clients found.
[2026-05-20 13:38:02] No expired clients found.
[2026-05-20 13:39:01] No expired clients found.
[2026-05-20 13:40:01] No expired clients found.
[2026-05-20 13:41:01] No expired clients found.
[2026-05-20 13:42:01] No expired clients found.
[2026-05-20 13:43:01] No expired clients found.
[2026-05-20 13:44:01] No expired clients found.
[2026-05-20 13:45:02] No expired clients found.
[2026-05-20 13:46:01] No expired clients found.
[2026-05-20 13:47:01] No expired clients found.
[2026-05-20 13:48:02] No expired clients found.
[2026-05-20 13:49:02] No expired clients found.
[2026-05-20 13:50:01] No expired clients found.
[2026-05-20 13:51:01] No expired clients found.
[2026-05-20 13:52:01] No expired clients found.
[2026-05-20 13:53:01] No expired clients found.
[2026-05-20 13:54:01] No expired clients found.
[2026-05-20 13:55:01] No expired clients found.
[2026-05-20 13:56:01] No expired clients found.
[2026-05-20 13:57:01] No expired clients found.
[2026-05-20 13:58:01] No expired clients found.
[2026-05-20 13:59:01] No expired clients found.
[2026-05-20 14:00:02] No expired clients found.
[2026-05-20 14:01:01] No expired clients found.
[2026-05-20 14:02:02] No expired clients found.
[2026-05-20 14:03:01] No expired clients found.
[2026-05-20 14:04:01] No expired clients found.
[2026-05-20 14:05:01] No expired clients found.
[2026-05-20 14:06:01] No expired clients found.
[2026-05-20 14:07:01] No expired clients found.
[2026-05-20 14:08:01] No expired clients found.
[2026-05-20 14:09:01] No expired clients found.
[2026-05-20 14:10:01] No expired clients found.
[2026-05-20 14:11:02] No expired clients found.
[2026-05-20 14:12:01] No expired clients found.
[2026-05-20 14:13:01] No expired clients found.
[2026-05-20 14:14:01] No expired clients found.
[2026-05-20 14:15:01] No expired clients found.
[2026-05-20 14:16:02] No expired clients found.
[2026-05-20 14:17:01] No expired clients found.
[2026-05-20 14:18:01] No expired clients found.
[2026-05-20 14:19:01] No expired clients found.
[2026-05-20 14:20:02] No expired clients found.
[2026-05-20 14:21:01] No expired clients found.
[2026-05-20 14:22:02] No expired clients found.
[2026-05-20 14:23:01] No expired clients found.
[2026-05-20 14:24:01] No expired clients found.
[2026-05-20 14:25:01] No expired clients found.
[2026-05-20 14:26:03] No expired clients found.
[2026-05-20 14:27:01] No expired clients found.
[2026-05-20 14:28:01] No expired clients found.
[2026-05-20 14:29:02] No expired clients found.
[2026-05-20 14:30:01] No expired clients found.
[2026-05-20 14:31:01] No expired clients found.
[2026-05-20 14:32:01] No expired clients found.
[2026-05-20 14:33:01] No expired clients found.
[2026-05-20 14:34:01] No expired clients found.
[2026-05-20 14:35:01] No expired clients found.
[2026-05-20 14:36:02] No expired clients found.
[2026-05-20 14:37:01] No expired clients found.
[2026-05-20 14:38:01] No expired clients found.
[2026-05-20 14:39:01] No expired clients found.
[2026-05-20 14:40:01] No expired clients found.
[2026-05-20 14:41:01] No expired clients found.
[2026-05-20 14:42:01] No expired clients found.
[2026-05-20 14:43:01] No expired clients found.
[2026-05-20 14:44:01] No expired clients found.
[2026-05-20 14:45:02] No expired clients found.
[2026-05-20 14:46:02] No expired clients found.
[2026-05-20 14:47:01] No expired clients found.
[2026-05-20 14:48:01] No expired clients found.
[2026-05-20 14:49:01] No expired clients found.
[2026-05-20 14:50:02] No expired clients found.
[2026-05-20 14:51:01] No expired clients found.
[2026-05-20 14:52:01] No expired clients found.
[2026-05-20 14:53:01] No expired clients found.
[2026-05-20 14:54:02] No expired clients found.
[2026-05-20 14:55:02] No expired clients found.
[2026-05-20 14:56:01] No expired clients found.
[2026-05-20 14:57:01] No expired clients found.
[2026-05-20 14:58:02] No expired clients found.
[2026-05-20 14:59:01] No expired clients found.
[2026-05-20 15:00:01] No expired clients found.
[2026-05-20 15:01:02] No expired clients found.
[2026-05-20 15:02:02] No expired clients found.
[2026-05-20 15:03:01] No expired clients found.
[2026-05-20 15:04:01] No expired clients found.
[2026-05-20 15:05:01] No expired clients found.
[2026-05-20 15:06:02] No expired clients found.
[2026-05-20 15:07:02] No expired clients found.
[2026-05-20 15:08:01] No expired clients found.
[2026-05-20 15:09:01] No expired clients found.
[2026-05-20 15:10:02] No expired clients found.
[2026-05-20 15:11:01] No expired clients found.
[2026-05-20 15:12:02] No expired clients found.
[2026-05-20 15:13:01] No expired clients found.
[2026-05-20 15:14:02] No expired clients found.
[2026-05-20 15:15:01] No expired clients found.
[2026-05-20 15:16:01] No expired clients found.
[2026-05-20 15:17:01] No expired clients found.
[2026-05-20 15:18:01] No expired clients found.
[2026-05-20 15:19:01] No expired clients found.
[2026-05-20 15:20:01] No expired clients found.
[2026-05-20 15:21:02] No expired clients found.
[2026-05-20 15:22:01] No expired clients found.
[2026-05-20 15:23:01] No expired clients found.
[2026-05-20 15:24:01] No expired clients found.
[2026-05-20 15:25:01] No expired clients found.
[2026-05-20 15:26:01] No expired clients found.
[2026-05-20 15:27:01] No expired clients found.
[2026-05-20 15:28:01] No expired clients found.
[2026-05-20 15:29:01] No expired clients found.
[2026-05-20 15:30:01] No expired clients found.
[2026-05-20 15:31:02] No expired clients found.
[2026-05-20 15:32:01] No expired clients found.
[2026-05-20 15:33:01] No expired clients found.
[2026-05-20 15:34:01] No expired clients found.
[2026-05-20 15:35:01] No expired clients found.
[2026-05-20 15:36:01] No expired clients found.
[2026-05-20 15:37:02] No expired clients found.
[2026-05-20 15:38:01] No expired clients found.
[2026-05-20 15:39:01] No expired clients found.
[2026-05-20 15:40:01] No expired clients found.
[2026-05-20 15:41:01] No expired clients found.
[2026-05-20 15:42:01] No expired clients found.
[2026-05-20 15:43:01] No expired clients found.
[2026-05-20 15:45:01] No expired clients found.
[2026-05-20 15:46:01] No expired clients found.
[2026-05-20 15:47:01] No expired clients found.
[2026-05-20 15:48:01] No expired clients found.
[2026-05-20 15:49:01] No expired clients found.
[2026-05-20 15:50:01] No expired clients found.
[2026-05-20 15:51:01] No expired clients found.
[2026-05-20 15:52:01] No expired clients found.
[2026-05-20 15:53:01] No expired clients found.
[2026-05-20 15:54:01] No expired clients found.
[2026-05-20 15:55:01] No expired clients found.
[2026-05-20 15:56:01] No expired clients found.
[2026-05-20 15:57:01] No expired clients found.
[2026-05-20 15:58:01] No expired clients found.
[2026-05-20 15:59:01] No expired clients found.
[2026-05-20 16:00:02] No expired clients found.
[2026-05-20 16:01:01] No expired clients found.
[2026-05-20 16:02:01] No expired clients found.
[2026-05-20 16:03:01] No expired clients found.
[2026-05-20 16:04:01] No expired clients found.
[2026-05-20 16:05:01] No expired clients found.
[2026-05-20 16:06:02] No expired clients found.
[2026-05-20 16:07:01] No expired clients found.
[2026-05-20 16:08:01] No expired clients found.
[2026-05-20 16:09:01] No expired clients found.
[2026-05-20 16:10:02] No expired clients found.
[2026-05-20 16:11:01] No expired clients found.
[2026-05-20 16:12:02] No expired clients found.
[2026-05-20 16:13:01] No expired clients found.
[2026-05-20 16:14:01] No expired clients found.
[2026-05-20 16:15:01] No expired clients found.
[2026-05-20 16:16:02] No expired clients found.
[2026-05-20 16:17:01] No expired clients found.
[2026-05-20 16:18:01] No expired clients found.
[2026-05-20 16:19:02] No expired clients found.
[2026-05-20 16:20:01] No expired clients found.
[2026-05-20 16:21:01] No expired clients found.
[2026-05-20 16:22:02] No expired clients found.
[2026-05-20 16:23:01] No expired clients found.
[2026-05-20 16:24:02] No expired clients found.
[2026-05-20 16:25:01] No expired clients found.
[2026-05-20 16:26:01] No expired clients found.
[2026-05-20 16:27:01] No expired clients found.
[2026-05-20 16:28:01] No expired clients found.
[2026-05-20 16:29:01] No expired clients found.
[2026-05-20 16:30:01] No expired clients found.
[2026-05-20 16:31:01] No expired clients found.
[2026-05-20 16:32:01] No expired clients found.
[2026-05-20 16:33:01] No expired clients found.
[2026-05-20 16:34:01] No expired clients found.
[2026-05-20 16:35:01] No expired clients found.
[2026-05-20 16:36:01] No expired clients found.
[2026-05-20 16:37:01] No expired clients found.
[2026-05-20 16:38:01] No expired clients found.
[2026-05-20 16:39:01] No expired clients found.
[2026-05-20 16:40:02] No expired clients found.
[2026-05-20 16:41:01] No expired clients found.
[2026-05-20 16:42:01] No expired clients found.
[2026-05-20 16:43:01] No expired clients found.
[2026-05-20 16:44:01] No expired clients found.
[2026-05-20 16:45:01] No expired clients found.
[2026-05-20 16:46:01] No expired clients found.
[2026-05-20 16:47:01] No expired clients found.
[2026-05-20 16:48:01] No expired clients found.
[2026-05-20 16:49:01] No expired clients found.
[2026-05-20 16:50:01] No expired clients found.
[2026-05-20 16:51:02] No expired clients found.
[2026-05-20 16:52:01] No expired clients found.
[2026-05-20 16:53:01] No expired clients found.
[2026-05-20 16:54:01] No expired clients found.
[2026-05-20 16:55:01] No expired clients found.
[2026-05-20 16:56:01] No expired clients found.
[2026-05-20 16:57:01] No expired clients found.
[2026-05-20 16:58:01] No expired clients found.
[2026-05-20 16:59:02] No expired clients found.
[2026-05-20 17:00:01] No expired clients found.
[2026-05-20 17:01:01] No expired clients found.
[2026-05-20 17:02:01] No expired clients found.
[2026-05-20 17:03:01] No expired clients found.
[2026-05-20 17:04:02] No expired clients found.
[2026-05-20 17:05:01] No expired clients found.
[2026-05-20 17:06:02] No expired clients found.
[2026-05-20 17:07:01] No expired clients found.
[2026-05-20 17:08:01] No expired clients found.
[2026-05-20 17:09:01] No expired clients found.
[2026-05-20 17:10:01] No expired clients found.
[2026-05-20 17:11:01] No expired clients found.
[2026-05-20 17:12:01] No expired clients found.
[2026-05-20 17:13:01] No expired clients found.
[2026-05-20 17:14:01] No expired clients found.
[2026-05-20 17:15:01] No expired clients found.
[2026-05-20 17:16:01] No expired clients found.
[2026-05-20 17:17:01] No expired clients found.
[2026-05-20 17:18:01] No expired clients found.
[2026-05-20 17:19:01] No expired clients found.
[2026-05-20 17:20:01] No expired clients found.
[2026-05-20 17:21:01] No expired clients found.
[2026-05-20 17:22:01] No expired clients found.
[2026-05-20 17:23:01] No expired clients found.
[2026-05-20 17:24:01] No expired clients found.
[2026-05-20 17:25:01] No expired clients found.
[2026-05-20 17:26:01] No expired clients found.
[2026-05-20 17:27:02] No expired clients found.
[2026-05-20 17:28:01] No expired clients found.
[2026-05-20 17:29:01] No expired clients found.
[2026-05-20 17:30:01] No expired clients found.
[2026-05-20 17:31:01] No expired clients found.
[2026-05-20 17:32:01] No expired clients found.
[2026-05-20 17:33:01] No expired clients found.
[2026-05-20 17:34:01] No expired clients found.
[2026-05-20 17:35:01] No expired clients found.
[2026-05-20 17:36:01] No expired clients found.
[2026-05-20 17:37:01] No expired clients found.
[2026-05-20 17:38:01] No expired clients found.
[2026-05-20 17:39:01] No expired clients found.
[2026-05-20 17:40:02] No expired clients found.
[2026-05-20 17:41:01] No expired clients found.
[2026-05-20 17:42:01] No expired clients found.
[2026-05-20 17:43:01] No expired clients found.
[2026-05-20 17:44:01] No expired clients found.
[2026-05-20 17:45:01] No expired clients found.
[2026-05-20 17:46:01] No expired clients found.
[2026-05-20 17:47:01] No expired clients found.
[2026-05-20 17:48:02] No expired clients found.
[2026-05-20 17:49:02] No expired clients found.
[2026-05-20 17:50:01] No expired clients found.
[2026-05-20 17:51:01] No expired clients found.
[2026-05-20 17:52:01] No expired clients found.
[2026-05-20 17:53:01] No expired clients found.
[2026-05-20 17:54:01] No expired clients found.
[2026-05-20 17:55:02] No expired clients found.
[2026-05-20 17:56:01] No expired clients found.
[2026-05-20 17:57:01] No expired clients found.
[2026-05-20 17:58:01] No expired clients found.
[2026-05-20 17:59:01] No expired clients found.
[2026-05-20 18:00:01] No expired clients found.
[2026-05-20 18:01:01] No expired clients found.
[2026-05-20 18:02:02] No expired clients found.
[2026-05-20 18:03:01] No expired clients found.
[2026-05-20 18:04:01] No expired clients found.
[2026-05-20 18:05:01] No expired clients found.
[2026-05-20 18:06:01] No expired clients found.
[2026-05-20 18:07:01] No expired clients found.
[2026-05-20 18:08:01] No expired clients found.
[2026-05-20 18:09:02] No expired clients found.
[2026-05-20 18:10:01] No expired clients found.
[2026-05-20 18:11:02] No expired clients found.
[2026-05-20 18:12:01] No expired clients found.
[2026-05-20 18:13:01] No expired clients found.
[2026-05-20 18:14:01] No expired clients found.
[2026-05-20 18:15:01] No expired clients found.
[2026-05-20 18:16:01] No expired clients found.
[2026-05-20 18:17:01] No expired clients found.
[2026-05-20 18:18:01] No expired clients found.
[2026-05-20 18:19:02] No expired clients found.
[2026-05-20 18:20:01] No expired clients found.
[2026-05-20 18:21:01] No expired clients found.
[2026-05-20 18:22:01] No expired clients found.
[2026-05-20 18:23:01] No expired clients found.
[2026-05-20 18:24:01] No expired clients found.
[2026-05-20 18:25:02] No expired clients found.
[2026-05-20 18:26:02] No expired clients found.
[2026-05-20 18:27:01] No expired clients found.
[2026-05-20 18:28:01] No expired clients found.
[2026-05-20 18:29:01] No expired clients found.
[2026-05-20 18:30:01] No expired clients found.
[2026-05-20 18:31:01] No expired clients found.
[2026-05-20 18:32:01] No expired clients found.
[2026-05-20 18:33:01] No expired clients found.
[2026-05-20 18:34:01] No expired clients found.
[2026-05-20 18:35:01] No expired clients found.
[2026-05-20 18:36:01] No expired clients found.
[2026-05-20 18:37:01] No expired clients found.
[2026-05-20 18:38:01] No expired clients found.
[2026-05-20 18:39:01] No expired clients found.
[2026-05-20 18:40:01] No expired clients found.
[2026-05-20 18:41:01] No expired clients found.
[2026-05-20 18:42:01] No expired clients found.
[2026-05-20 18:43:01] No expired clients found.
[2026-05-20 18:44:01] No expired clients found.
[2026-05-20 18:45:01] No expired clients found.
[2026-05-20 18:46:01] No expired clients found.
[2026-05-20 18:47:02] No expired clients found.
[2026-05-20 18:48:01] No expired clients found.
[2026-05-20 18:49:01] No expired clients found.
[2026-05-20 18:50:02] No expired clients found.
[2026-05-20 18:51:01] No expired clients found.
[2026-05-20 18:52:02] No expired clients found.
[2026-05-20 18:53:01] No expired clients found.
[2026-05-20 18:54:01] No expired clients found.
[2026-05-20 18:55:01] No expired clients found.
[2026-05-20 18:56:01] No expired clients found.
[2026-05-20 18:57:01] No expired clients found.
[2026-05-20 18:58:01] No expired clients found.
[2026-05-20 18:59:01] No expired clients found.
[2026-05-20 19:00:01] No expired clients found.
[2026-05-20 19:01:01] No expired clients found.
[2026-05-20 19:02:02] No expired clients found.
[2026-05-20 19:03:01] No expired clients found.
[2026-05-20 19:04:02] No expired clients found.
[2026-05-20 19:05:01] No expired clients found.
[2026-05-20 19:06:02] No expired clients found.
[2026-05-20 19:07:01] No expired clients found.
[2026-05-20 19:08:01] No expired clients found.
[2026-05-20 19:09:02] No expired clients found.
[2026-05-20 19:10:01] No expired clients found.
[2026-05-20 19:11:02] No expired clients found.
[2026-05-20 19:12:01] No expired clients found.
[2026-05-20 19:13:01] No expired clients found.
[2026-05-20 19:14:01] No expired clients found.
[2026-05-20 19:15:01] No expired clients found.
[2026-05-20 19:16:01] No expired clients found.
[2026-05-20 19:17:01] No expired clients found.
[2026-05-20 19:18:01] No expired clients found.
[2026-05-20 19:19:01] No expired clients found.
[2026-05-20 19:20:01] No expired clients found.
[2026-05-20 19:21:01] No expired clients found.
[2026-05-20 19:22:02] No expired clients found.
[2026-05-20 19:23:01] No expired clients found.
[2026-05-20 19:24:01] No expired clients found.
[2026-05-20 19:25:02] No expired clients found.
[2026-05-20 19:26:01] No expired clients found.
[2026-05-20 19:27:02] No expired clients found.
[2026-05-20 19:28:01] No expired clients found.
[2026-05-20 19:29:02] No expired clients found.
[2026-05-20 19:30:01] No expired clients found.
[2026-05-20 19:31:01] No expired clients found.
[2026-05-20 19:32:01] No expired clients found.
[2026-05-20 19:33:01] No expired clients found.
[2026-05-20 19:34:04] No expired clients found.
[2026-05-20 19:35:01] No expired clients found.
[2026-05-20 19:36:01] No expired clients found.
[2026-05-20 19:37:02] No expired clients found.
[2026-05-20 19:38:01] No expired clients found.
[2026-05-20 19:39:01] No expired clients found.
[2026-05-20 19:40:01] No expired clients found.
[2026-05-20 19:41:02] No expired clients found.
[2026-05-20 19:42:01] No expired clients found.
[2026-05-20 19:43:01] No expired clients found.
[2026-05-20 19:44:01] No expired clients found.
[2026-05-20 19:45:01] No expired clients found.
[2026-05-20 19:46:01] No expired clients found.
[2026-05-20 19:47:01] No expired clients found.
[2026-05-20 19:48:01] No expired clients found.
[2026-05-20 19:49:01] No expired clients found.
[2026-05-20 19:50:01] No expired clients found.
[2026-05-20 19:51:01] No expired clients found.
[2026-05-20 19:52:02] No expired clients found.
[2026-05-20 19:53:03] No expired clients found.
[2026-05-20 19:54:02] No expired clients found.
[2026-05-20 19:55:01] No expired clients found.
[2026-05-20 19:56:01] No expired clients found.
[2026-05-20 19:57:01] No expired clients found.
[2026-05-20 19:58:01] No expired clients found.
[2026-05-20 19:59:01] No expired clients found.
[2026-05-20 20:00:01] No expired clients found.
[2026-05-20 20:01:01] No expired clients found.
[2026-05-20 20:02:01] No expired clients found.
[2026-05-20 20:03:01] No expired clients found.
[2026-05-20 20:04:01] No expired clients found.
[2026-05-20 20:05:02] No expired clients found.
[2026-05-20 20:06:01] No expired clients found.
[2026-05-20 20:07:01] No expired clients found.
[2026-05-20 20:08:01] No expired clients found.
[2026-05-20 20:09:02] No expired clients found.
[2026-05-20 20:10:01] No expired clients found.
[2026-05-20 20:11:01] No expired clients found.
[2026-05-20 20:12:02] No expired clients found.
[2026-05-20 20:13:01] No expired clients found.
[2026-05-20 20:14:01] No expired clients found.
[2026-05-20 20:15:01] No expired clients found.
[2026-05-20 20:16:01] No expired clients found.
[2026-05-20 20:17:02] No expired clients found.
[2026-05-20 20:18:01] No expired clients found.
[2026-05-20 20:19:02] No expired clients found.
[2026-05-20 20:20:01] No expired clients found.
[2026-05-20 20:21:01] No expired clients found.
[2026-05-20 20:22:01] No expired clients found.
[2026-05-20 20:23:02] No expired clients found.
[2026-05-20 20:24:01] No expired clients found.
[2026-05-20 20:25:01] No expired clients found.
[2026-05-20 20:26:01] No expired clients found.
[2026-05-20 20:27:01] No expired clients found.
[2026-05-20 20:28:02] No expired clients found.
[2026-05-20 20:29:01] No expired clients found.
[2026-05-20 20:30:01] No expired clients found.
[2026-05-20 20:31:01] No expired clients found.
[2026-05-20 20:32:01] No expired clients found.
[2026-05-20 20:33:01] No expired clients found.
[2026-05-20 20:34:01] No expired clients found.
[2026-05-20 20:35:02] No expired clients found.
[2026-05-20 20:36:01] No expired clients found.
[2026-05-20 20:37:01] No expired clients found.
[2026-05-20 20:38:01] No expired clients found.
[2026-05-20 20:39:01] No expired clients found.
[2026-05-20 20:40:01] No expired clients found.
[2026-05-20 20:41:01] No expired clients found.
[2026-05-20 20:42:01] No expired clients found.
[2026-05-20 20:43:01] No expired clients found.
[2026-05-20 20:44:01] No expired clients found.
[2026-05-20 20:45:01] No expired clients found.
[2026-05-20 20:46:01] No expired clients found.
[2026-05-20 20:47:02] No expired clients found.
[2026-05-20 20:48:01] No expired clients found.
[2026-05-20 20:49:01] No expired clients found.
[2026-05-20 20:50:02] No expired clients found.
[2026-05-20 20:51:01] No expired clients found.
[2026-05-20 20:52:01] No expired clients found.
[2026-05-20 20:53:02] No expired clients found.
[2026-05-20 20:54:01] No expired clients found.
[2026-05-20 20:55:02] No expired clients found.
[2026-05-20 20:56:01] No expired clients found.
[2026-05-20 20:57:01] No expired clients found.
[2026-05-20 20:58:01] No expired clients found.
[2026-05-20 20:59:01] No expired clients found.
[2026-05-20 21:00:01] No expired clients found.
[2026-05-20 21:01:02] No expired clients found.
[2026-05-20 21:02:01] No expired clients found.
[2026-05-20 21:03:01] No expired clients found.
[2026-05-20 21:04:01] No expired clients found.
[2026-05-20 21:05:01] No expired clients found.
[2026-05-20 21:06:01] No expired clients found.
[2026-05-20 21:07:01] No expired clients found.
[2026-05-20 21:08:01] No expired clients found.
[2026-05-20 21:09:01] No expired clients found.
[2026-05-20 21:10:01] No expired clients found.
[2026-05-20 21:11:01] No expired clients found.
[2026-05-20 21:12:01] No expired clients found.
[2026-05-20 21:13:02] No expired clients found.
[2026-05-20 21:14:01] No expired clients found.
[2026-05-20 21:15:01] No expired clients found.
[2026-05-20 21:16:01] No expired clients found.
[2026-05-20 21:17:01] No expired clients found.
[2026-05-20 21:18:01] No expired clients found.
[2026-05-20 21:19:01] No expired clients found.
[2026-05-20 21:20:01] No expired clients found.
[2026-05-20 21:21:01] No expired clients found.
[2026-05-20 21:22:01] No expired clients found.
[2026-05-20 21:23:01] No expired clients found.
[2026-05-20 21:24:02] No expired clients found.
[2026-05-20 21:25:01] No expired clients found.
[2026-05-20 21:26:02] No expired clients found.
[2026-05-20 21:27:01] No expired clients found.
[2026-05-20 21:28:01] No expired clients found.
[2026-05-20 21:29:01] No expired clients found.
[2026-05-20 21:30:01] No expired clients found.
[2026-05-20 21:31:01] No expired clients found.
[2026-05-20 21:32:01] No expired clients found.
[2026-05-20 21:33:01] No expired clients found.
[2026-05-20 21:34:01] No expired clients found.
[2026-05-20 21:35:01] No expired clients found.
[2026-05-20 21:36:01] No expired clients found.
[2026-05-20 21:37:01] No expired clients found.
[2026-05-20 21:38:01] No expired clients found.
[2026-05-20 21:39:01] No expired clients found.
[2026-05-20 21:40:01] No expired clients found.
[2026-05-20 21:41:01] No expired clients found.
[2026-05-20 21:42:02] No expired clients found.
[2026-05-20 21:43:01] No expired clients found.
[2026-05-20 21:44:02] No expired clients found.
[2026-05-20 21:45:01] No expired clients found.
[2026-05-20 21:46:01] No expired clients found.
[2026-05-20 21:47:01] No expired clients found.
[2026-05-20 21:48:02] No expired clients found.
[2026-05-20 21:49:01] No expired clients found.
[2026-05-20 21:50:01] No expired clients found.
[2026-05-20 21:51:01] No expired clients found.
[2026-05-20 21:52:01] No expired clients found.
[2026-05-20 21:53:01] No expired clients found.
[2026-05-20 21:54:01] No expired clients found.
[2026-05-20 21:55:02] No expired clients found.
[2026-05-20 21:56:01] No expired clients found.
[2026-05-20 21:57:02] No expired clients found.
[2026-05-20 21:58:01] No expired clients found.
[2026-05-20 21:59:02] No expired clients found.
[2026-05-20 22:00:01] No expired clients found.
[2026-05-20 22:01:01] No expired clients found.
[2026-05-20 22:02:02] No expired clients found.
[2026-05-20 22:03:01] No expired clients found.
[2026-05-20 22:04:01] No expired clients found.
[2026-05-20 22:05:01] No expired clients found.
[2026-05-20 22:06:01] No expired clients found.
[2026-05-20 22:07:02] No expired clients found.
[2026-05-20 22:08:01] No expired clients found.
[2026-05-20 22:09:01] No expired clients found.
[2026-05-20 22:10:02] No expired clients found.
[2026-05-20 22:11:01] No expired clients found.
[2026-05-20 22:12:01] No expired clients found.
[2026-05-20 22:13:02] No expired clients found.
[2026-05-20 22:14:01] No expired clients found.
[2026-05-20 22:15:02] No expired clients found.
[2026-05-20 22:16:01] No expired clients found.
[2026-05-20 22:17:01] No expired clients found.
[2026-05-20 22:18:01] No expired clients found.
[2026-05-20 22:19:02] No expired clients found.
[2026-05-20 22:20:01] No expired clients found.
[2026-05-20 22:21:01] No expired clients found.
[2026-05-20 22:22:01] No expired clients found.
[2026-05-20 22:23:01] No expired clients found.
[2026-05-20 22:24:01] No expired clients found.
[2026-05-20 22:25:02] No expired clients found.
[2026-05-20 22:26:01] No expired clients found.
[2026-05-20 22:27:01] No expired clients found.
[2026-05-20 22:28:02] No expired clients found.
[2026-05-20 22:29:01] No expired clients found.
[2026-05-20 22:30:01] No expired clients found.
[2026-05-20 22:31:01] No expired clients found.
[2026-05-20 22:32:01] No expired clients found.
[2026-05-20 22:33:02] No expired clients found.
[2026-05-20 22:34:01] No expired clients found.
[2026-05-20 22:35:01] No expired clients found.
[2026-05-20 22:36:01] No expired clients found.
[2026-05-20 22:37:01] No expired clients found.
[2026-05-20 22:38:02] No expired clients found.
[2026-05-20 22:39:01] No expired clients found.
[2026-05-20 22:40:01] No expired clients found.
[2026-05-20 22:41:01] No expired clients found.
[2026-05-20 22:42:02] No expired clients found.
[2026-05-20 22:43:01] No expired clients found.
[2026-05-20 22:44:01] No expired clients found.
[2026-05-20 22:45:01] No expired clients found.
[2026-05-20 22:46:02] No expired clients found.
[2026-05-20 22:47:01] No expired clients found.
[2026-05-20 22:48:01] No expired clients found.
[2026-05-20 22:49:01] No expired clients found.
[2026-05-20 22:50:01] No expired clients found.
[2026-05-20 22:51:01] No expired clients found.
[2026-05-20 22:52:01] No expired clients found.
[2026-05-20 22:53:01] No expired clients found.
[2026-05-20 22:54:01] No expired clients found.
[2026-05-20 22:55:01] No expired clients found.
[2026-05-20 22:56:01] No expired clients found.
[2026-05-20 22:57:01] No expired clients found.
[2026-05-20 22:58:01] No expired clients found.
[2026-05-20 22:59:02] No expired clients found.
[2026-05-20 23:00:01] No expired clients found.
[2026-05-20 23:01:02] No expired clients found.
[2026-05-20 23:02:01] No expired clients found.
[2026-05-20 23:03:01] No expired clients found.
[2026-05-20 23:04:01] No expired clients found.
[2026-05-20 23:05:01] No expired clients found.
[2026-05-20 23:06:01] No expired clients found.
[2026-05-20 23:07:02] No expired clients found.
[2026-05-20 23:08:01] No expired clients found.
[2026-05-20 23:09:01] No expired clients found.
[2026-05-20 23:10:01] No expired clients found.
[2026-05-20 23:11:02] No expired clients found.
[2026-05-20 23:12:01] No expired clients found.
[2026-05-20 23:13:01] No expired clients found.
[2026-05-20 23:14:02] No expired clients found.
[2026-05-20 23:15:01] No expired clients found.
[2026-05-20 23:16:01] No expired clients found.
[2026-05-20 23:17:02] No expired clients found.
[2026-05-20 23:18:01] No expired clients found.
[2026-05-20 23:19:01] No expired clients found.
[2026-05-20 23:20:02] No expired clients found.
[2026-05-20 23:21:01] No expired clients found.
[2026-05-20 23:22:01] No expired clients found.
[2026-05-20 23:23:01] No expired clients found.
[2026-05-20 23:24:02] No expired clients found.
[2026-05-20 23:25:01] No expired clients found.
[2026-05-20 23:26:01] No expired clients found.
[2026-05-20 23:27:01] No expired clients found.
[2026-05-20 23:28:02] No expired clients found.
[2026-05-20 23:29:01] No expired clients found.
[2026-05-20 23:30:01] No expired clients found.
[2026-05-20 23:31:02] No expired clients found.
[2026-05-20 23:32:01] No expired clients found.
[2026-05-20 23:33:01] No expired clients found.
[2026-05-20 23:34:01] No expired clients found.
[2026-05-20 23:35:01] No expired clients found.
[2026-05-20 23:36:01] No expired clients found.
[2026-05-20 23:37:01] No expired clients found.
[2026-05-20 23:38:02] No expired clients found.
[2026-05-20 23:39:01] No expired clients found.
[2026-05-20 23:40:01] No expired clients found.
[2026-05-20 23:41:01] No expired clients found.
[2026-05-20 23:42:01] No expired clients found.
[2026-05-20 23:43:01] No expired clients found.
[2026-05-20 23:44:01] No expired clients found.
[2026-05-20 23:45:01] No expired clients found.
[2026-05-20 23:46:01] No expired clients found.
[2026-05-20 23:47:01] No expired clients found.
[2026-05-20 23:48:01] No expired clients found.
[2026-05-20 23:49:02] No expired clients found.
[2026-05-20 23:50:01] No expired clients found.
[2026-05-20 23:51:01] No expired clients found.
[2026-05-20 23:52:01] No expired clients found.
[2026-05-20 23:53:01] No expired clients found.
[2026-05-20 23:54:02] No expired clients found.
[2026-05-20 23:55:02] No expired clients found.
[2026-05-20 23:56:01] No expired clients found.
[2026-05-20 23:57:01] No expired clients found.
[2026-05-20 23:58:01] No expired clients found.
[2026-05-20 23:59:01] No expired clients found.
[2026-05-21 00:00:02] No expired clients found.
[2026-05-21 00:01:01] No expired clients found.
[2026-05-21 00:02:01] No expired clients found.
[2026-05-21 00:03:01] No expired clients found.
[2026-05-21 00:04:01] No expired clients found.
[2026-05-21 00:05:02] No expired clients found.
[2026-05-21 00:06:01] No expired clients found.
[2026-05-21 00:07:01] No expired clients found.
[2026-05-21 00:08:02] No expired clients found.
[2026-05-21 00:09:01] No expired clients found.
[2026-05-21 00:10:01] No expired clients found.
[2026-05-21 00:11:01] No expired clients found.
[2026-05-21 00:12:02] No expired clients found.
[2026-05-21 00:13:01] No expired clients found.
[2026-05-21 00:14:01] No expired clients found.
[2026-05-21 00:15:01] No expired clients found.
[2026-05-21 00:16:02] No expired clients found.
[2026-05-21 00:17:01] No expired clients found.
[2026-05-21 00:18:01] No expired clients found.
[2026-05-21 00:19:01] No expired clients found.
[2026-05-21 00:20:02] No expired clients found.
[2026-05-21 00:21:01] No expired clients found.
[2026-05-21 00:22:01] No expired clients found.
[2026-05-21 00:23:01] No expired clients found.
[2026-05-21 00:24:01] No expired clients found.
[2026-05-21 00:25:01] No expired clients found.
[2026-05-21 00:26:01] No expired clients found.
[2026-05-21 00:27:01] No expired clients found.
[2026-05-21 00:28:02] No expired clients found.
[2026-05-21 00:29:01] No expired clients found.
[2026-05-21 00:30:01] No expired clients found.
[2026-05-21 00:31:02] No expired clients found.
[2026-05-21 00:32:01] No expired clients found.
[2026-05-21 00:33:01] No expired clients found.
[2026-05-21 00:34:01] No expired clients found.
[2026-05-21 00:35:01] No expired clients found.
[2026-05-21 00:36:01] No expired clients found.
[2026-05-21 00:37:01] No expired clients found.
[2026-05-21 00:38:01] No expired clients found.
[2026-05-21 00:39:02] No expired clients found.
[2026-05-21 00:40:01] No expired clients found.
[2026-05-21 00:41:01] No expired clients found.
[2026-05-21 00:42:01] No expired clients found.
[2026-05-21 00:43:01] No expired clients found.
[2026-05-21 00:44:01] No expired clients found.
[2026-05-21 00:45:01] No expired clients found.
[2026-05-21 00:46:01] No expired clients found.
[2026-05-21 00:47:01] No expired clients found.
[2026-05-21 00:48:02] No expired clients found.
[2026-05-21 00:49:01] No expired clients found.
[2026-05-21 00:50:01] No expired clients found.
[2026-05-21 00:51:01] No expired clients found.
[2026-05-21 00:52:01] No expired clients found.
[2026-05-21 00:53:02] No expired clients found.
[2026-05-21 00:54:01] No expired clients found.
[2026-05-21 00:55:01] No expired clients found.
[2026-05-21 00:56:01] No expired clients found.
[2026-05-21 00:57:01] No expired clients found.
[2026-05-21 00:58:01] No expired clients found.
[2026-05-21 00:59:01] No expired clients found.
[2026-05-21 01:00:01] No expired clients found.
[2026-05-21 01:03:02] No expired clients found.
[2026-05-21 01:04:01] No expired clients found.
[2026-05-21 01:05:01] No expired clients found.
[2026-05-21 01:06:02] No expired clients found.
[2026-05-21 01:07:01] No expired clients found.
[2026-05-21 01:08:01] No expired clients found.
[2026-05-21 01:09:01] No expired clients found.
[2026-05-21 01:10:02] No expired clients found.
[2026-05-21 01:11:01] No expired clients found.
[2026-05-21 01:12:01] No expired clients found.
[2026-05-21 01:13:01] No expired clients found.
[2026-05-21 01:14:02] No expired clients found.
[2026-05-21 01:15:01] No expired clients found.
[2026-05-21 01:16:01] No expired clients found.
[2026-05-21 01:17:01] No expired clients found.
[2026-05-21 01:18:01] No expired clients found.
[2026-05-21 01:19:01] No expired clients found.
[2026-05-21 01:20:01] No expired clients found.
[2026-05-21 01:21:01] No expired clients found.
[2026-05-21 01:22:01] No expired clients found.
[2026-05-21 01:23:02] No expired clients found.
[2026-05-21 01:24:01] No expired clients found.
[2026-05-21 01:25:01] No expired clients found.
[2026-05-21 01:26:01] No expired clients found.
[2026-05-21 01:27:01] No expired clients found.
[2026-05-21 01:28:01] No expired clients found.
[2026-05-21 01:29:01] No expired clients found.
[2026-05-21 01:30:01] No expired clients found.
[2026-05-21 01:31:01] No expired clients found.
[2026-05-21 01:32:02] No expired clients found.
[2026-05-21 01:33:01] No expired clients found.
[2026-05-21 01:34:01] No expired clients found.
[2026-05-21 01:35:01] No expired clients found.
[2026-05-21 01:36:01] No expired clients found.
[2026-05-21 01:37:01] No expired clients found.
[2026-05-21 01:38:01] No expired clients found.
[2026-05-21 01:39:01] No expired clients found.
[2026-05-21 01:40:01] No expired clients found.
[2026-05-21 01:41:01] No expired clients found.
[2026-05-21 01:42:01] No expired clients found.
[2026-05-21 01:43:01] No expired clients found.
[2026-05-21 01:44:01] No expired clients found.
[2026-05-21 01:45:01] No expired clients found.
[2026-05-21 01:46:02] No expired clients found.
[2026-05-21 01:47:01] No expired clients found.
[2026-05-21 01:48:01] No expired clients found.
[2026-05-21 01:49:01] No expired clients found.
[2026-05-21 01:50:02] No expired clients found.
[2026-05-21 01:51:01] No expired clients found.
[2026-05-21 01:52:01] No expired clients found.
[2026-05-21 01:53:01] No expired clients found.
[2026-05-21 01:54:01] No expired clients found.
[2026-05-21 01:55:01] No expired clients found.
[2026-05-21 01:56:01] No expired clients found.
[2026-05-21 01:57:02] No expired clients found.
[2026-05-21 01:58:01] No expired clients found.
[2026-05-21 01:59:01] No expired clients found.
[2026-05-21 02:00:01] No expired clients found.
[2026-05-21 02:01:01] No expired clients found.
[2026-05-21 02:02:01] No expired clients found.
[2026-05-21 02:03:01] No expired clients found.
[2026-05-21 02:04:01] No expired clients found.
[2026-05-21 02:05:01] No expired clients found.
[2026-05-21 02:06:01] No expired clients found.
[2026-05-21 02:07:01] No expired clients found.
[2026-05-21 02:08:01] No expired clients found.
[2026-05-21 02:09:02] No expired clients found.
[2026-05-21 02:10:01] No expired clients found.
[2026-05-21 02:11:01] No expired clients found.
[2026-05-21 02:12:01] No expired clients found.
[2026-05-21 02:13:02] No expired clients found.
[2026-05-21 02:14:01] No expired clients found.
[2026-05-21 02:15:01] No expired clients found.
[2026-05-21 02:16:01] No expired clients found.
[2026-05-21 02:17:01] No expired clients found.
[2026-05-21 02:18:01] No expired clients found.
[2026-05-21 02:19:01] No expired clients found.
[2026-05-21 02:20:01] No expired clients found.
[2026-05-21 02:21:01] No expired clients found.
[2026-05-21 02:22:01] No expired clients found.
[2026-05-21 02:23:01] No expired clients found.
[2026-05-21 02:24:01] No expired clients found.
[2026-05-21 02:25:02] No expired clients found.
[2026-05-21 02:26:01] No expired clients found.
[2026-05-21 02:27:01] No expired clients found.
[2026-05-21 02:28:01] No expired clients found.
[2026-05-21 02:29:01] No expired clients found.
[2026-05-21 02:30:01] No expired clients found.
[2026-05-21 02:31:02] No expired clients found.
[2026-05-21 02:32:01] No expired clients found.
[2026-05-21 02:33:01] No expired clients found.
[2026-05-21 02:34:01] No expired clients found.
[2026-05-21 02:35:01] No expired clients found.
[2026-05-21 02:36:01] No expired clients found.
[2026-05-21 02:37:01] No expired clients found.
[2026-05-21 02:38:01] No expired clients found.
[2026-05-21 02:39:02] No expired clients found.
[2026-05-21 02:40:01] No expired clients found.
[2026-05-21 02:41:01] No expired clients found.
[2026-05-21 02:42:01] No expired clients found.
[2026-05-21 02:43:02] No expired clients found.
[2026-05-21 02:44:05] No expired clients found.
[2026-05-21 02:45:02] No expired clients found.
[2026-05-21 02:46:01] No expired clients found.
[2026-05-21 02:47:01] No expired clients found.
[2026-05-21 02:48:01] No expired clients found.
[2026-05-21 02:49:01] No expired clients found.
[2026-05-21 02:50:01] No expired clients found.
[2026-05-21 02:51:01] No expired clients found.
[2026-05-21 02:52:01] No expired clients found.
[2026-05-21 02:53:02] No expired clients found.
[2026-05-21 02:54:01] No expired clients found.
[2026-05-21 02:55:01] No expired clients found.
[2026-05-21 02:56:01] No expired clients found.
[2026-05-21 02:57:01] No expired clients found.
[2026-05-21 02:58:01] No expired clients found.
[2026-05-21 02:59:01] No expired clients found.
[2026-05-21 03:00:01] No expired clients found.
[2026-05-21 03:01:02] No expired clients found.
[2026-05-21 03:02:01] No expired clients found.
[2026-05-21 03:03:01] No expired clients found.
[2026-05-21 03:04:01] No expired clients found.
[2026-05-21 03:05:01] No expired clients found.
[2026-05-21 03:06:01] No expired clients found.
[2026-05-21 03:07:01] No expired clients found.
[2026-05-21 03:08:02] No expired clients found.
[2026-05-21 03:09:01] No expired clients found.
[2026-05-21 03:10:01] No expired clients found.
[2026-05-21 03:11:01] No expired clients found.
[2026-05-21 03:12:01] No expired clients found.
[2026-05-21 03:13:01] No expired clients found.
[2026-05-21 03:14:01] No expired clients found.
[2026-05-21 03:15:02] No expired clients found.
[2026-05-21 03:16:01] No expired clients found.
[2026-05-21 03:17:01] No expired clients found.
[2026-05-21 03:18:01] No expired clients found.
[2026-05-21 03:19:01] No expired clients found.
[2026-05-21 03:20:01] No expired clients found.
[2026-05-21 03:21:01] No expired clients found.
[2026-05-21 03:22:01] No expired clients found.
[2026-05-21 03:23:02] No expired clients found.
[2026-05-21 03:24:01] No expired clients found.
[2026-05-21 03:25:01] No expired clients found.
[2026-05-21 03:26:01] No expired clients found.
[2026-05-21 03:27:01] No expired clients found.
[2026-05-21 03:28:01] No expired clients found.
[2026-05-21 03:29:01] No expired clients found.
[2026-05-21 03:30:02] No expired clients found.
[2026-05-21 03:31:01] No expired clients found.
[2026-05-21 03:32:01] No expired clients found.
[2026-05-21 03:33:01] No expired clients found.
[2026-05-21 03:34:01] No expired clients found.
[2026-05-21 03:35:01] No expired clients found.
[2026-05-21 03:36:01] No expired clients found.
[2026-05-21 03:37:01] No expired clients found.
[2026-05-21 03:38:02] No expired clients found.
[2026-05-21 03:39:01] No expired clients found.
[2026-05-21 03:40:01] No expired clients found.
[2026-05-21 03:41:01] No expired clients found.
[2026-05-21 03:42:01] No expired clients found.
[2026-05-21 03:43:01] No expired clients found.
[2026-05-21 03:44:01] No expired clients found.
[2026-05-21 03:45:01] No expired clients found.
[2026-05-21 03:46:01] No expired clients found.
[2026-05-21 03:47:02] No expired clients found.
[2026-05-21 03:48:01] No expired clients found.
[2026-05-21 03:49:01] No expired clients found.
[2026-05-21 03:50:01] No expired clients found.
[2026-05-21 03:51:02] No expired clients found.
[2026-05-21 03:52:01] No expired clients found.
[2026-05-21 03:53:01] No expired clients found.
[2026-05-21 03:54:02] No expired clients found.
[2026-05-21 03:55:01] No expired clients found.
[2026-05-21 03:56:01] No expired clients found.
[2026-05-21 03:57:01] No expired clients found.
[2026-05-21 03:58:01] No expired clients found.
[2026-05-21 03:59:01] No expired clients found.
[2026-05-21 04:00:01] No expired clients found.
[2026-05-21 04:01:01] No expired clients found.
[2026-05-21 04:02:02] No expired clients found.
[2026-05-21 04:03:01] No expired clients found.
[2026-05-21 04:04:01] No expired clients found.
[2026-05-21 04:05:02] No expired clients found.
[2026-05-21 04:06:01] No expired clients found.
[2026-05-21 04:07:01] No expired clients found.
[2026-05-21 04:08:01] No expired clients found.
[2026-05-21 04:09:02] No expired clients found.
[2026-05-21 04:10:01] No expired clients found.
[2026-05-21 04:11:01] No expired clients found.
[2026-05-21 04:12:01] No expired clients found.
[2026-05-21 04:13:01] No expired clients found.
[2026-05-21 04:14:01] No expired clients found.
[2026-05-21 04:15:01] No expired clients found.
[2026-05-21 04:16:01] No expired clients found.
[2026-05-21 04:17:01] No expired clients found.
[2026-05-21 04:18:01] No expired clients found.
[2026-05-21 04:19:01] No expired clients found.
[2026-05-21 04:20:01] No expired clients found.
[2026-05-21 04:21:01] No expired clients found.
[2026-05-21 04:22:01] No expired clients found.
[2026-05-21 04:23:01] No expired clients found.
[2026-05-21 04:24:02] No expired clients found.
[2026-05-21 04:25:01] No expired clients found.
[2026-05-21 04:26:01] No expired clients found.
[2026-05-21 04:27:01] No expired clients found.
[2026-05-21 04:28:02] No expired clients found.
[2026-05-21 04:29:01] No expired clients found.
[2026-05-21 04:30:01] No expired clients found.
[2026-05-21 04:31:01] No expired clients found.
[2026-05-21 04:32:02] No expired clients found.
[2026-05-21 04:33:01] No expired clients found.
[2026-05-21 04:34:01] No expired clients found.
[2026-05-21 04:35:01] No expired clients found.
[2026-05-21 04:36:01] No expired clients found.
[2026-05-21 04:37:01] No expired clients found.
[2026-05-21 04:38:01] No expired clients found.
[2026-05-21 04:39:02] No expired clients found.
[2026-05-21 04:40:01] No expired clients found.
[2026-05-21 04:41:01] No expired clients found.
[2026-05-21 04:42:01] No expired clients found.
[2026-05-21 04:43:02] No expired clients found.
[2026-05-21 04:44:01] No expired clients found.
[2026-05-21 04:45:01] No expired clients found.
[2026-05-21 04:46:01] No expired clients found.
[2026-05-21 04:47:02] No expired clients found.
[2026-05-21 04:48:01] No expired clients found.
[2026-05-21 04:49:01] No expired clients found.
[2026-05-21 04:50:01] No expired clients found.
[2026-05-21 04:51:02] No expired clients found.
[2026-05-21 04:52:01] No expired clients found.
[2026-05-21 04:53:01] No expired clients found.
[2026-05-21 04:54:01] No expired clients found.
[2026-05-21 04:55:02] No expired clients found.
[2026-05-21 04:56:01] No expired clients found.
[2026-05-21 04:57:01] No expired clients found.
[2026-05-21 04:58:02] No expired clients found.
[2026-05-21 04:59:01] No expired clients found.
[2026-05-21 05:00:01] No expired clients found.
[2026-05-21 05:01:02] No expired clients found.
[2026-05-21 05:02:01] No expired clients found.
[2026-05-21 05:03:01] No expired clients found.
[2026-05-21 05:04:02] No expired clients found.
[2026-05-21 05:05:01] No expired clients found.
[2026-05-21 05:06:01] No expired clients found.
[2026-05-21 05:07:02] No expired clients found.
[2026-05-21 05:08:01] No expired clients found.
[2026-05-21 05:09:01] No expired clients found.
[2026-05-21 05:10:01] No expired clients found.
[2026-05-21 05:11:02] No expired clients found.
[2026-05-21 05:12:01] No expired clients found.
[2026-05-21 05:13:01] No expired clients found.
[2026-05-21 05:14:01] No expired clients found.
[2026-05-21 05:15:02] No expired clients found.
[2026-05-21 05:16:01] No expired clients found.
[2026-05-21 05:17:01] No expired clients found.
[2026-05-21 05:18:02] No expired clients found.
[2026-05-21 05:19:01] No expired clients found.
[2026-05-21 05:20:02] No expired clients found.
[2026-05-21 05:21:01] No expired clients found.
[2026-05-21 05:22:01] No expired clients found.
[2026-05-21 05:23:01] No expired clients found.
[2026-05-21 05:24:01] No expired clients found.
[2026-05-21 05:25:01] No expired clients found.
[2026-05-21 05:26:01] No expired clients found.
[2026-05-21 05:27:02] No expired clients found.
[2026-05-21 05:28:01] No expired clients found.
[2026-05-21 05:29:01] No expired clients found.
[2026-05-21 05:30:01] No expired clients found.
[2026-05-21 05:31:01] No expired clients found.
[2026-05-21 05:32:01] No expired clients found.
[2026-05-21 05:33:01] No expired clients found.
[2026-05-21 05:34:01] No expired clients found.
[2026-05-21 05:35:02] No expired clients found.
[2026-05-21 05:36:01] No expired clients found.
[2026-05-21 05:37:01] No expired clients found.
[2026-05-21 05:38:01] No expired clients found.
[2026-05-21 05:39:02] No expired clients found.
[2026-05-21 05:40:01] No expired clients found.
[2026-05-21 05:41:01] No expired clients found.
[2026-05-21 05:42:01] No expired clients found.
[2026-05-21 05:43:02] No expired clients found.
[2026-05-21 05:44:01] No expired clients found.
[2026-05-21 05:45:03] No expired clients found.
[2026-05-21 05:46:01] No expired clients found.
[2026-05-21 05:47:01] No expired clients found.
[2026-05-21 05:48:01] No expired clients found.
[2026-05-21 05:49:02] No expired clients found.
[2026-05-21 05:50:01] No expired clients found.
[2026-05-21 05:51:01] No expired clients found.
[2026-05-21 05:52:02] No expired clients found.
[2026-05-21 05:53:01] No expired clients found.
[2026-05-21 05:54:01] No expired clients found.
[2026-05-21 05:55:01] No expired clients found.
[2026-05-21 05:56:01] No expired clients found.
[2026-05-21 05:57:01] No expired clients found.
[2026-05-21 05:58:01] No expired clients found.
[2026-05-21 05:59:01] No expired clients found.
[2026-05-21 06:00:01] No expired clients found.
[2026-05-21 06:01:01] No expired clients found.
[2026-05-21 06:02:01] No expired clients found.
[2026-05-21 06:03:01] No expired clients found.
[2026-05-21 06:04:01] No expired clients found.
[2026-05-21 06:05:01] No expired clients found.
[2026-05-21 06:06:01] No expired clients found.
[2026-05-21 06:07:01] No expired clients found.
[2026-05-21 06:08:02] No expired clients found.
[2026-05-21 06:09:01] No expired clients found.
[2026-05-21 06:10:01] No expired clients found.
[2026-05-21 06:11:01] No expired clients found.
[2026-05-21 06:12:01] No expired clients found.
[2026-05-21 06:13:01] No expired clients found.
[2026-05-21 06:14:01] No expired clients found.
[2026-05-21 06:15:02] No expired clients found.
[2026-05-21 06:16:01] No expired clients found.
[2026-05-21 06:17:02] No expired clients found.
[2026-05-21 06:18:01] No expired clients found.
[2026-05-21 06:19:01] No expired clients found.
[2026-05-21 06:20:02] No expired clients found.
[2026-05-21 06:21:01] No expired clients found.
[2026-05-21 06:22:01] No expired clients found.
[2026-05-21 06:23:01] No expired clients found.
[2026-05-21 06:24:02] No expired clients found.
[2026-05-21 06:25:01] No expired clients found.
[2026-05-21 06:26:01] No expired clients found.
[2026-05-21 06:27:01] No expired clients found.
[2026-05-21 06:28:01] No expired clients found.
[2026-05-21 06:29:01] No expired clients found.
[2026-05-21 06:30:01] No expired clients found.
[2026-05-21 06:31:01] No expired clients found.
[2026-05-21 06:32:01] No expired clients found.
[2026-05-21 06:33:01] No expired clients found.
[2026-05-21 06:34:02] No expired clients found.
[2026-05-21 06:35:01] No expired clients found.
[2026-05-21 06:36:01] No expired clients found.
[2026-05-21 06:37:01] No expired clients found.
[2026-05-21 06:38:02] No expired clients found.
[2026-05-21 06:39:01] No expired clients found.
[2026-05-21 06:40:01] No expired clients found.
[2026-05-21 06:41:02] No expired clients found.
[2026-05-21 06:42:01] No expired clients found.
[2026-05-21 06:43:01] No expired clients found.
[2026-05-21 06:44:01] No expired clients found.
[2026-05-21 06:45:01] No expired clients found.
[2026-05-21 06:46:01] No expired clients found.
[2026-05-21 06:47:01] No expired clients found.
[2026-05-21 06:48:01] No expired clients found.
[2026-05-21 06:49:01] No expired clients found.
[2026-05-21 06:50:02] No expired clients found.
[2026-05-21 06:51:01] No expired clients found.
[2026-05-21 06:52:01] No expired clients found.
[2026-05-21 06:53:01] No expired clients found.
[2026-05-21 06:54:02] No expired clients found.
[2026-05-21 06:55:01] No expired clients found.
[2026-05-21 06:56:01] No expired clients found.
[2026-05-21 06:57:01] No expired clients found.
[2026-05-21 06:58:02] No expired clients found.
[2026-05-21 06:59:01] No expired clients found.
[2026-05-21 07:00:01] No expired clients found.
[2026-05-21 07:01:01] No expired clients found.
[2026-05-21 07:02:02] No expired clients found.
[2026-05-21 07:03:01] No expired clients found.
[2026-05-21 07:04:01] No expired clients found.
[2026-05-21 07:05:01] No expired clients found.
[2026-05-21 07:06:02] No expired clients found.
[2026-05-21 07:07:01] No expired clients found.
[2026-05-21 07:08:01] No expired clients found.
[2026-05-21 07:09:01] No expired clients found.
[2026-05-21 07:10:01] No expired clients found.
[2026-05-21 07:11:01] No expired clients found.
[2026-05-21 07:12:01] No expired clients found.
[2026-05-21 07:13:01] No expired clients found.
[2026-05-21 07:14:01] No expired clients found.
[2026-05-21 07:15:02] No expired clients found.
[2026-05-21 07:16:01] No expired clients found.
[2026-05-21 07:17:01] No expired clients found.
[2026-05-21 07:18:01] No expired clients found.
[2026-05-21 07:19:01] No expired clients found.
[2026-05-21 07:20:02] No expired clients found.
[2026-05-21 07:21:01] No expired clients found.
[2026-05-21 07:22:01] No expired clients found.
[2026-05-21 07:23:01] No expired clients found.
[2026-05-21 07:24:02] No expired clients found.
[2026-05-21 07:25:01] No expired clients found.
[2026-05-21 07:26:01] No expired clients found.
[2026-05-21 07:27:01] No expired clients found.
[2026-05-21 07:28:01] No expired clients found.
[2026-05-21 07:29:01] No expired clients found.
[2026-05-21 07:30:01] No expired clients found.
[2026-05-21 07:31:01] No expired clients found.
[2026-05-21 07:32:01] No expired clients found.
[2026-05-21 07:33:01] No expired clients found.
[2026-05-21 07:34:01] No expired clients found.
[2026-05-21 07:35:01] No expired clients found.
[2026-05-21 07:36:01] No expired clients found.
[2026-05-21 07:37:02] No expired clients found.
[2026-05-21 07:38:01] No expired clients found.
[2026-05-21 07:39:01] No expired clients found.
[2026-05-21 07:40:01] No expired clients found.
[2026-05-21 07:41:01] No expired clients found.
[2026-05-21 07:42:01] No expired clients found.
[2026-05-21 07:43:01] No expired clients found.
[2026-05-21 07:44:01] No expired clients found.
[2026-05-21 07:45:01] No expired clients found.
[2026-05-21 07:46:01] No expired clients found.
[2026-05-21 07:47:01] No expired clients found.
[2026-05-21 07:48:01] No expired clients found.
[2026-05-21 07:49:01] No expired clients found.
[2026-05-21 07:50:01] No expired clients found.
[2026-05-21 07:51:01] No expired clients found.
[2026-05-21 07:52:01] No expired clients found.
[2026-05-21 07:53:01] No expired clients found.
[2026-05-21 07:54:01] No expired clients found.
[2026-05-21 07:55:02] No expired clients found.
[2026-05-21 07:56:01] No expired clients found.
[2026-05-21 07:57:01] No expired clients found.
[2026-05-21 07:58:01] No expired clients found.
[2026-05-21 07:59:01] No expired clients found.
[2026-05-21 08:00:01] No expired clients found.
[2026-05-21 08:01:01] No expired clients found.
[2026-05-21 08:02:02] No expired clients found.
[2026-05-21 08:03:02] No expired clients found.
[2026-05-21 08:04:01] No expired clients found.
[2026-05-21 08:05:01] No expired clients found.
[2026-05-21 08:06:01] No expired clients found.
[2026-05-21 08:07:01] No expired clients found.
[2026-05-21 08:08:01] No expired clients found.
[2026-05-21 08:09:01] No expired clients found.
[2026-05-21 08:10:01] No expired clients found.
[2026-05-21 08:11:01] No expired clients found.
[2026-05-21 08:12:01] No expired clients found.
[2026-05-21 08:13:01] No expired clients found.
[2026-05-21 08:14:01] No expired clients found.
[2026-05-21 08:15:01] No expired clients found.
[2026-05-21 08:16:01] No expired clients found.
[2026-05-21 08:17:01] No expired clients found.
[2026-05-21 08:18:01] No expired clients found.
[2026-05-21 08:19:01] No expired clients found.
[2026-05-21 08:20:01] No expired clients found.
[2026-05-21 08:21:01] No expired clients found.
[2026-05-21 08:22:01] No expired clients found.
[2026-05-21 08:23:01] No expired clients found.
[2026-05-21 08:24:01] No expired clients found.
[2026-05-21 08:25:02] No expired clients found.
[2026-05-21 08:26:01] No expired clients found.
[2026-05-21 08:27:01] No expired clients found.
[2026-05-21 08:28:01] No expired clients found.
[2026-05-21 08:29:02] No expired clients found.
[2026-05-21 08:30:01] No expired clients found.
[2026-05-21 08:31:01] No expired clients found.
[2026-05-21 08:32:01] No expired clients found.
[2026-05-21 08:33:01] No expired clients found.
[2026-05-21 08:34:02] No expired clients found.
[2026-05-21 08:35:01] No expired clients found.
[2026-05-21 08:36:01] No expired clients found.
[2026-05-21 08:37:01] No expired clients found.
[2026-05-21 08:38:02] No expired clients found.
[2026-05-21 08:39:01] No expired clients found.
[2026-05-21 08:40:01] No expired clients found.
[2026-05-21 08:41:01] No expired clients found.
[2026-05-21 08:42:01] No expired clients found.
[2026-05-21 08:43:02] No expired clients found.
[2026-05-21 08:44:01] No expired clients found.
[2026-05-21 08:45:01] No expired clients found.
[2026-05-21 08:46:01] No expired clients found.
[2026-05-21 08:47:01] No expired clients found.
[2026-05-21 08:48:02] No expired clients found.
[2026-05-21 08:49:01] No expired clients found.
[2026-05-21 08:50:01] No expired clients found.
[2026-05-21 08:51:01] No expired clients found.
[2026-05-21 08:52:02] No expired clients found.
[2026-05-21 08:53:01] No expired clients found.
[2026-05-21 08:54:01] No expired clients found.
[2026-05-21 08:55:01] No expired clients found.
[2026-05-21 08:56:01] No expired clients found.
[2026-05-21 08:57:01] No expired clients found.
[2026-05-21 08:58:01] No expired clients found.
[2026-05-21 08:59:01] No expired clients found.
[2026-05-21 09:00:01] No expired clients found.
[2026-05-21 09:01:02] No expired clients found.
[2026-05-21 09:02:01] No expired clients found.
[2026-05-21 09:03:01] No expired clients found.
[2026-05-21 09:04:01] No expired clients found.
[2026-05-21 09:05:01] No expired clients found.
[2026-05-21 09:06:01] No expired clients found.
[2026-05-21 09:07:01] No expired clients found.
[2026-05-21 09:08:01] No expired clients found.
[2026-05-21 09:09:01] No expired clients found.
[2026-05-21 09:10:02] No expired clients found.
[2026-05-21 09:11:01] No expired clients found.
[2026-05-21 09:12:01] No expired clients found.
[2026-05-21 09:13:01] No expired clients found.
[2026-05-21 09:14:01] No expired clients found.
[2026-05-21 09:15:02] No expired clients found.
[2026-05-21 09:16:01] No expired clients found.
[2026-05-21 09:17:01] No expired clients found.
[2026-05-21 09:18:01] No expired clients found.
[2026-05-21 09:19:02] No expired clients found.
[2026-05-21 09:20:01] No expired clients found.
[2026-05-21 09:21:01] No expired clients found.
[2026-05-21 09:22:01] No expired clients found.
[2026-05-21 09:23:01] No expired clients found.
[2026-05-21 09:24:02] No expired clients found.
[2026-05-21 09:25:01] No expired clients found.
[2026-05-21 09:26:01] No expired clients found.
[2026-05-21 09:27:01] No expired clients found.
[2026-05-21 09:28:02] No expired clients found.
[2026-05-21 09:29:01] No expired clients found.
[2026-05-21 09:30:01] No expired clients found.
[2026-05-21 09:31:01] No expired clients found.
[2026-05-21 09:32:01] No expired clients found.
[2026-05-21 09:33:02] No expired clients found.
[2026-05-21 09:34:01] No expired clients found.
[2026-05-21 09:35:01] No expired clients found.
[2026-05-21 09:36:01] No expired clients found.
[2026-05-21 09:37:02] No expired clients found.
[2026-05-21 09:38:01] No expired clients found.
[2026-05-21 09:39:01] No expired clients found.
[2026-05-21 09:40:01] No expired clients found.
[2026-05-21 09:41:02] No expired clients found.
[2026-05-21 09:42:01] No expired clients found.
[2026-05-21 09:43:01] No expired clients found.
[2026-05-21 09:44:01] No expired clients found.
[2026-05-21 09:45:01] No expired clients found.
[2026-05-21 09:46:01] No expired clients found.
[2026-05-21 09:47:01] No expired clients found.
[2026-05-21 09:48:01] No expired clients found.
[2026-05-21 09:49:01] No expired clients found.
[2026-05-21 09:50:01] No expired clients found.
[2026-05-21 09:51:01] No expired clients found.
[2026-05-21 09:52:01] No expired clients found.
[2026-05-21 09:53:01] No expired clients found.
[2026-05-21 09:54:01] No expired clients found.
[2026-05-21 09:55:01] No expired clients found.
[2026-05-21 09:56:01] No expired clients found.
[2026-05-21 09:57:01] No expired clients found.
[2026-05-21 09:58:01] No expired clients found.
[2026-05-21 09:59:01] No expired clients found.
[2026-05-21 10:00:02] No expired clients found.
[2026-05-21 10:01:01] No expired clients found.
[2026-05-21 10:02:01] No expired clients found.
[2026-05-21 10:03:01] No expired clients found.
[2026-05-21 10:04:01] No expired clients found.
[2026-05-21 10:05:01] No expired clients found.
[2026-05-21 10:06:01] No expired clients found.
[2026-05-21 10:07:01] No expired clients found.
[2026-05-21 10:08:01] No expired clients found.
[2026-05-21 10:09:01] No expired clients found.
[2026-05-21 10:10:01] No expired clients found.
[2026-05-21 10:11:01] No expired clients found.
[2026-05-21 10:12:01] No expired clients found.
[2026-05-21 10:13:01] No expired clients found.
[2026-05-21 10:14:01] No expired clients found.
[2026-05-21 10:15:01] No expired clients found.
[2026-05-21 10:16:02] No expired clients found.
[2026-05-21 10:17:01] No expired clients found.
[2026-05-21 10:18:01] No expired clients found.
[2026-05-21 10:19:01] No expired clients found.
[2026-05-21 10:20:01] No expired clients found.
[2026-05-21 10:21:01] No expired clients found.
[2026-05-21 10:22:02] No expired clients found.
[2026-05-21 10:23:01] No expired clients found.
[2026-05-21 10:24:01] No expired clients found.
[2026-05-21 10:25:01] No expired clients found.
[2026-05-21 10:26:01] No expired clients found.
[2026-05-21 10:27:01] No expired clients found.
[2026-05-21 10:28:01] No expired clients found.
[2026-05-21 10:29:01] No expired clients found.
[2026-05-21 10:30:02] No expired clients found.
[2026-05-21 10:31:01] No expired clients found.
[2026-05-21 10:32:01] No expired clients found.
[2026-05-21 10:33:01] No expired clients found.
[2026-05-21 10:34:01] No expired clients found.
[2026-05-21 10:35:01] No expired clients found.
[2026-05-21 10:36:01] No expired clients found.
[2026-05-21 10:37:01] No expired clients found.
[2026-05-21 10:38:01] No expired clients found.
[2026-05-21 10:39:01] No expired clients found.
[2026-05-21 10:40:01] No expired clients found.
[2026-05-21 10:41:01] No expired clients found.
[2026-05-21 10:42:02] No expired clients found.
[2026-05-21 10:43:01] No expired clients found.
[2026-05-21 10:44:01] No expired clients found.
[2026-05-21 10:45:01] No expired clients found.
[2026-05-21 10:46:02] No expired clients found.
[2026-05-21 10:47:01] No expired clients found.
[2026-05-21 10:48:01] No expired clients found.
[2026-05-21 10:49:01] No expired clients found.
[2026-05-21 10:50:01] No expired clients found.
[2026-05-21 10:51:01] No expired clients found.
[2026-05-21 10:52:01] No expired clients found.
[2026-05-21 10:53:01] No expired clients found.
[2026-05-21 10:54:01] No expired clients found.
[2026-05-21 10:55:02] No expired clients found.
[2026-05-21 10:56:01] No expired clients found.
[2026-05-21 10:57:01] No expired clients found.
[2026-05-21 10:58:01] No expired clients found.
[2026-05-21 10:59:02] No expired clients found.
[2026-05-21 11:00:01] No expired clients found.
[2026-05-21 11:01:01] No expired clients found.
[2026-05-21 11:02:01] No expired clients found.
[2026-05-21 11:03:01] No expired clients found.
[2026-05-21 11:04:01] No expired clients found.
[2026-05-21 11:05:01] No expired clients found.
[2026-05-21 11:06:01] No expired clients found.
[2026-05-21 11:07:01] No expired clients found.
[2026-05-21 11:08:01] No expired clients found.
[2026-05-21 11:09:01] No expired clients found.
[2026-05-21 11:10:01] No expired clients found.
[2026-05-21 11:11:01] No expired clients found.
[2026-05-21 11:12:01] No expired clients found.
[2026-05-21 11:13:01] No expired clients found.
[2026-05-21 11:14:02] No expired clients found.
[2026-05-21 11:15:01] No expired clients found.
[2026-05-21 11:16:01] No expired clients found.
[2026-05-21 11:17:01] No expired clients found.
[2026-05-21 11:18:01] No expired clients found.
[2026-05-21 11:19:01] No expired clients found.
[2026-05-21 11:20:01] No expired clients found.
[2026-05-21 11:21:01] No expired clients found.
[2026-05-21 11:22:01] No expired clients found.
[2026-05-21 11:23:01] No expired clients found.
[2026-05-21 11:24:02] No expired clients found.
[2026-05-21 11:25:01] No expired clients found.
[2026-05-21 11:26:01] No expired clients found.
[2026-05-21 11:27:01] No expired clients found.
[2026-05-21 11:28:01] No expired clients found.
[2026-05-21 11:29:01] No expired clients found.
[2026-05-21 11:30:01] No expired clients found.
[2026-05-21 11:31:01] No expired clients found.
[2026-05-21 11:32:02] No expired clients found.
[2026-05-21 11:33:01] No expired clients found.
[2026-05-21 11:34:01] No expired clients found.
[2026-05-21 11:35:01] No expired clients found.
[2026-05-21 11:36:02] No expired clients found.
[2026-05-21 11:37:01] No expired clients found.
[2026-05-21 11:38:01] No expired clients found.
[2026-05-21 11:39:02] No expired clients found.
[2026-05-21 11:40:01] No expired clients found.
[2026-05-21 11:41:01] No expired clients found.
[2026-05-21 11:42:01] No expired clients found.
[2026-05-21 11:43:01] No expired clients found.
[2026-05-21 11:44:02] No expired clients found.
[2026-05-21 11:45:01] No expired clients found.
[2026-05-21 11:46:01] No expired clients found.
[2026-05-21 11:47:01] No expired clients found.
[2026-05-21 11:48:01] No expired clients found.
[2026-05-21 11:49:01] No expired clients found.
[2026-05-21 11:50:01] No expired clients found.
[2026-05-21 11:51:01] No expired clients found.
[2026-05-21 11:52:01] No expired clients found.
[2026-05-21 11:53:01] No expired clients found.
[2026-05-21 11:54:01] No expired clients found.
[2026-05-21 11:55:01] No expired clients found.
[2026-05-21 11:56:01] No expired clients found.
[2026-05-21 11:57:01] No expired clients found.
[2026-05-21 11:58:01] No expired clients found.
[2026-05-21 11:59:02] No expired clients found.
[2026-05-21 12:00:02] No expired clients found.
[2026-05-21 12:01:01] No expired clients found.
[2026-05-21 12:02:02] No expired clients found.
[2026-05-21 12:03:01] No expired clients found.
[2026-05-21 12:04:01] No expired clients found.
[2026-05-21 12:05:01] No expired clients found.
[2026-05-21 12:06:01] No expired clients found.
[2026-05-21 12:07:02] No expired clients found.
[2026-05-21 12:08:01] No expired clients found.
[2026-05-21 12:09:01] No expired clients found.
[2026-05-21 12:10:01] No expired clients found.
[2026-05-21 12:11:01] No expired clients found.
[2026-05-21 12:12:01] No expired clients found.
[2026-05-21 12:13:01] No expired clients found.
[2026-05-21 12:14:02] No expired clients found.
[2026-05-21 12:15:01] No expired clients found.
[2026-05-21 12:16:01] No expired clients found.
[2026-05-21 12:17:01] No expired clients found.
[2026-05-21 12:18:02] No expired clients found.
[2026-05-21 12:19:01] No expired clients found.
[2026-05-21 12:20:01] No expired clients found.
[2026-05-21 12:21:01] No expired clients found.
[2026-05-21 12:22:01] No expired clients found.
[2026-05-21 12:23:02] No expired clients found.
[2026-05-21 12:24:01] No expired clients found.
[2026-05-21 12:25:01] No expired clients found.
[2026-05-21 12:26:01] No expired clients found.
[2026-05-21 12:27:01] No expired clients found.
[2026-05-21 12:28:01] No expired clients found.
[2026-05-21 12:29:01] No expired clients found.
[2026-05-21 12:30:02] No expired clients found.
[2026-05-21 12:31:01] No expired clients found.
[2026-05-21 12:32:01] No expired clients found.
[2026-05-21 12:33:01] No expired clients found.
[2026-05-21 12:34:02] No expired clients found.
[2026-05-21 12:35:01] No expired clients found.
[2026-05-21 12:36:01] No expired clients found.
[2026-05-21 12:37:01] No expired clients found.
[2026-05-21 12:38:02] No expired clients found.
[2026-05-21 12:39:01] No expired clients found.
[2026-05-21 12:40:01] No expired clients found.
[2026-05-21 12:41:01] No expired clients found.
[2026-05-21 12:42:01] No expired clients found.
[2026-05-21 12:43:01] No expired clients found.
[2026-05-21 12:44:01] No expired clients found.
[2026-05-21 12:45:01] No expired clients found.
[2026-05-21 12:46:01] No expired clients found.
[2026-05-21 12:47:01] No expired clients found.
[2026-05-21 12:48:02] No expired clients found.
[2026-05-21 12:49:01] No expired clients found.
[2026-05-21 12:50:01] No expired clients found.
[2026-05-21 12:51:02] No expired clients found.
[2026-05-21 12:52:01] No expired clients found.
[2026-05-21 12:53:01] No expired clients found.
[2026-05-21 12:54:02] No expired clients found.
[2026-05-21 12:55:01] No expired clients found.
[2026-05-21 12:56:01] No expired clients found.
[2026-05-21 12:57:01] No expired clients found.
[2026-05-21 12:58:02] No expired clients found.
[2026-05-21 12:59:01] No expired clients found.
[2026-05-21 13:00:01] No expired clients found.
[2026-05-21 13:01:02] No expired clients found.
[2026-05-21 13:02:01] No expired clients found.
[2026-05-21 13:03:01] No expired clients found.
[2026-05-21 13:04:01] No expired clients found.
[2026-05-21 13:05:02] No expired clients found.
[2026-05-21 13:06:01] No expired clients found.
[2026-05-21 13:07:01] No expired clients found.
[2026-05-21 13:08:02] No expired clients found.
[2026-05-21 13:09:01] No expired clients found.
[2026-05-21 13:10:01] No expired clients found.
[2026-05-21 13:11:01] No expired clients found.
[2026-05-21 13:12:01] No expired clients found.
[2026-05-21 13:13:01] No expired clients found.
[2026-05-21 13:14:01] No expired clients found.
[2026-05-21 13:15:02] No expired clients found.
[2026-05-21 13:16:01] No expired clients found.
[2026-05-21 13:17:01] No expired clients found.
[2026-05-21 13:18:02] No expired clients found.
[2026-05-21 13:19:01] No expired clients found.
[2026-05-21 13:20:01] No expired clients found.
[2026-05-21 13:21:01] No expired clients found.
[2026-05-21 13:22:02] No expired clients found.
[2026-05-21 13:23:01] No expired clients found.
[2026-05-21 13:24:01] No expired clients found.
[2026-05-21 13:25:01] No expired clients found.
[2026-05-21 13:26:02] No expired clients found.
[2026-05-21 13:27:01] No expired clients found.
[2026-05-21 13:28:01] No expired clients found.
[2026-05-21 13:29:01] No expired clients found.
[2026-05-21 13:30:01] No expired clients found.
[2026-05-21 13:31:01] No expired clients found.
[2026-05-21 13:32:01] No expired clients found.
[2026-05-21 13:33:01] No expired clients found.
[2026-05-21 13:34:01] No expired clients found.
[2026-05-21 13:35:02] No expired clients found.
[2026-05-21 13:36:01] No expired clients found.
[2026-05-21 13:37:01] No expired clients found.
[2026-05-21 13:38:01] No expired clients found.
[2026-05-21 13:39:02] No expired clients found.
[2026-05-21 13:40:01] No expired clients found.
[2026-05-21 13:41:01] No expired clients found.
[2026-05-21 13:42:01] No expired clients found.
[2026-05-21 13:43:01] No expired clients found.
[2026-05-21 13:44:02] No expired clients found.
[2026-05-21 13:45:01] No expired clients found.
[2026-05-21 13:46:01] No expired clients found.
[2026-05-21 13:47:01] No expired clients found.
[2026-05-21 13:48:02] No expired clients found.
[2026-05-21 13:49:01] No expired clients found.
[2026-05-21 13:50:01] No expired clients found.
[2026-05-21 13:51:01] No expired clients found.
[2026-05-21 13:52:01] No expired clients found.
[2026-05-21 13:53:01] No expired clients found.
[2026-05-21 13:54:01] No expired clients found.
[2026-05-21 13:55:01] No expired clients found.
[2026-05-21 13:56:01] No expired clients found.
[2026-05-21 13:57:01] No expired clients found.
[2026-05-21 13:58:01] No expired clients found.
[2026-05-21 13:59:01] No expired clients found.
[2026-05-21 14:00:01] No expired clients found.
[2026-05-21 14:01:01] No expired clients found.
[2026-05-21 14:02:02] No expired clients found.
[2026-05-21 14:03:01] No expired clients found.
[2026-05-21 14:04:01] No expired clients found.
[2026-05-21 14:05:01] No expired clients found.
[2026-05-21 14:06:01] No expired clients found.
[2026-05-21 14:07:01] No expired clients found.
[2026-05-21 14:08:01] No expired clients found.
[2026-05-21 14:09:01] No expired clients found.
[2026-05-21 14:10:01] No expired clients found.
[2026-05-21 14:11:02] No expired clients found.
[2026-05-21 14:12:01] No expired clients found.
[2026-05-21 14:13:01] No expired clients found.
[2026-05-21 14:14:01] No expired clients found.
[2026-05-21 14:15:02] No expired clients found.
[2026-05-21 14:16:01] No expired clients found.
[2026-05-21 14:17:01] No expired clients found.
[2026-05-21 14:18:01] No expired clients found.
[2026-05-21 14:19:01] No expired clients found.
[2026-05-21 14:20:02] No expired clients found.
[2026-05-21 14:21:01] No expired clients found.
[2026-05-21 14:22:01] No expired clients found.
[2026-05-21 14:23:01] No expired clients found.
[2026-05-21 14:24:02] No expired clients found.
[2026-05-21 14:25:01] No expired clients found.
[2026-05-21 14:26:01] No expired clients found.
[2026-05-21 14:27:01] No expired clients found.
[2026-05-21 14:28:01] No expired clients found.
[2026-05-21 14:29:02] No expired clients found.
[2026-05-21 14:30:01] No expired clients found.
[2026-05-21 14:31:01] No expired clients found.
[2026-05-21 14:32:01] No expired clients found.
[2026-05-21 14:33:01] No expired clients found.
[2026-05-21 14:34:02] No expired clients found.
[2026-05-21 14:35:01] No expired clients found.
[2026-05-21 14:36:01] No expired clients found.
[2026-05-21 14:37:02] No expired clients found.
[2026-05-21 14:38:01] No expired clients found.
[2026-05-21 14:39:01] No expired clients found.
[2026-05-21 14:40:02] No expired clients found.
[2026-05-21 14:41:01] No expired clients found.
[2026-05-21 14:42:02] No expired clients found.
[2026-05-21 14:43:01] No expired clients found.
[2026-05-21 14:44:01] No expired clients found.
[2026-05-21 14:45:01] No expired clients found.
[2026-05-21 14:46:02] No expired clients found.
[2026-05-21 14:47:01] No expired clients found.
[2026-05-21 14:48:01] No expired clients found.
[2026-05-21 14:49:02] No expired clients found.
[2026-05-21 14:50:01] No expired clients found.
[2026-05-21 14:51:02] No expired clients found.
[2026-05-21 14:52:01] No expired clients found.
[2026-05-21 14:53:01] No expired clients found.
[2026-05-21 14:54:02] No expired clients found.
[2026-05-21 14:55:01] No expired clients found.
[2026-05-21 14:56:02] No expired clients found.
[2026-05-21 14:57:01] No expired clients found.
[2026-05-21 14:58:01] No expired clients found.
[2026-05-21 14:59:01] No expired clients found.
[2026-05-21 15:00:01] No expired clients found.
[2026-05-21 15:01:01] No expired clients found.
[2026-05-21 15:02:02] No expired clients found.
[2026-05-21 15:03:01] No expired clients found.
[2026-05-21 15:04:01] No expired clients found.
[2026-05-21 15:05:01] No expired clients found.
[2026-05-21 15:06:01] No expired clients found.
[2026-05-21 15:07:01] No expired clients found.
[2026-05-21 15:08:01] No expired clients found.
[2026-05-21 15:09:01] No expired clients found.
[2026-05-21 15:10:02] No expired clients found.
[2026-05-21 15:11:01] No expired clients found.
[2026-05-21 15:12:01] No expired clients found.
[2026-05-21 15:13:01] No expired clients found.
[2026-05-21 15:14:01] No expired clients found.
[2026-05-21 15:15:02] No expired clients found.
[2026-05-21 15:16:01] No expired clients found.
[2026-05-21 15:17:01] No expired clients found.
[2026-05-21 15:18:01] No expired clients found.
[2026-05-21 15:19:02] No expired clients found.
[2026-05-21 15:20:01] No expired clients found.
[2026-05-21 15:21:01] No expired clients found.
[2026-05-21 15:22:01] No expired clients found.
[2026-05-21 15:23:02] No expired clients found.
[2026-05-21 15:24:01] No expired clients found.
[2026-05-21 15:25:01] No expired clients found.
[2026-05-21 15:26:01] No expired clients found.
[2026-05-21 15:27:02] No expired clients found.
[2026-05-21 15:28:01] No expired clients found.
[2026-05-21 15:29:01] No expired clients found.
[2026-05-21 15:30:01] No expired clients found.
[2026-05-21 15:31:01] No expired clients found.
[2026-05-21 15:32:01] No expired clients found.
[2026-05-21 15:33:01] No expired clients found.
[2026-05-21 15:34:01] No expired clients found.
[2026-05-21 15:35:02] No expired clients found.
[2026-05-21 15:36:01] No expired clients found.
[2026-05-21 15:37:01] No expired clients found.
[2026-05-21 15:38:01] No expired clients found.
[2026-05-21 15:39:02] No expired clients found.
[2026-05-21 15:40:01] No expired clients found.
[2026-05-21 15:41:01] No expired clients found.
[2026-05-21 15:42:02] No expired clients found.
[2026-05-21 15:43:01] No expired clients found.
[2026-05-21 15:44:01] No expired clients found.
[2026-05-21 15:45:01] No expired clients found.
[2026-05-21 15:46:02] No expired clients found.
[2026-05-21 15:47:01] No expired clients found.
[2026-05-21 15:48:01] No expired clients found.
[2026-05-21 15:49:01] No expired clients found.
[2026-05-21 15:50:02] No expired clients found.
[2026-05-21 15:51:01] No expired clients found.
[2026-05-21 15:52:01] No expired clients found.
[2026-05-21 15:53:01] No expired clients found.
[2026-05-21 15:54:02] No expired clients found.
[2026-05-21 15:55:01] No expired clients found.
[2026-05-21 15:56:01] No expired clients found.
[2026-05-21 15:57:01] No expired clients found.
[2026-05-21 15:58:02] No expired clients found.
[2026-05-21 15:59:01] No expired clients found.
[2026-05-21 16:00:01] No expired clients found.
[2026-05-21 16:01:01] No expired clients found.
[2026-05-21 16:02:01] No expired clients found.
[2026-05-21 16:03:01] No expired clients found.
[2026-05-21 16:04:02] No expired clients found.
[2026-05-21 16:05:02] No expired clients found.
[2026-05-21 16:06:01] No expired clients found.
[2026-05-21 16:07:01] No expired clients found.
[2026-05-21 16:08:02] No expired clients found.
[2026-05-21 16:09:01] No expired clients found.
[2026-05-21 16:10:01] No expired clients found.
[2026-05-21 16:11:02] No expired clients found.
[2026-05-21 16:12:01] No expired clients found.
[2026-05-21 16:13:01] No expired clients found.
[2026-05-21 16:14:03] No expired clients found.
[2026-05-21 16:15:01] No expired clients found.
[2026-05-21 16:16:02] No expired clients found.
[2026-05-21 16:17:01] No expired clients found.
[2026-05-21 16:18:01] No expired clients found.
[2026-05-21 16:19:02] No expired clients found.
[2026-05-21 16:20:01] No expired clients found.
[2026-05-21 16:21:01] No expired clients found.
[2026-05-21 16:22:01] No expired clients found.
[2026-05-21 16:23:01] No expired clients found.
[2026-05-21 16:24:01] No expired clients found.
[2026-05-21 16:25:01] No expired clients found.
[2026-05-21 16:26:02] No expired clients found.
[2026-05-21 16:27:01] No expired clients found.
[2026-05-21 16:28:01] No expired clients found.
[2026-05-21 16:29:02] No expired clients found.
[2026-05-21 16:30:01] No expired clients found.
[2026-05-21 16:31:02] No expired clients found.
[2026-05-21 16:32:01] No expired clients found.
[2026-05-21 16:33:01] No expired clients found.
[2026-05-21 16:34:02] No expired clients found.
[2026-05-21 16:35:01] No expired clients found.
[2026-05-21 16:36:01] No expired clients found.
[2026-05-21 16:37:02] No expired clients found.
[2026-05-21 16:38:01] No expired clients found.
[2026-05-21 16:39:01] No expired clients found.
[2026-05-21 16:40:02] No expired clients found.
[2026-05-21 16:41:01] No expired clients found.
[2026-05-21 16:42:01] No expired clients found.
[2026-05-21 16:43:02] No expired clients found.
[2026-05-21 16:44:01] No expired clients found.
[2026-05-21 16:45:01] No expired clients found.
[2026-05-21 16:46:01] No expired clients found.
[2026-05-21 16:47:01] No expired clients found.
[2026-05-21 16:48:02] No expired clients found.
[2026-05-21 16:49:01] No expired clients found.
[2026-05-21 16:50:02] No expired clients found.
[2026-05-21 16:51:01] No expired clients found.
[2026-05-21 16:52:02] No expired clients found.
[2026-05-21 16:53:01] No expired clients found.
[2026-05-21 16:54:01] No expired clients found.
[2026-05-21 16:55:02] No expired clients found.
[2026-05-21 16:56:01] No expired clients found.
[2026-05-21 16:57:01] No expired clients found.
[2026-05-21 16:58:01] No expired clients found.
[2026-05-21 16:59:01] No expired clients found.
[2026-05-21 17:00:01] No expired clients found.
[2026-05-21 17:01:03] No expired clients found.
[2026-05-21 17:03:02] No expired clients found.
[2026-05-21 17:04:03] No expired clients found.
[2026-05-21 17:05:01] No expired clients found.
[2026-05-21 17:06:02] No expired clients found.
[2026-05-21 17:07:01] No expired clients found.
[2026-05-21 17:08:01] No expired clients found.
[2026-05-21 17:09:01] No expired clients found.
[2026-05-21 17:10:02] No expired clients found.
[2026-05-21 17:11:01] No expired clients found.
[2026-05-21 17:12:01] No expired clients found.
[2026-05-21 17:13:02] No expired clients found.
[2026-05-21 17:14:01] No expired clients found.
[2026-05-21 17:15:01] No expired clients found.
[2026-05-21 17:16:01] No expired clients found.
[2026-05-21 17:17:01] No expired clients found.
[2026-05-21 17:18:01] No expired clients found.
[2026-05-21 17:19:02] No expired clients found.
[2026-05-21 17:20:01] No expired clients found.
[2026-05-21 17:21:01] No expired clients found.
[2026-05-21 17:22:02] No expired clients found.
[2026-05-21 17:23:01] No expired clients found.
[2026-05-21 17:24:01] No expired clients found.
[2026-05-21 17:25:02] No expired clients found.
[2026-05-21 17:26:01] No expired clients found.
[2026-05-21 17:27:02] No expired clients found.
[2026-05-21 17:28:01] No expired clients found.
[2026-05-21 17:29:02] No expired clients found.
[2026-05-21 17:30:01] No expired clients found.
[2026-05-21 17:31:01] No expired clients found.
[2026-05-21 17:32:02] No expired clients found.
[2026-05-21 17:33:01] No expired clients found.
[2026-05-21 17:34:01] No expired clients found.
[2026-05-21 17:35:01] No expired clients found.
[2026-05-21 17:36:01] No expired clients found.
[2026-05-21 17:37:01] No expired clients found.
[2026-05-21 17:38:01] No expired clients found.
[2026-05-21 17:39:02] No expired clients found.
[2026-05-21 17:40:01] No expired clients found.
[2026-05-21 17:41:01] No expired clients found.
[2026-05-21 17:42:01] No expired clients found.
[2026-05-21 17:43:02] No expired clients found.
[2026-05-21 17:44:01] No expired clients found.
[2026-05-21 17:45:01] No expired clients found.
[2026-05-21 17:46:02] No expired clients found.
[2026-05-21 17:47:01] No expired clients found.
[2026-05-21 17:48:01] No expired clients found.
[2026-05-21 17:49:02] No expired clients found.
[2026-05-21 17:50:01] No expired clients found.
[2026-05-21 17:51:01] No expired clients found.
[2026-05-21 17:52:02] No expired clients found.
[2026-05-21 17:53:01] No expired clients found.
[2026-05-21 17:54:01] No expired clients found.
[2026-05-21 17:55:01] No expired clients found.
[2026-05-21 17:56:02] No expired clients found.
[2026-05-21 17:57:02] No expired clients found.
[2026-05-21 17:58:01] No expired clients found.
[2026-05-21 17:59:01] No expired clients found.
[2026-05-21 18:00:01] No expired clients found.
[2026-05-21 18:01:01] No expired clients found.
[2026-05-21 18:02:01] No expired clients found.
[2026-05-21 18:03:01] No expired clients found.
[2026-05-21 18:04:01] No expired clients found.
[2026-05-21 18:05:02] No expired clients found.
[2026-05-21 18:06:01] No expired clients found.
[2026-05-21 18:07:01] No expired clients found.
[2026-05-21 18:08:02] No expired clients found.
[2026-05-21 18:09:01] No expired clients found.
[2026-05-21 18:10:02] No expired clients found.
[2026-05-21 18:11:01] No expired clients found.
[2026-05-21 18:12:01] No expired clients found.
[2026-05-21 18:13:02] No expired clients found.
[2026-05-21 18:14:01] No expired clients found.
[2026-05-21 18:15:01] No expired clients found.
[2026-05-21 18:16:02] No expired clients found.
[2026-05-21 18:17:01] No expired clients found.
[2026-05-21 18:18:01] No expired clients found.
[2026-05-21 18:19:01] No expired clients found.
[2026-05-21 18:20:02] No expired clients found.
[2026-05-21 18:21:01] No expired clients found.
[2026-05-21 18:22:01] No expired clients found.
[2026-05-21 18:23:02] No expired clients found.
[2026-05-21 18:24:01] No expired clients found.
[2026-05-21 18:25:01] No expired clients found.
[2026-05-21 18:26:01] No expired clients found.
[2026-05-21 18:27:01] No expired clients found.
[2026-05-21 18:28:02] No expired clients found.
[2026-05-21 18:29:01] No expired clients found.
[2026-05-21 18:30:01] No expired clients found.
[2026-05-21 18:31:01] No expired clients found.
[2026-05-21 18:32:01] No expired clients found.
[2026-05-21 18:33:01] No expired clients found.
[2026-05-21 18:34:01] No expired clients found.
[2026-05-21 18:35:01] No expired clients found.
[2026-05-21 18:36:01] No expired clients found.
[2026-05-21 18:37:02] No expired clients found.
[2026-05-21 18:38:01] No expired clients found.
[2026-05-21 18:39:01] No expired clients found.
[2026-05-21 18:40:02] No expired clients found.
[2026-05-21 18:41:01] No expired clients found.
[2026-05-21 18:42:02] No expired clients found.
[2026-05-21 18:43:01] No expired clients found.
[2026-05-21 18:44:01] No expired clients found.
[2026-05-21 18:45:02] No expired clients found.
[2026-05-21 18:46:01] No expired clients found.
[2026-05-21 18:47:01] No expired clients found.
[2026-05-21 18:48:02] No expired clients found.
[2026-05-21 18:49:01] No expired clients found.
[2026-05-21 18:50:02] No expired clients found.
[2026-05-21 18:51:01] No expired clients found.
[2026-05-21 18:52:01] No expired clients found.
[2026-05-21 18:53:01] No expired clients found.
[2026-05-21 18:54:01] No expired clients found.
[2026-05-21 18:55:01] No expired clients found.
[2026-05-21 18:56:02] No expired clients found.
[2026-05-21 18:57:01] No expired clients found.
[2026-05-21 18:58:01] No expired clients found.
[2026-05-21 18:59:02] No expired clients found.
[2026-05-21 19:00:01] No expired clients found.
[2026-05-21 19:01:01] No expired clients found.
[2026-05-21 19:02:01] No expired clients found.
[2026-05-21 19:03:01] No expired clients found.
[2026-05-21 19:04:01] No expired clients found.
[2026-05-21 19:05:02] No expired clients found.
[2026-05-21 19:06:01] No expired clients found.
[2026-05-21 19:07:01] No expired clients found.
[2026-05-21 19:08:01] No expired clients found.
[2026-05-21 19:09:01] No expired clients found.
[2026-05-21 19:10:01] No expired clients found.
[2026-05-21 19:11:01] No expired clients found.
[2026-05-21 19:12:01] No expired clients found.
[2026-05-21 19:13:01] No expired clients found.
[2026-05-21 19:14:02] No expired clients found.
[2026-05-21 19:15:01] No expired clients found.
[2026-05-21 19:16:01] No expired clients found.
[2026-05-21 19:17:02] No expired clients found.
[2026-05-21 19:18:01] No expired clients found.
[2026-05-21 19:19:02] No expired clients found.
[2026-05-21 19:20:01] No expired clients found.
[2026-05-21 19:21:01] No expired clients found.
[2026-05-21 19:22:02] No expired clients found.
[2026-05-21 19:23:01] No expired clients found.
[2026-05-21 19:24:01] No expired clients found.
[2026-05-21 19:25:02] No expired clients found.
[2026-05-21 19:26:01] No expired clients found.
[2026-05-21 19:27:01] No expired clients found.
[2026-05-21 19:28:01] No expired clients found.
[2026-05-21 19:29:02] No expired clients found.
[2026-05-21 19:30:01] No expired clients found.
[2026-05-21 19:31:01] No expired clients found.
[2026-05-21 19:32:02] No expired clients found.
[2026-05-21 19:33:01] No expired clients found.
[2026-05-21 19:34:01] No expired clients found.
[2026-05-21 19:35:02] No expired clients found.
[2026-05-21 19:36:01] No expired clients found.
[2026-05-21 19:37:02] No expired clients found.
[2026-05-21 19:38:01] No expired clients found.
[2026-05-21 19:39:01] No expired clients found.
[2026-05-21 19:40:01] No expired clients found.
[2026-05-21 19:41:02] No expired clients found.
[2026-05-21 19:42:01] No expired clients found.
[2026-05-21 19:43:01] No expired clients found.
[2026-05-21 19:44:01] No expired clients found.
[2026-05-21 19:45:02] No expired clients found.
[2026-05-21 19:46:01] No expired clients found.
[2026-05-21 19:47:01] No expired clients found.
[2026-05-21 19:48:01] No expired clients found.
[2026-05-21 19:49:02] No expired clients found.
[2026-05-21 19:50:01] No expired clients found.
[2026-05-21 19:51:01] No expired clients found.
[2026-05-21 19:52:02] No expired clients found.
[2026-05-21 19:53:01] No expired clients found.
[2026-05-21 19:54:02] No expired clients found.
[2026-05-21 19:55:01] No expired clients found.
[2026-05-21 19:56:01] No expired clients found.
[2026-05-21 19:57:01] No expired clients found.
[2026-05-21 19:58:02] No expired clients found.
[2026-05-21 19:59:01] No expired clients found.
[2026-05-21 20:00:01] No expired clients found.
[2026-05-21 20:01:01] No expired clients found.
[2026-05-21 20:02:02] No expired clients found.
[2026-05-21 20:03:01] No expired clients found.
[2026-05-21 20:04:01] No expired clients found.
[2026-05-21 20:05:01] No expired clients found.
[2026-05-21 20:06:02] No expired clients found.
[2026-05-21 20:07:01] No expired clients found.
[2026-05-21 20:08:01] No expired clients found.
[2026-05-21 20:09:01] No expired clients found.
[2026-05-21 20:10:01] No expired clients found.
[2026-05-21 20:11:01] No expired clients found.
[2026-05-21 20:12:01] No expired clients found.
[2026-05-21 20:13:02] No expired clients found.
[2026-05-21 20:14:01] No expired clients found.
[2026-05-21 20:15:01] No expired clients found.
[2026-05-21 20:16:02] No expired clients found.
[2026-05-21 20:17:01] No expired clients found.
[2026-05-21 20:18:01] No expired clients found.
[2026-05-21 20:19:01] No expired clients found.
[2026-05-21 20:20:02] No expired clients found.
[2026-05-21 20:21:01] No expired clients found.
[2026-05-21 20:22:01] No expired clients found.
[2026-05-21 20:23:01] No expired clients found.
[2026-05-21 20:24:01] No expired clients found.
[2026-05-21 20:25:01] No expired clients found.
[2026-05-21 20:26:01] No expired clients found.
[2026-05-21 20:27:01] No expired clients found.
[2026-05-21 20:28:01] No expired clients found.
[2026-05-21 20:29:01] No expired clients found.
[2026-05-21 20:30:02] No expired clients found.
[2026-05-21 20:31:01] No expired clients found.
[2026-05-21 20:32:02] No expired clients found.
[2026-05-21 20:33:01] No expired clients found.
[2026-05-21 20:34:02] No expired clients found.
[2026-05-21 20:35:01] No expired clients found.
[2026-05-21 20:36:01] No expired clients found.
[2026-05-21 20:37:01] No expired clients found.
[2026-05-21 20:38:02] No expired clients found.
[2026-05-21 20:39:01] No expired clients found.
[2026-05-21 20:40:01] No expired clients found.
[2026-05-21 20:41:01] No expired clients found.
[2026-05-21 20:42:01] No expired clients found.
[2026-05-21 20:43:01] No expired clients found.
[2026-05-21 20:44:01] No expired clients found.
[2026-05-21 20:45:01] No expired clients found.
[2026-05-21 20:46:02] No expired clients found.
[2026-05-21 20:47:01] No expired clients found.
[2026-05-21 20:48:01] No expired clients found.
[2026-05-21 20:49:02] No expired clients found.
[2026-05-21 20:50:01] No expired clients found.
[2026-05-21 20:51:02] No expired clients found.
[2026-05-21 20:52:02] No expired clients found.
[2026-05-21 20:53:01] No expired clients found.
[2026-05-21 20:54:02] No expired clients found.
[2026-05-21 20:55:01] No expired clients found.
[2026-05-21 20:56:01] No expired clients found.
[2026-05-21 20:57:01] No expired clients found.
[2026-05-21 20:58:01] No expired clients found.
[2026-05-21 20:59:04] No expired clients found.
[2026-05-21 21:00:02] No expired clients found.
[2026-05-21 21:01:01] No expired clients found.
[2026-05-21 21:02:01] No expired clients found.
[2026-05-21 21:03:01] No expired clients found.
[2026-05-21 21:04:02] No expired clients found.
[2026-05-21 21:05:01] No expired clients found.
[2026-05-21 21:06:02] No expired clients found.
[2026-05-21 21:07:01] No expired clients found.
[2026-05-21 21:08:01] No expired clients found.
[2026-05-21 21:09:01] No expired clients found.
[2026-05-21 21:10:01] No expired clients found.
[2026-05-21 21:11:01] No expired clients found.
[2026-05-21 21:12:02] No expired clients found.
[2026-05-21 21:13:28] No expired clients found.
[2026-05-21 21:14:01] No expired clients found.
[2026-05-21 21:15:01] No expired clients found.
[2026-05-21 21:16:01] No expired clients found.
[2026-05-21 21:17:01] No expired clients found.
[2026-05-21 21:18:01] No expired clients found.
[2026-05-21 21:19:02] No expired clients found.
[2026-05-21 21:20:01] No expired clients found.
[2026-05-21 21:21:01] No expired clients found.
[2026-05-21 21:22:02] No expired clients found.
[2026-05-21 21:23:02] No expired clients found.
[2026-05-21 21:24:01] No expired clients found.
[2026-05-21 21:25:01] No expired clients found.
[2026-05-21 21:26:02] No expired clients found.
[2026-05-21 21:27:02] No expired clients found.
[2026-05-21 21:28:01] No expired clients found.
[2026-05-21 21:29:01] No expired clients found.
[2026-05-21 21:30:01] No expired clients found.
[2026-05-21 21:31:01] No expired clients found.
[2026-05-21 21:32:02] No expired clients found.
[2026-05-21 21:33:01] No expired clients found.
[2026-05-21 21:34:01] No expired clients found.
[2026-05-21 21:35:02] No expired clients found.
[2026-05-21 21:36:02] No expired clients found.
[2026-05-21 21:37:01] No expired clients found.
[2026-05-21 21:38:01] No expired clients found.
[2026-05-21 21:39:01] No expired clients found.
[2026-05-21 21:40:01] No expired clients found.
[2026-05-21 21:41:01] No expired clients found.
[2026-05-21 21:42:01] No expired clients found.
[2026-05-21 21:43:31] No expired clients found.
[2026-05-21 21:44:01] No expired clients found.
[2026-05-21 21:45:01] No expired clients found.
[2026-05-21 21:46:02] No expired clients found.
[2026-05-21 21:47:02] No expired clients found.
[2026-05-21 21:48:01] No expired clients found.
[2026-05-21 21:49:01] No expired clients found.
[2026-05-21 21:50:02] No expired clients found.
[2026-05-21 21:51:01] No expired clients found.
[2026-05-21 21:52:01] No expired clients found.
[2026-05-21 21:53:01] No expired clients found.
[2026-05-21 21:54:01] No expired clients found.
[2026-05-21 21:55:01] No expired clients found.
[2026-05-21 21:56:02] No expired clients found.
[2026-05-21 21:57:01] No expired clients found.
[2026-05-21 21:58:02] No expired clients found.
[2026-05-21 21:59:01] No expired clients found.
[2026-05-21 22:00:02] No expired clients found.
[2026-05-21 22:01:01] No expired clients found.
[2026-05-21 22:02:02] No expired clients found.
[2026-05-21 22:03:01] No expired clients found.
[2026-05-21 22:04:02] No expired clients found.
[2026-05-21 22:05:01] No expired clients found.
[2026-05-21 22:06:01] No expired clients found.
[2026-05-21 22:07:01] No expired clients found.
[2026-05-21 22:08:02] No expired clients found.
[2026-05-21 22:09:01] No expired clients found.
[2026-05-21 22:10:02] No expired clients found.
[2026-05-21 22:11:01] No expired clients found.
[2026-05-21 22:12:02] No expired clients found.
[2026-05-21 22:13:01] No expired clients found.
[2026-05-21 22:14:01] No expired clients found.
[2026-05-21 22:15:02] No expired clients found.
[2026-05-21 22:16:01] No expired clients found.
[2026-05-21 22:17:01] No expired clients found.
[2026-05-21 22:18:02] No expired clients found.
[2026-05-21 22:19:01] No expired clients found.
[2026-05-21 22:20:02] No expired clients found.
[2026-05-21 22:21:02] No expired clients found.
[2026-05-21 22:22:01] No expired clients found.
[2026-05-21 22:23:02] No expired clients found.
[2026-05-21 22:26:02] No expired clients found.
[2026-05-21 22:27:01] No expired clients found.
[2026-05-21 22:28:01] No expired clients found.
[2026-05-21 22:29:02] No expired clients found.
[2026-05-21 22:30:02] No expired clients found.
[2026-05-21 22:31:01] No expired clients found.
[2026-05-21 22:32:01] No expired clients found.
[2026-05-21 22:33:02] No expired clients found.
[2026-05-21 22:34:01] No expired clients found.
[2026-05-21 22:35:01] No expired clients found.
[2026-05-21 22:36:02] No expired clients found.
[2026-05-21 22:37:01] No expired clients found.
[2026-05-21 22:38:01] No expired clients found.
[2026-05-21 22:39:01] No expired clients found.
[2026-05-21 22:40:01] No expired clients found.
[2026-05-21 22:41:01] No expired clients found.
[2026-05-21 22:42:01] No expired clients found.
[2026-05-21 22:43:01] No expired clients found.
[2026-05-21 22:44:01] No expired clients found.
[2026-05-21 22:45:02] No expired clients found.
[2026-05-21 22:46:01] No expired clients found.
[2026-05-21 22:47:01] No expired clients found.
[2026-05-21 22:48:02] No expired clients found.
[2026-05-21 22:49:01] No expired clients found.
[2026-05-21 22:50:01] No expired clients found.
[2026-05-21 22:51:01] No expired clients found.
[2026-05-21 22:52:02] No expired clients found.
[2026-05-21 22:53:01] No expired clients found.
[2026-05-21 22:54:01] No expired clients found.
[2026-05-21 22:55:01] No expired clients found.
[2026-05-21 22:56:02] No expired clients found.
[2026-05-21 22:57:01] No expired clients found.
[2026-05-21 22:58:01] No expired clients found.
[2026-05-21 22:59:02] No expired clients found.
[2026-05-21 23:00:01] No expired clients found.
[2026-05-21 23:01:01] No expired clients found.
[2026-05-21 23:02:02] No expired clients found.
[2026-05-21 23:03:01] No expired clients found.
[2026-05-21 23:04:01] No expired clients found.
[2026-05-21 23:05:01] No expired clients found.
[2026-05-21 23:06:02] No expired clients found.
[2026-05-21 23:07:01] No expired clients found.
[2026-05-21 23:08:01] No expired clients found.
[2026-05-21 23:09:02] No expired clients found.
[2026-05-21 23:10:01] No expired clients found.
[2026-05-21 23:11:02] No expired clients found.
[2026-05-21 23:12:01] No expired clients found.
[2026-05-21 23:13:01] No expired clients found.
[2026-05-21 23:14:01] No expired clients found.
[2026-05-21 23:15:01] No expired clients found.
[2026-05-21 23:16:02] No expired clients found.
[2026-05-21 23:17:01] No expired clients found.
[2026-05-21 23:18:01] No expired clients found.
[2026-05-21 23:19:01] No expired clients found.
[2026-05-21 23:20:01] No expired clients found.
[2026-05-21 23:21:02] No expired clients found.
[2026-05-21 23:22:01] No expired clients found.
[2026-05-21 23:23:01] No expired clients found.
[2026-05-21 23:24:02] No expired clients found.
[2026-05-21 23:25:01] No expired clients found.
[2026-05-21 23:26:01] No expired clients found.
[2026-05-21 23:27:01] No expired clients found.
[2026-05-21 23:28:02] No expired clients found.
[2026-05-21 23:29:01] No expired clients found.
[2026-05-21 23:30:01] No expired clients found.
[2026-05-21 23:31:01] No expired clients found.
[2026-05-21 23:32:01] No expired clients found.
[2026-05-21 23:33:01] No expired clients found.
[2026-05-21 23:34:01] No expired clients found.
[2026-05-21 23:35:01] No expired clients found.
[2026-05-21 23:36:02] No expired clients found.
[2026-05-21 23:37:01] No expired clients found.
[2026-05-21 23:38:01] No expired clients found.
[2026-05-21 23:39:02] No expired clients found.
[2026-05-21 23:40:01] No expired clients found.
[2026-05-21 23:41:02] No expired clients found.
[2026-05-21 23:42:02] No expired clients found.
[2026-05-21 23:43:01] No expired clients found.
[2026-05-21 23:44:01] No expired clients found.
[2026-05-21 23:45:01] No expired clients found.
[2026-05-21 23:47:02] No expired clients found.
[2026-05-21 23:48:02] No expired clients found.
[2026-05-21 23:49:01] No expired clients found.
[2026-05-21 23:50:01] No expired clients found.
[2026-05-21 23:51:01] No expired clients found.
[2026-05-21 23:52:01] No expired clients found.
[2026-05-21 23:53:01] No expired clients found.
[2026-05-21 23:54:01] No expired clients found.
[2026-05-21 23:55:01] No expired clients found.
[2026-05-21 23:56:02] No expired clients found.
[2026-05-21 23:57:01] No expired clients found.
[2026-05-21 23:58:01] No expired clients found.
[2026-05-21 23:59:01] No expired clients found.
[2026-05-22 00:00:01] No expired clients found.
[2026-05-22 00:01:01] No expired clients found.
[2026-05-22 00:02:01] No expired clients found.
[2026-05-22 00:03:01] No expired clients found.
[2026-05-22 00:04:01] No expired clients found.
[2026-05-22 00:05:01] No expired clients found.
[2026-05-22 00:06:02] No expired clients found.
[2026-05-22 00:07:01] No expired clients found.
[2026-05-22 00:08:02] No expired clients found.
[2026-05-22 00:09:09] No expired clients found.
[2026-05-22 00:10:02] No expired clients found.
[2026-05-22 00:11:01] No expired clients found.
[2026-05-22 00:12:02] No expired clients found.
[2026-05-22 00:13:01] No expired clients found.
[2026-05-22 00:14:02] No expired clients found.
[2026-05-22 00:15:01] No expired clients found.
[2026-05-22 00:16:01] No expired clients found.
[2026-05-22 00:17:01] No expired clients found.
[2026-05-22 00:18:01] No expired clients found.
[2026-05-22 00:19:01] No expired clients found.
[2026-05-22 00:20:02] No expired clients found.
[2026-05-22 00:21:01] No expired clients found.
[2026-05-22 00:22:02] No expired clients found.
[2026-05-22 00:23:01] No expired clients found.
[2026-05-22 00:24:02] No expired clients found.
[2026-05-22 00:25:01] No expired clients found.
[2026-05-22 00:26:01] No expired clients found.
[2026-05-22 00:27:01] No expired clients found.
[2026-05-22 00:28:01] No expired clients found.
[2026-05-22 00:29:01] No expired clients found.
[2026-05-22 00:30:02] No expired clients found.
[2026-05-22 00:31:01] No expired clients found.
[2026-05-22 00:32:02] No expired clients found.
[2026-05-22 00:33:01] No expired clients found.
[2026-05-22 00:34:01] No expired clients found.
[2026-05-22 00:35:01] No expired clients found.
[2026-05-22 00:36:01] No expired clients found.
[2026-05-22 00:37:01] No expired clients found.
[2026-05-22 00:38:02] No expired clients found.
[2026-05-22 00:39:02] No expired clients found.
[2026-05-22 00:40:01] No expired clients found.
[2026-05-22 00:41:02] No expired clients found.
[2026-05-22 00:42:01] No expired clients found.
[2026-05-22 00:43:01] No expired clients found.
[2026-05-22 00:44:01] No expired clients found.
[2026-05-22 00:45:01] No expired clients found.
[2026-05-22 00:46:01] No expired clients found.
[2026-05-22 00:47:01] No expired clients found.
[2026-05-22 00:48:01] No expired clients found.
[2026-05-22 00:49:01] No expired clients found.
[2026-05-22 00:50:01] No expired clients found.
[2026-05-22 00:51:02] No expired clients found.
[2026-05-22 00:52:01] No expired clients found.
[2026-05-22 00:53:01] No expired clients found.
[2026-05-22 00:54:01] No expired clients found.
[2026-05-22 00:55:01] No expired clients found.
[2026-05-22 00:56:01] No expired clients found.
[2026-05-22 00:57:01] No expired clients found.
[2026-05-22 00:58:02] No expired clients found.
[2026-05-22 00:59:01] No expired clients found.
[2026-05-22 01:00:01] No expired clients found.
[2026-05-22 01:01:02] No expired clients found.
[2026-05-22 01:02:01] No expired clients found.
[2026-05-22 01:03:01] No expired clients found.
[2026-05-22 01:04:02] No expired clients found.
[2026-05-22 01:05:01] No expired clients found.
[2026-05-22 01:06:01] No expired clients found.
[2026-05-22 01:07:01] No expired clients found.
[2026-05-22 01:08:01] No expired clients found.
[2026-05-22 01:09:01] No expired clients found.
[2026-05-22 01:10:01] No expired clients found.
[2026-05-22 01:11:01] No expired clients found.
[2026-05-22 01:12:02] No expired clients found.
[2026-05-22 01:13:01] No expired clients found.
[2026-05-22 01:14:02] No expired clients found.
[2026-05-22 01:15:02] No expired clients found.
[2026-05-22 01:16:02] No expired clients found.
[2026-05-22 01:17:01] No expired clients found.
[2026-05-22 01:18:02] No expired clients found.
[2026-05-22 01:19:01] No expired clients found.
[2026-05-22 01:20:01] No expired clients found.
[2026-05-22 01:21:02] No expired clients found.
[2026-05-22 01:22:01] No expired clients found.
[2026-05-22 01:23:02] No expired clients found.
[2026-05-22 01:24:01] No expired clients found.
[2026-05-22 01:25:02] No expired clients found.
[2026-05-22 01:26:01] No expired clients found.
[2026-05-22 01:27:01] No expired clients found.
[2026-05-22 01:28:02] No expired clients found.
[2026-05-22 01:29:01] No expired clients found.
[2026-05-22 01:30:02] No expired clients found.
[2026-05-22 01:31:01] No expired clients found.
[2026-05-22 01:32:01] No expired clients found.
[2026-05-22 01:33:02] No expired clients found.
[2026-05-22 01:34:01] No expired clients found.
[2026-05-22 01:35:01] No expired clients found.
[2026-05-22 01:36:02] No expired clients found.
[2026-05-22 01:37:01] No expired clients found.
[2026-05-22 01:38:01] No expired clients found.
[2026-05-22 01:39:02] No expired clients found.
[2026-05-22 01:40:01] No expired clients found.
[2026-05-22 01:41:01] No expired clients found.
[2026-05-22 01:42:02] No expired clients found.
[2026-05-22 01:43:01] No expired clients found.
[2026-05-22 01:44:01] No expired clients found.
[2026-05-22 01:45:02] No expired clients found.
[2026-05-22 01:46:01] No expired clients found.
[2026-05-22 01:47:01] No expired clients found.
[2026-05-22 01:48:01] No expired clients found.
[2026-05-22 01:49:01] No expired clients found.
[2026-05-22 01:50:02] No expired clients found.
[2026-05-22 01:51:01] No expired clients found.
[2026-05-22 01:52:01] No expired clients found.
[2026-05-22 01:53:02] No expired clients found.
[2026-05-22 01:54:01] No expired clients found.
[2026-05-22 01:55:01] No expired clients found.
[2026-05-22 01:56:01] No expired clients found.
[2026-05-22 01:57:03] No expired clients found.
[2026-05-22 01:58:01] No expired clients found.
[2026-05-22 01:59:01] No expired clients found.
[2026-05-22 02:00:02] No expired clients found.
[2026-05-22 02:01:01] No expired clients found.
[2026-05-22 02:02:01] No expired clients found.
[2026-05-22 02:03:01] No expired clients found.
[2026-05-22 02:04:02] No expired clients found.
[2026-05-22 02:05:01] No expired clients found.
[2026-05-22 02:06:02] No expired clients found.
[2026-05-22 02:07:01] No expired clients found.
[2026-05-22 02:08:02] No expired clients found.
[2026-05-22 02:09:01] No expired clients found.
[2026-05-22 02:10:01] No expired clients found.
[2026-05-22 02:11:01] No expired clients found.
[2026-05-22 02:12:02] No expired clients found.
[2026-05-22 02:13:01] No expired clients found.
[2026-05-22 02:14:01] No expired clients found.
[2026-05-22 02:15:02] No expired clients found.
[2026-05-22 02:16:01] No expired clients found.
[2026-05-22 02:17:02] No expired clients found.
[2026-05-22 02:18:02] No expired clients found.
[2026-05-22 02:19:02] No expired clients found.
[2026-05-22 02:20:01] No expired clients found.
[2026-05-22 02:21:01] No expired clients found.
[2026-05-22 02:22:02] No expired clients found.
[2026-05-22 02:23:01] No expired clients found.
[2026-05-22 02:24:01] No expired clients found.
[2026-05-22 02:25:02] No expired clients found.
[2026-05-22 02:26:01] No expired clients found.
[2026-05-22 02:27:01] No expired clients found.
[2026-05-22 02:28:01] No expired clients found.
[2026-05-22 02:29:02] No expired clients found.
[2026-05-22 02:30:02] No expired clients found.
[2026-05-22 02:31:01] No expired clients found.
[2026-05-22 02:32:01] No expired clients found.
[2026-05-22 02:33:01] No expired clients found.
[2026-05-22 02:34:01] No expired clients found.
[2026-05-22 02:35:02] No expired clients found.
[2026-05-22 02:36:02] No expired clients found.
[2026-05-22 02:37:01] No expired clients found.
[2026-05-22 02:38:02] No expired clients found.
[2026-05-22 02:39:01] No expired clients found.
[2026-05-22 02:40:01] No expired clients found.
[2026-05-22 02:41:01] No expired clients found.
[2026-05-22 02:42:01] No expired clients found.
[2026-05-22 02:43:01] No expired clients found.
[2026-05-22 02:44:02] No expired clients found.
[2026-05-22 02:45:01] No expired clients found.
[2026-05-22 02:46:02] No expired clients found.
[2026-05-22 02:47:01] No expired clients found.
[2026-05-22 02:48:02] No expired clients found.
[2026-05-22 02:49:01] No expired clients found.
[2026-05-22 02:50:03] No expired clients found.
[2026-05-22 02:51:01] No expired clients found.
[2026-05-22 02:52:02] No expired clients found.
[2026-05-22 02:53:01] No expired clients found.
[2026-05-22 02:54:02] No expired clients found.
[2026-05-22 02:55:01] No expired clients found.
[2026-05-22 02:56:01] No expired clients found.
[2026-05-22 02:57:01] No expired clients found.
[2026-05-22 02:58:02] No expired clients found.
[2026-05-22 02:59:01] No expired clients found.
[2026-05-22 03:00:02] No expired clients found.
[2026-05-22 03:01:01] No expired clients found.
[2026-05-22 03:02:02] No expired clients found.
[2026-05-22 03:03:01] No expired clients found.
[2026-05-22 03:04:01] No expired clients found.
[2026-05-22 03:05:02] No expired clients found.
[2026-05-22 03:06:01] No expired clients found.
[2026-05-22 03:07:02] No expired clients found.
[2026-05-22 03:08:01] No expired clients found.
[2026-05-22 03:09:02] No expired clients found.
[2026-05-22 03:10:01] No expired clients found.
[2026-05-22 03:11:01] No expired clients found.
[2026-05-22 03:12:02] No expired clients found.
[2026-05-22 03:13:02] No expired clients found.
[2026-05-22 03:14:02] No expired clients found.
[2026-05-22 03:15:01] No expired clients found.
[2026-05-22 03:16:02] No expired clients found.
[2026-05-22 03:17:01] No expired clients found.
[2026-05-22 03:18:02] No expired clients found.
[2026-05-22 03:19:01] No expired clients found.
[2026-05-22 03:20:01] No expired clients found.
[2026-05-22 03:21:02] No expired clients found.
[2026-05-22 03:22:01] No expired clients found.
[2026-05-22 03:23:01] No expired clients found.
[2026-05-22 03:24:02] No expired clients found.
[2026-05-22 03:25:01] No expired clients found.
[2026-05-22 03:26:02] No expired clients found.
[2026-05-22 03:27:04] No expired clients found.
[2026-05-22 03:28:01] No expired clients found.
[2026-05-22 03:29:02] No expired clients found.
[2026-05-22 03:30:01] No expired clients found.
[2026-05-22 03:31:01] No expired clients found.
[2026-05-22 03:32:02] No expired clients found.
[2026-05-22 03:33:01] No expired clients found.
[2026-05-22 03:34:01] No expired clients found.
[2026-05-22 03:35:03] No expired clients found.
[2026-05-22 03:36:02] No expired clients found.
[2026-05-22 03:37:02] No expired clients found.
[2026-05-22 03:38:02] No expired clients found.
[2026-05-22 03:39:02] No expired clients found.
[2026-05-22 03:40:02] No expired clients found.
[2026-05-22 03:41:01] No expired clients found.
[2026-05-22 03:42:02] No expired clients found.
[2026-05-22 03:43:01] No expired clients found.
[2026-05-22 03:44:02] No expired clients found.
[2026-05-22 03:45:03] No expired clients found.
[2026-05-22 03:46:02] No expired clients found.
[2026-05-22 03:47:02] No expired clients found.
[2026-05-22 03:48:01] No expired clients found.
[2026-05-22 03:49:01] No expired clients found.
[2026-05-22 03:50:01] No expired clients found.
[2026-05-22 03:51:02] No expired clients found.
[2026-05-22 03:52:01] No expired clients found.
[2026-05-22 03:53:01] No expired clients found.
[2026-05-22 03:54:01] No expired clients found.
[2026-05-22 03:55:01] No expired clients found.
[2026-05-22 03:56:02] No expired clients found.
[2026-05-22 03:57:06] No expired clients found.
[2026-05-22 03:58:01] No expired clients found.
[2026-05-22 03:59:02] No expired clients found.
[2026-05-22 04:00:02] No expired clients found.
[2026-05-22 04:01:01] No expired clients found.
[2026-05-22 04:02:01] No expired clients found.
[2026-05-22 04:03:01] No expired clients found.
[2026-05-22 04:04:02] No expired clients found.
[2026-05-22 04:05:01] No expired clients found.
[2026-05-22 04:06:02] No expired clients found.
[2026-05-22 04:07:01] No expired clients found.
[2026-05-22 04:08:02] No expired clients found.
[2026-05-22 04:09:01] No expired clients found.
[2026-05-22 04:10:01] No expired clients found.
[2026-05-22 04:11:02] No expired clients found.
[2026-05-22 04:12:01] No expired clients found.
[2026-05-22 04:13:01] No expired clients found.
[2026-05-22 04:14:01] No expired clients found.
[2026-05-22 04:15:01] No expired clients found.
[2026-05-22 04:16:01] No expired clients found.
[2026-05-22 04:17:02] No expired clients found.
[2026-05-22 04:18:01] No expired clients found.
[2026-05-22 04:19:01] No expired clients found.
[2026-05-22 04:20:02] No expired clients found.
[2026-05-22 04:21:01] No expired clients found.
[2026-05-22 04:22:02] No expired clients found.
[2026-05-22 04:23:01] No expired clients found.
[2026-05-22 04:24:02] No expired clients found.
[2026-05-22 04:25:02] No expired clients found.
[2026-05-22 04:26:01] No expired clients found.
[2026-05-22 04:27:03] No expired clients found.
[2026-05-22 04:28:02] No expired clients found.
[2026-05-22 04:29:02] No expired clients found.
[2026-05-22 04:30:01] No expired clients found.
[2026-05-22 04:31:02] No expired clients found.
[2026-05-22 04:32:01] No expired clients found.
[2026-05-22 04:33:02] No expired clients found.
[2026-05-22 04:34:01] No expired clients found.
[2026-05-22 04:35:02] No expired clients found.
[2026-05-22 04:36:02] No expired clients found.
[2026-05-22 04:37:01] No expired clients found.
[2026-05-22 04:40:01] No expired clients found.
[2026-05-22 04:41:01] No expired clients found.
[2026-05-22 04:42:02] No expired clients found.
[2026-05-22 04:43:02] No expired clients found.
[2026-05-22 04:44:01] No expired clients found.
[2026-05-22 04:45:01] No expired clients found.
[2026-05-22 04:46:01] No expired clients found.
[2026-05-22 04:47:01] No expired clients found.
[2026-05-22 04:48:01] No expired clients found.
[2026-05-22 04:49:01] No expired clients found.
[2026-05-22 04:50:02] No expired clients found.
[2026-05-22 04:51:01] No expired clients found.
[2026-05-22 04:52:01] No expired clients found.
[2026-05-22 04:53:01] No expired clients found.
[2026-05-22 04:54:02] No expired clients found.
[2026-05-22 04:55:01] No expired clients found.
[2026-05-22 04:56:01] No expired clients found.
[2026-05-22 04:57:02] No expired clients found.
[2026-05-22 04:58:01] No expired clients found.
[2026-05-22 04:59:01] No expired clients found.
[2026-05-22 05:00:02] No expired clients found.
[2026-05-22 05:01:01] No expired clients found.
[2026-05-22 05:02:01] No expired clients found.
[2026-05-22 05:03:02] No expired clients found.
[2026-05-22 05:04:01] No expired clients found.
[2026-05-22 05:05:01] No expired clients found.
[2026-05-22 05:06:01] No expired clients found.
[2026-05-22 05:07:01] No expired clients found.
[2026-05-22 05:08:01] No expired clients found.
[2026-05-22 05:09:01] No expired clients found.
[2026-05-22 05:10:01] No expired clients found.
[2026-05-22 05:11:01] No expired clients found.
[2026-05-22 05:12:01] No expired clients found.
[2026-05-22 05:13:02] No expired clients found.
[2026-05-22 05:14:01] No expired clients found.
[2026-05-22 05:15:01] No expired clients found.
[2026-05-22 05:16:02] No expired clients found.
[2026-05-22 05:17:01] No expired clients found.
[2026-05-22 05:18:01] No expired clients found.
[2026-05-22 05:19:02] No expired clients found.
[2026-05-22 05:20:01] No expired clients found.
[2026-05-22 05:21:02] No expired clients found.
[2026-05-22 05:22:01] No expired clients found.
[2026-05-22 05:23:01] No expired clients found.
[2026-05-22 05:24:01] No expired clients found.
[2026-05-22 05:25:02] No expired clients found.
[2026-05-22 05:26:01] No expired clients found.
[2026-05-22 05:27:01] No expired clients found.
[2026-05-22 05:28:01] No expired clients found.
[2026-05-22 05:29:02] No expired clients found.
[2026-05-22 05:30:01] No expired clients found.
[2026-05-22 05:31:01] No expired clients found.
[2026-05-22 05:32:02] No expired clients found.
[2026-05-22 05:33:01] No expired clients found.
[2026-05-22 05:34:01] No expired clients found.
[2026-05-22 05:35:01] No expired clients found.
[2026-05-22 05:36:02] No expired clients found.
[2026-05-22 05:37:01] No expired clients found.
[2026-05-22 05:38:01] No expired clients found.
[2026-05-22 05:39:02] No expired clients found.
[2026-05-22 05:40:01] No expired clients found.
[2026-05-22 05:41:01] No expired clients found.
[2026-05-22 05:42:02] No expired clients found.
[2026-05-22 05:43:01] No expired clients found.
[2026-05-22 05:44:01] No expired clients found.
[2026-05-22 05:45:01] No expired clients found.
[2026-05-22 05:46:02] No expired clients found.
[2026-05-22 05:47:01] No expired clients found.
[2026-05-22 05:48:01] No expired clients found.
[2026-05-22 05:49:01] No expired clients found.
[2026-05-22 05:50:02] No expired clients found.
[2026-05-22 05:51:01] No expired clients found.
[2026-05-22 05:52:01] No expired clients found.
[2026-05-22 05:53:01] No expired clients found.
[2026-05-22 05:54:02] No expired clients found.
[2026-05-22 05:55:01] No expired clients found.
[2026-05-22 05:56:01] No expired clients found.
[2026-05-22 05:57:01] No expired clients found.
[2026-05-22 05:58:01] No expired clients found.
[2026-05-22 05:59:01] No expired clients found.
[2026-05-22 06:00:01] No expired clients found.
[2026-05-22 06:01:02] No expired clients found.
[2026-05-22 06:02:01] No expired clients found.
[2026-05-22 06:03:01] No expired clients found.
[2026-05-22 06:04:01] No expired clients found.
[2026-05-22 06:05:02] No expired clients found.
[2026-05-22 06:06:01] No expired clients found.
[2026-05-22 06:07:01] No expired clients found.
[2026-05-22 06:08:01] No expired clients found.
[2026-05-22 06:09:02] No expired clients found.
[2026-05-22 06:10:01] No expired clients found.
[2026-05-22 06:11:01] No expired clients found.
[2026-05-22 06:12:02] No expired clients found.
[2026-05-22 06:13:01] No expired clients found.
[2026-05-22 06:14:01] No expired clients found.
[2026-05-22 06:15:01] No expired clients found.
[2026-05-22 06:16:02] No expired clients found.
[2026-05-22 06:17:01] No expired clients found.
[2026-05-22 06:18:01] No expired clients found.
[2026-05-22 06:19:01] No expired clients found.
[2026-05-22 06:20:02] No expired clients found.
[2026-05-22 06:21:01] No expired clients found.
[2026-05-22 06:22:01] No expired clients found.
[2026-05-22 06:23:01] No expired clients found.
[2026-05-22 06:24:02] No expired clients found.
[2026-05-22 06:25:01] No expired clients found.
[2026-05-22 06:26:01] No expired clients found.
[2026-05-22 06:27:01] No expired clients found.
[2026-05-22 06:28:02] No expired clients found.
[2026-05-22 06:29:01] No expired clients found.
[2026-05-22 06:30:01] No expired clients found.
[2026-05-22 06:31:01] No expired clients found.
[2026-05-22 06:32:02] No expired clients found.
[2026-05-22 06:33:01] No expired clients found.
[2026-05-22 06:34:01] No expired clients found.
[2026-05-22 06:35:01] No expired clients found.
[2026-05-22 06:36:02] No expired clients found.
[2026-05-22 06:37:01] No expired clients found.
[2026-05-22 06:38:01] No expired clients found.
[2026-05-22 06:39:01] No expired clients found.
[2026-05-22 06:40:01] No expired clients found.
[2026-05-22 06:41:01] No expired clients found.
[2026-05-22 06:42:01] No expired clients found.
[2026-05-22 06:43:01] No expired clients found.
[2026-05-22 06:44:01] No expired clients found.
[2026-05-22 06:45:01] No expired clients found.
[2026-05-22 06:46:01] No expired clients found.
[2026-05-22 06:47:02] No expired clients found.
[2026-05-22 06:48:01] No expired clients found.
[2026-05-22 06:49:01] No expired clients found.
[2026-05-22 06:50:01] No expired clients found.
[2026-05-22 06:51:02] No expired clients found.
[2026-05-22 06:52:01] No expired clients found.
[2026-05-22 06:53:01] No expired clients found.
[2026-05-22 06:54:01] No expired clients found.
[2026-05-22 06:55:02] No expired clients found.
[2026-05-22 06:56:01] No expired clients found.
[2026-05-22 06:57:01] No expired clients found.
[2026-05-22 06:58:02] No expired clients found.
[2026-05-22 06:59:01] No expired clients found.
[2026-05-22 07:00:01] No expired clients found.
[2026-05-22 07:01:01] No expired clients found.
[2026-05-22 07:02:02] No expired clients found.
[2026-05-22 07:03:01] No expired clients found.
[2026-05-22 07:04:01] No expired clients found.
[2026-05-22 07:05:01] No expired clients found.
[2026-05-22 07:06:02] No expired clients found.
[2026-05-22 07:07:01] No expired clients found.
[2026-05-22 07:08:01] No expired clients found.
[2026-05-22 07:09:01] No expired clients found.
[2026-05-22 07:10:02] No expired clients found.
[2026-05-22 07:11:01] No expired clients found.
[2026-05-22 07:12:01] No expired clients found.
[2026-05-22 07:13:01] No expired clients found.
[2026-05-22 07:14:02] No expired clients found.
[2026-05-22 07:15:01] No expired clients found.
[2026-05-22 07:16:01] No expired clients found.
[2026-05-22 07:17:02] No expired clients found.
[2026-05-22 07:18:01] No expired clients found.
[2026-05-22 07:19:01] No expired clients found.
[2026-05-22 07:20:01] No expired clients found.
[2026-05-22 07:21:02] No expired clients found.
[2026-05-22 07:22:01] No expired clients found.
[2026-05-22 07:23:01] No expired clients found.
[2026-05-22 07:24:01] No expired clients found.
[2026-05-22 07:25:02] No expired clients found.
[2026-05-22 07:26:01] No expired clients found.
[2026-05-22 07:27:01] No expired clients found.
[2026-05-22 07:28:01] No expired clients found.
[2026-05-22 07:29:02] No expired clients found.
[2026-05-22 07:30:01] No expired clients found.
[2026-05-22 07:31:01] No expired clients found.
[2026-05-22 07:32:01] No expired clients found.
[2026-05-22 07:33:02] No expired clients found.
[2026-05-22 07:34:01] No expired clients found.
[2026-05-22 07:35:01] No expired clients found.
[2026-05-22 07:36:01] No expired clients found.
[2026-05-22 07:37:02] No expired clients found.
[2026-05-22 07:38:01] No expired clients found.
[2026-05-22 07:39:01] No expired clients found.
[2026-05-22 07:40:01] No expired clients found.
[2026-05-22 07:41:01] No expired clients found.
[2026-05-22 07:42:01] No expired clients found.
[2026-05-22 07:43:01] No expired clients found.
[2026-05-22 07:44:02] No expired clients found.
[2026-05-22 07:45:01] No expired clients found.
[2026-05-22 07:46:01] No expired clients found.
[2026-05-22 07:47:01] No expired clients found.
[2026-05-22 07:48:01] No expired clients found.
[2026-05-22 07:49:01] No expired clients found.
[2026-05-22 07:50:01] No expired clients found.
[2026-05-22 07:51:01] No expired clients found.
[2026-05-22 07:52:02] No expired clients found.
[2026-05-22 07:53:01] No expired clients found.
[2026-05-22 07:54:01] No expired clients found.
[2026-05-22 07:55:01] No expired clients found.
[2026-05-22 07:56:02] No expired clients found.
[2026-05-22 07:57:01] No expired clients found.
[2026-05-22 07:58:01] No expired clients found.
[2026-05-22 07:59:01] No expired clients found.
[2026-05-22 08:00:01] No expired clients found.
[2026-05-22 08:01:02] No expired clients found.
[2026-05-22 08:02:01] No expired clients found.
[2026-05-22 08:03:01] No expired clients found.
[2026-05-22 08:04:01] No expired clients found.
[2026-05-22 08:05:02] No expired clients found.
[2026-05-22 08:06:01] No expired clients found.
[2026-05-22 08:07:01] No expired clients found.
[2026-05-22 08:08:01] No expired clients found.
[2026-05-22 08:09:01] No expired clients found.
[2026-05-22 08:10:01] No expired clients found.
[2026-05-22 08:11:01] No expired clients found.
[2026-05-22 08:12:02] No expired clients found.
[2026-05-22 08:13:01] No expired clients found.
[2026-05-22 08:14:01] No expired clients found.
[2026-05-22 08:15:02] No expired clients found.
[2026-05-22 08:16:01] No expired clients found.
[2026-05-22 08:17:01] No expired clients found.
[2026-05-22 08:18:01] No expired clients found.
[2026-05-22 08:19:02] No expired clients found.
[2026-05-22 08:20:01] No expired clients found.
[2026-05-22 08:21:01] No expired clients found.
[2026-05-22 08:22:02] No expired clients found.
[2026-05-22 08:23:01] No expired clients found.
[2026-05-22 08:24:01] No expired clients found.
[2026-05-22 08:25:01] No expired clients found.
[2026-05-22 08:26:02] No expired clients found.
[2026-05-22 08:27:01] No expired clients found.
[2026-05-22 08:28:01] No expired clients found.
[2026-05-22 08:29:01] No expired clients found.
[2026-05-22 08:30:02] No expired clients found.
[2026-05-22 08:31:01] No expired clients found.
[2026-05-22 08:32:01] No expired clients found.
[2026-05-22 08:33:01] No expired clients found.
[2026-05-22 08:34:02] No expired clients found.
[2026-05-22 08:35:01] No expired clients found.
[2026-05-22 08:36:01] No expired clients found.
[2026-05-22 08:37:02] No expired clients found.
[2026-05-22 08:38:01] No expired clients found.
[2026-05-22 08:39:01] No expired clients found.
[2026-05-22 08:40:02] No expired clients found.
[2026-05-22 08:41:01] No expired clients found.
[2026-05-22 08:42:01] No expired clients found.
[2026-05-22 08:43:01] No expired clients found.
[2026-05-22 08:44:02] No expired clients found.
[2026-05-22 08:45:01] No expired clients found.
[2026-05-22 08:46:01] No expired clients found.
[2026-05-22 08:47:01] No expired clients found.
[2026-05-22 08:48:02] No expired clients found.
[2026-05-22 08:49:01] No expired clients found.
[2026-05-22 08:50:01] No expired clients found.
[2026-05-22 08:51:01] No expired clients found.
[2026-05-22 08:52:02] No expired clients found.
[2026-05-22 08:53:01] No expired clients found.
[2026-05-22 08:54:01] No expired clients found.
[2026-05-22 08:55:01] No expired clients found.
[2026-05-22 08:56:02] No expired clients found.
[2026-05-22 08:57:01] No expired clients found.
[2026-05-22 08:58:01] No expired clients found.
[2026-05-22 08:59:01] No expired clients found.
[2026-05-22 09:00:01] No expired clients found.
[2026-05-22 09:01:01] No expired clients found.
[2026-05-22 09:02:01] No expired clients found.
[2026-05-22 09:03:02] No expired clients found.
[2026-05-22 09:04:01] No expired clients found.
[2026-05-22 09:05:01] No expired clients found.
[2026-05-22 09:06:01] No expired clients found.
[2026-05-22 09:07:02] No expired clients found.
[2026-05-22 09:08:01] No expired clients found.
[2026-05-22 09:09:01] No expired clients found.
[2026-05-22 09:10:01] No expired clients found.
[2026-05-22 09:11:01] No expired clients found.
[2026-05-22 09:12:01] No expired clients found.
[2026-05-22 09:13:01] No expired clients found.
[2026-05-22 09:14:01] No expired clients found.
[2026-05-22 09:15:01] No expired clients found.
[2026-05-22 09:16:01] No expired clients found.
[2026-05-22 09:17:01] No expired clients found.
[2026-05-22 09:18:02] No expired clients found.
[2026-05-22 09:19:01] No expired clients found.
[2026-05-22 09:20:01] No expired clients found.
[2026-05-22 09:21:01] No expired clients found.
[2026-05-22 09:22:02] No expired clients found.
[2026-05-22 09:23:01] No expired clients found.
[2026-05-22 09:24:01] No expired clients found.
[2026-05-22 09:25:01] No expired clients found.
[2026-05-22 09:26:02] No expired clients found.
[2026-05-22 09:27:01] No expired clients found.
[2026-05-22 09:28:01] No expired clients found.
[2026-05-22 09:29:01] No expired clients found.
[2026-05-22 09:30:02] No expired clients found.
[2026-05-22 09:31:01] No expired clients found.
[2026-05-22 09:32:01] No expired clients found.
[2026-05-22 09:33:01] No expired clients found.
[2026-05-22 09:34:02] No expired clients found.
[2026-05-22 09:35:01] No expired clients found.
[2026-05-22 09:36:01] No expired clients found.
[2026-05-22 09:37:01] No expired clients found.
[2026-05-22 09:38:01] No expired clients found.
[2026-05-22 09:39:01] No expired clients found.
[2026-05-22 09:40:01] No expired clients found.
[2026-05-22 09:41:02] No expired clients found.
[2026-05-22 09:42:01] No expired clients found.
[2026-05-22 09:43:01] No expired clients found.
[2026-05-22 09:44:01] No expired clients found.
[2026-05-22 09:45:02] No expired clients found.
[2026-05-22 09:46:01] No expired clients found.
[2026-05-22 09:47:01] No expired clients found.
[2026-05-22 09:48:01] No expired clients found.
[2026-05-22 09:49:01] No expired clients found.
[2026-05-22 09:50:01] No expired clients found.
[2026-05-22 09:51:01] No expired clients found.
[2026-05-22 09:52:02] No expired clients found.
[2026-05-22 09:53:01] No expired clients found.
[2026-05-22 09:54:01] No expired clients found.
[2026-05-22 09:55:01] No expired clients found.
[2026-05-22 09:56:02] No expired clients found.
[2026-05-22 09:57:01] No expired clients found.
[2026-05-22 09:58:01] No expired clients found.
[2026-05-22 09:59:01] No expired clients found.
[2026-05-22 10:00:01] No expired clients found.
[2026-05-22 10:01:01] No expired clients found.
[2026-05-22 10:02:01] No expired clients found.
[2026-05-22 10:03:02] No expired clients found.
[2026-05-22 10:04:01] No expired clients found.
[2026-05-22 10:05:01] No expired clients found.
[2026-05-22 10:06:01] No expired clients found.
[2026-05-22 10:07:02] No expired clients found.
[2026-05-22 10:08:01] No expired clients found.
[2026-05-22 10:09:01] No expired clients found.
[2026-05-22 10:10:02] No expired clients found.
[2026-05-22 10:11:01] No expired clients found.
[2026-05-22 10:12:01] No expired clients found.
[2026-05-22 10:13:01] No expired clients found.
[2026-05-22 10:14:02] No expired clients found.
[2026-05-22 10:15:01] No expired clients found.
[2026-05-22 10:16:01] No expired clients found.
[2026-05-22 10:17:01] No expired clients found.
[2026-05-22 10:18:02] No expired clients found.
[2026-05-22 10:19:01] No expired clients found.
[2026-05-22 10:20:01] No expired clients found.
[2026-05-22 10:21:01] No expired clients found.
[2026-05-22 10:22:02] No expired clients found.
[2026-05-22 10:23:01] No expired clients found.
[2026-05-22 10:24:01] No expired clients found.
[2026-05-22 10:25:01] No expired clients found.
[2026-05-22 10:26:01] No expired clients found.
[2026-05-22 10:27:01] No expired clients found.
[2026-05-22 10:28:01] No expired clients found.
[2026-05-22 10:29:01] No expired clients found.
[2026-05-22 10:30:02] No expired clients found.
[2026-05-22 10:31:01] No expired clients found.
[2026-05-22 10:32:01] No expired clients found.
[2026-05-22 10:33:01] No expired clients found.
[2026-05-22 10:34:02] No expired clients found.
[2026-05-22 10:35:01] No expired clients found.
[2026-05-22 10:36:01] No expired clients found.
[2026-05-22 10:37:01] No expired clients found.
[2026-05-22 10:38:01] No expired clients found.
[2026-05-22 10:39:01] No expired clients found.
[2026-05-22 10:40:01] No expired clients found.
[2026-05-22 10:41:02] No expired clients found.
[2026-05-22 10:42:01] No expired clients found.
[2026-05-22 10:43:01] No expired clients found.
[2026-05-22 10:44:01] No expired clients found.
[2026-05-22 10:45:02] No expired clients found.
[2026-05-22 10:46:01] No expired clients found.
[2026-05-22 10:47:01] No expired clients found.
[2026-05-22 10:48:01] No expired clients found.
[2026-05-22 10:49:02] No expired clients found.
[2026-05-22 10:50:01] No expired clients found.
[2026-05-22 10:51:01] No expired clients found.
[2026-05-22 10:52:01] No expired clients found.
[2026-05-22 10:53:02] No expired clients found.
[2026-05-22 10:54:01] No expired clients found.
[2026-05-22 10:55:01] No expired clients found.
[2026-05-22 10:56:01] No expired clients found.
[2026-05-22 10:57:01] No expired clients found.
[2026-05-22 10:58:01] No expired clients found.
[2026-05-22 10:59:01] No expired clients found.
[2026-05-22 11:00:01] No expired clients found.
[2026-05-22 11:01:01] No expired clients found.
[2026-05-22 11:02:01] No expired clients found.
[2026-05-22 11:03:01] No expired clients found.
[2026-05-22 11:04:01] No expired clients found.
[2026-05-22 11:05:01] No expired clients found.
[2026-05-22 11:06:01] No expired clients found.
[2026-05-22 11:07:01] No expired clients found.
[2026-05-22 11:08:02] No expired clients found.
[2026-05-22 11:09:02] No expired clients found.
[2026-05-22 11:10:01] No expired clients found.
[2026-05-22 11:11:01] No expired clients found.
[2026-05-22 11:12:02] No expired clients found.
[2026-05-22 11:13:01] No expired clients found.
[2026-05-22 11:14:01] No expired clients found.
[2026-05-22 11:15:01] No expired clients found.
[2026-05-22 11:16:01] No expired clients found.
[2026-05-22 11:17:01] No expired clients found.
[2026-05-22 11:18:02] No expired clients found.
[2026-05-22 11:19:01] No expired clients found.
[2026-05-22 11:20:02] No expired clients found.
[2026-05-22 11:21:01] No expired clients found.
[2026-05-22 11:22:01] No expired clients found.
[2026-05-22 11:23:02] No expired clients found.
[2026-05-22 11:24:01] No expired clients found.
[2026-05-22 11:25:01] No expired clients found.
[2026-05-22 11:26:02] No expired clients found.
[2026-05-22 11:27:01] No expired clients found.
[2026-05-22 11:28:01] No expired clients found.
[2026-05-22 11:29:02] No expired clients found.
[2026-05-22 11:30:01] No expired clients found.
[2026-05-22 11:31:03] No expired clients found.
[2026-05-22 11:32:01] No expired clients found.
[2026-05-22 11:33:01] No expired clients found.
[2026-05-22 11:34:02] No expired clients found.
[2026-05-22 11:35:01] No expired clients found.
[2026-05-22 11:36:02] No expired clients found.
[2026-05-22 11:37:11] ERROR: Unable to establish socket session, Connection timed out
[2026-05-22 11:38:11] ERROR: Unable to establish socket session, Connection timed out
[2026-05-22 11:39:11] ERROR: Unable to establish socket session, Connection timed out
[2026-05-22 11:40:11] ERROR: Unable to establish socket session, Connection timed out
[2026-05-22 11:41:12] ERROR: Unable to establish socket session, Connection timed out
[2026-05-22 11:42:11] ERROR: Unable to establish socket session, Connection timed out
[2026-05-22 11:43:11] ERROR: Unable to establish socket session, Connection timed out
[2026-05-22 11:44:12] ERROR: Unable to establish socket session, Connection timed out
[2026-05-22 11:45:11] ERROR: Unable to establish socket session, Connection timed out
[2026-05-22 11:46:11] ERROR: Unable to establish socket session, Connection timed out
[2026-05-22 11:47:11] ERROR: Unable to establish socket session, Connection timed out
[2026-05-22 11:48:11] ERROR: Unable to establish socket session, Connection timed out
[2026-05-22 11:49:12] ERROR: Unable to establish socket session, Connection timed out
[2026-05-22 11:50:11] ERROR: Unable to establish socket session, Connection timed out
[2026-05-22 11:51:11] ERROR: Unable to establish socket session, Connection timed out
[2026-05-22 11:52:12] ERROR: Unable to establish socket session, Connection timed out
[2026-05-22 11:53:11] ERROR: Unable to establish socket session, Connection timed out
[2026-05-22 11:54:11] ERROR: Unable to establish socket session, Connection timed out
[2026-05-22 11:55:11] ERROR: Unable to establish socket session, Connection timed out
[2026-05-22 11:56:11] ERROR: Unable to establish socket session, Connection timed out
[2026-05-22 11:57:11] ERROR: Unable to establish socket session, Connection timed out
[2026-05-22 11:58:11] ERROR: Unable to establish socket session, Connection timed out
[2026-05-22 11:59:12] ERROR: Unable to establish socket session, Connection timed out
[2026-05-22 12:00:11] ERROR: Unable to establish socket session, Connection timed out
[2026-05-22 12:01:11] ERROR: Unable to establish socket session, Connection timed out
[2026-05-22 12:02:12] ERROR: Unable to establish socket session, Connection timed out
[2026-05-22 12:03:11] ERROR: Unable to establish socket session, Connection timed out
[2026-05-22 12:04:11] ERROR: Unable to establish socket session, Connection timed out
[2026-05-22 12:05:12] ERROR: Unable to establish socket session, Connection timed out
[2026-05-22 12:06:11] ERROR: Unable to establish socket session, Connection timed out
[2026-05-22 12:07:11] ERROR: Unable to establish socket session, Connection timed out
[2026-05-22 12:08:11] ERROR: Unable to establish socket session, Connection timed out
[2026-05-22 12:09:11] ERROR: Unable to establish socket session, Connection timed out
[2026-05-22 12:10:11] ERROR: Unable to establish socket session, Connection timed out
[2026-05-22 12:11:12] ERROR: Unable to establish socket session, Connection timed out
[2026-05-22 12:12:12] ERROR: Unable to establish socket session, Connection timed out
[2026-05-22 12:13:12] ERROR: Unable to establish socket session, Connection timed out
[2026-05-22 12:14:11] ERROR: Unable to establish socket session, Connection timed out
[2026-05-22 12:15:12] ERROR: Unable to establish socket session, Connection timed out
[2026-05-22 12:16:11] ERROR: Unable to establish socket session, Connection timed out
[2026-05-22 12:17:11] ERROR: Unable to establish socket session, Connection timed out
[2026-05-22 12:18:12] ERROR: Unable to establish socket session, Connection timed out
[2026-05-22 12:19:11] ERROR: Unable to establish socket session, Connection timed out
[2026-05-22 12:20:12] ERROR: Unable to establish socket session, Connection timed out
[2026-05-22 12:21:11] ERROR: Unable to establish socket session, Connection timed out
[2026-05-22 12:22:11] ERROR: Unable to establish socket session, Connection timed out
[2026-05-22 12:23:12] ERROR: Unable to establish socket session, Connection timed out
[2026-05-22 12:24:11] ERROR: Unable to establish socket session, Connection timed out
[2026-05-22 12:25:11] ERROR: Unable to establish socket session, Connection timed out
[2026-05-22 12:26:12] ERROR: Unable to establish socket session, Connection timed out
[2026-05-22 12:27:11] ERROR: Unable to establish socket session, Connection timed out
[2026-05-22 12:28:11] ERROR: Unable to establish socket session, Connection timed out
[2026-05-22 12:29:12] ERROR: Unable to establish socket session, Connection timed out
[2026-05-22 12:30:11] ERROR: Unable to establish socket session, Connection timed out
[2026-05-22 12:31:11] ERROR: Unable to establish socket session, Connection timed out
[2026-05-22 12:32:11] ERROR: Unable to establish socket session, Connection timed out
[2026-05-22 12:33:12] ERROR: Unable to establish socket session, Connection timed out
[2026-05-22 12:34:11] ERROR: Unable to establish socket session, Connection timed out
[2026-05-22 12:35:12] ERROR: Unable to establish socket session, Connection timed out
[2026-05-22 12:36:12] ERROR: Unable to establish socket session, Connection timed out
[2026-05-22 12:37:12] ERROR: Unable to establish socket session, Connection timed out
[2026-05-22 12:38:11] ERROR: Unable to establish socket session, Connection timed out
[2026-05-22 12:39:12] ERROR: Unable to establish socket session, Connection timed out
[2026-05-22 12:40:11] ERROR: Unable to establish socket session, Connection timed out
[2026-05-22 12:41:12] ERROR: Unable to establish socket session, Connection timed out
[2026-05-22 12:42:11] ERROR: Unable to establish socket session, Connection timed out
[2026-05-22 12:43:12] ERROR: Unable to establish socket session, Connection timed out
[2026-05-22 12:44:12] ERROR: Unable to establish socket session, Connection timed out
[2026-05-22 12:45:12] ERROR: Unable to establish socket session, Connection timed out
[2026-05-22 12:46:11] ERROR: Unable to establish socket session, Connection timed out
[2026-05-22 12:47:11] ERROR: Unable to establish socket session, Connection timed out
[2026-05-22 12:48:12] ERROR: Unable to establish socket session, Connection timed out
[2026-05-22 12:49:11] ERROR: Unable to establish socket session, Connection timed out
[2026-05-22 12:50:11] ERROR: Unable to establish socket session, Connection timed out
[2026-05-22 12:51:12] ERROR: Unable to establish socket session, Connection timed out
[2026-05-22 12:52:11] ERROR: Unable to establish socket session, Connection timed out
[2026-05-22 12:53:12] ERROR: Unable to establish socket session, Connection timed out
[2026-05-22 12:54:11] ERROR: Unable to establish socket session, Connection timed out
[2026-05-22 12:55:11] ERROR: Unable to establish socket session, Connection timed out
[2026-05-22 12:56:11] ERROR: Unable to establish socket session, Connection timed out
[2026-05-22 12:57:12] ERROR: Unable to establish socket session, Connection timed out
[2026-05-22 12:58:11] ERROR: Unable to establish socket session, Connection timed out
[2026-05-22 12:59:12] ERROR: Unable to establish socket session, Connection timed out
[2026-05-22 13:00:11] ERROR: Unable to establish socket session, Connection timed out
[2026-05-22 13:01:12] ERROR: Unable to establish socket session, Connection timed out
[2026-05-22 13:02:11] ERROR: Unable to establish socket session, Connection timed out
[2026-05-22 13:03:12] ERROR: Unable to establish socket session, Connection timed out
[2026-05-22 13:04:11] ERROR: Unable to establish socket session, Connection timed out
[2026-05-22 13:05:12] ERROR: Unable to establish socket session, Connection timed out
[2026-05-22 13:06:11] ERROR: Unable to establish socket session, Connection timed out
[2026-05-22 13:07:11] ERROR: Unable to establish socket session, Connection timed out
[2026-05-22 13:08:12] ERROR: Unable to establish socket session, Connection timed out
[2026-05-22 13:09:11] ERROR: Unable to establish socket session, Connection timed out
[2026-05-22 13:10:11] ERROR: Unable to establish socket session, Connection timed out
[2026-05-22 13:11:12] ERROR: Unable to establish socket session, Connection timed out
[2026-05-22 13:12:11] ERROR: Unable to establish socket session, Connection timed out
[2026-05-22 13:13:11] ERROR: Unable to establish socket session, Connection timed out
[2026-05-22 13:14:11] ERROR: Unable to establish socket session, Connection timed out
[2026-05-22 13:15:12] ERROR: Unable to establish socket session, Connection timed out
[2026-05-22 13:16:11] ERROR: Unable to establish socket session, Connection timed out
[2026-05-22 13:17:11] ERROR: Unable to establish socket session, Connection timed out
[2026-05-22 13:18:12] ERROR: Unable to establish socket session, Connection timed out
[2026-05-22 13:19:11] ERROR: Unable to establish socket session, Connection timed out
[2026-05-22 13:20:12] ERROR: Unable to establish socket session, Connection timed out
[2026-05-22 13:21:11] ERROR: Unable to establish socket session, Connection timed out
[2026-05-22 13:22:11] ERROR: Unable to establish socket session, Connection timed out
[2026-05-22 13:23:11] ERROR: Unable to establish socket session, Connection timed out
[2026-05-22 13:24:12] ERROR: Unable to establish socket session, Connection timed out
[2026-05-22 13:25:11] ERROR: Unable to establish socket session, Connection timed out
[2026-05-22 13:26:11] ERROR: Unable to establish socket session, Connection timed out
[2026-05-22 13:27:11] ERROR: Unable to establish socket session, Connection timed out
[2026-05-22 13:28:12] ERROR: Unable to establish socket session, Connection timed out
[2026-05-22 13:29:12] ERROR: Unable to establish socket session, Connection timed out
[2026-05-22 13:30:11] ERROR: Unable to establish socket session, Connection timed out
[2026-05-22 13:31:11] ERROR: Unable to establish socket session, Connection timed out
[2026-05-22 13:32:12] ERROR: Unable to establish socket session, Connection timed out
[2026-05-22 13:33:11] ERROR: Unable to establish socket session, Connection timed out
[2026-05-22 13:34:12] ERROR: Unable to establish socket session, Connection timed out
[2026-05-22 13:35:11] ERROR: Unable to establish socket session, Connection timed out
[2026-05-22 13:36:11] ERROR: Unable to establish socket session, Connection timed out
[2026-05-22 13:37:12] ERROR: Unable to establish socket session, Connection timed out
[2026-05-22 13:38:11] ERROR: Unable to establish socket session, Connection timed out
[2026-05-22 13:39:11] ERROR: Unable to establish socket session, Connection timed out
[2026-05-22 13:40:12] ERROR: Unable to establish socket session, Connection timed out
[2026-05-22 13:41:11] ERROR: Unable to establish socket session, Connection timed out
[2026-05-22 13:42:12] ERROR: Unable to establish socket session, Connection timed out
[2026-05-22 13:43:12] ERROR: Unable to establish socket session, Connection timed out
[2026-05-22 13:44:11] ERROR: Unable to establish socket session, Connection timed out
[2026-05-22 13:45:11] ERROR: Unable to establish socket session, Connection timed out
[2026-05-22 13:46:12] ERROR: Unable to establish socket session, Connection timed out
[2026-05-22 13:47:11] ERROR: Unable to establish socket session, Connection timed out
[2026-05-22 13:48:12] ERROR: Unable to establish socket session, Connection timed out
[2026-05-22 13:49:11] ERROR: Unable to establish socket session, Connection timed out
[2026-05-22 13:50:11] ERROR: Unable to establish socket session, Connection timed out
[2026-05-22 13:51:12] ERROR: Unable to establish socket session, Connection timed out
[2026-05-22 13:52:11] ERROR: Unable to establish socket session, Connection timed out
[2026-05-22 13:53:11] ERROR: Unable to establish socket session, Connection timed out
[2026-05-22 13:54:13] ERROR: Unable to establish socket session, Connection timed out
[2026-05-22 13:55:11] ERROR: Unable to establish socket session, Connection timed out
[2026-05-22 13:56:12] ERROR: Unable to establish socket session, Connection timed out
[2026-05-22 13:57:11] ERROR: Unable to establish socket session, Connection timed out
[2026-05-22 13:58:12] ERROR: Unable to establish socket session, Connection timed out
[2026-05-22 13:59:11] ERROR: Unable to establish socket session, Connection timed out
[2026-05-22 14:00:12] ERROR: Unable to establish socket session, Connection timed out
[2026-05-22 14:01:11] ERROR: Unable to establish socket session, Connection timed out
[2026-05-22 14:02:12] ERROR: Unable to establish socket session, Connection timed out
[2026-05-22 14:03:11] ERROR: Unable to establish socket session, Connection timed out
[2026-05-22 14:04:12] ERROR: Unable to establish socket session, Connection timed out
[2026-05-22 14:05:11] ERROR: Unable to establish socket session, Connection timed out
[2026-05-22 14:06:12] ERROR: Unable to establish socket session, Connection timed out
[2026-05-22 14:07:11] ERROR: Unable to establish socket session, Connection timed out
[2026-05-22 14:08:12] ERROR: Unable to establish socket session, Connection timed out
[2026-05-22 14:09:12] ERROR: Unable to establish socket session, Connection timed out
[2026-05-22 14:10:12] ERROR: Unable to establish socket session, Connection timed out
[2026-05-22 14:11:11] ERROR: Unable to establish socket session, Connection timed out
[2026-05-22 14:12:12] ERROR: Unable to establish socket session, Connection timed out
[2026-05-22 14:13:12] ERROR: Unable to establish socket session, Connection timed out
[2026-05-22 14:14:11] ERROR: Unable to establish socket session, Connection timed out
[2026-05-22 14:15:12] ERROR: Unable to establish socket session, Connection timed out
[2026-05-22 14:16:11] ERROR: Unable to establish socket session, Connection timed out
[2026-05-22 14:17:12] ERROR: Unable to establish socket session, Connection timed out
[2026-05-22 14:18:12] ERROR: Unable to establish socket session, Connection timed out
[2026-05-22 14:19:11] ERROR: Unable to establish socket session, Connection timed out
[2026-05-22 14:20:12] ERROR: Unable to establish socket session, Connection timed out
[2026-05-22 14:21:11] ERROR: Unable to establish socket session, Connection timed out
[2026-05-22 14:22:12] ERROR: Unable to establish socket session, Connection timed out
[2026-05-22 14:23:11] ERROR: Unable to establish socket session, Connection timed out
[2026-05-22 14:24:12] ERROR: Unable to establish socket session, Connection timed out
[2026-05-22 14:25:11] ERROR: Unable to establish socket session, Connection timed out
[2026-05-22 14:26:12] ERROR: Unable to establish socket session, Connection timed out
[2026-05-22 14:27:12] ERROR: Unable to establish socket session, Connection timed out
[2026-05-22 14:28:11] ERROR: Unable to establish socket session, Connection timed out
[2026-05-22 14:29:11] ERROR: Unable to establish socket session, Connection timed out
[2026-05-22 14:30:11] ERROR: Unable to establish socket session, Connection timed out
[2026-05-22 14:31:11] ERROR: Unable to establish socket session, Connection timed out
[2026-05-22 14:32:11] ERROR: Unable to establish socket session, Connection timed out
[2026-05-22 14:33:11] ERROR: Unable to establish socket session, Connection timed out
[2026-05-22 14:34:11] ERROR: Unable to establish socket session, Connection timed out
[2026-05-22 14:35:11] ERROR: Unable to establish socket session, Connection timed out
[2026-05-22 14:36:12] ERROR: Unable to establish socket session, Connection timed out
[2026-05-22 14:37:11] ERROR: Unable to establish socket session, Connection timed out
[2026-05-22 14:38:11] ERROR: Unable to establish socket session, Connection timed out
[2026-05-22 14:39:11] ERROR: Unable to establish socket session, Connection timed out
[2026-05-22 14:40:11] ERROR: Unable to establish socket session, Connection timed out
[2026-05-22 14:41:11] ERROR: Unable to establish socket session, Connection timed out
[2026-05-22 14:42:11] ERROR: Unable to establish socket session, Connection timed out
[2026-05-22 14:43:11] ERROR: Unable to establish socket session, Connection timed out
[2026-05-22 14:44:12] ERROR: Unable to establish socket session, Connection timed out
[2026-05-22 14:45:11] ERROR: Unable to establish socket session, Connection timed out
[2026-05-22 14:46:11] ERROR: Unable to establish socket session, Connection timed out
[2026-05-22 14:47:12] ERROR: Unable to establish socket session, Connection timed out
[2026-05-22 14:48:11] ERROR: Unable to establish socket session, Connection timed out
[2026-05-22 14:49:12] ERROR: Unable to establish socket session, Connection timed out
[2026-05-22 14:50:11] ERROR: Unable to establish socket session, Connection timed out
[2026-05-22 14:51:12] ERROR: Unable to establish socket session, Connection timed out
[2026-05-22 14:52:11] ERROR: Unable to establish socket session, Connection timed out
[2026-05-22 14:53:11] ERROR: Unable to establish socket session, Connection timed out
[2026-05-22 14:54:12] ERROR: Unable to establish socket session, Connection timed out
[2026-05-22 14:55:12] ERROR: Unable to establish socket session, Connection timed out
[2026-05-22 14:56:11] ERROR: Unable to establish socket session, Connection timed out
[2026-05-22 14:57:12] ERROR: Unable to establish socket session, Connection timed out
[2026-05-22 14:58:11] ERROR: Unable to establish socket session, Connection timed out
[2026-05-22 14:59:11] ERROR: Unable to establish socket session, Connection timed out
[2026-05-22 15:00:12] ERROR: Unable to establish socket session, Connection timed out
[2026-05-22 15:01:11] ERROR: Unable to establish socket session, Connection timed out
[2026-05-22 15:02:12] ERROR: Unable to establish socket session, Connection timed out
[2026-05-22 15:03:11] ERROR: Unable to establish socket session, Connection timed out
[2026-05-22 15:04:11] ERROR: Unable to establish socket session, Connection timed out
[2026-05-22 15:05:11] ERROR: Unable to establish socket session, Connection timed out
[2026-05-22 15:06:12] ERROR: Unable to establish socket session, Connection timed out
[2026-05-22 15:07:11] ERROR: Unable to establish socket session, Connection timed out
[2026-05-22 15:08:12] ERROR: Unable to establish socket session, Connection timed out
[2026-05-22 15:09:11] ERROR: Unable to establish socket session, Connection timed out
[2026-05-22 15:10:12] ERROR: Unable to establish socket session, Connection timed out
[2026-05-22 15:11:11] ERROR: Unable to establish socket session, Connection timed out
[2026-05-22 15:12:12] ERROR: Unable to establish socket session, Connection timed out
[2026-05-22 15:13:11] ERROR: Unable to establish socket session, Connection timed out
[2026-05-22 15:14:11] ERROR: Unable to establish socket session, Connection timed out
[2026-05-22 15:15:11] ERROR: Unable to establish socket session, Connection timed out
[2026-05-22 15:16:11] ERROR: Unable to establish socket session, Connection timed out
[2026-05-22 15:17:12] ERROR: Unable to establish socket session, Connection timed out
[2026-05-22 15:18:11] ERROR: Unable to establish socket session, Connection timed out
[2026-05-22 15:19:11] ERROR: Unable to establish socket session, Connection timed out
[2026-05-22 15:20:11] ERROR: Unable to establish socket session, Connection timed out
[2026-05-22 15:21:12] ERROR: Unable to establish socket session, Connection timed out
[2026-05-22 15:22:11] ERROR: Unable to establish socket session, Connection timed out
[2026-05-22 15:23:11] ERROR: Unable to establish socket session, Connection timed out
[2026-05-22 15:24:12] ERROR: Unable to establish socket session, Connection timed out
[2026-05-22 15:25:11] ERROR: Unable to establish socket session, Connection timed out
[2026-05-22 15:26:12] ERROR: Unable to establish socket session, Connection timed out
[2026-05-22 15:27:12] ERROR: Unable to establish socket session, Connection timed out
[2026-05-22 15:28:12] ERROR: Unable to establish socket session, Connection timed out
[2026-05-22 15:29:11] ERROR: Unable to establish socket session, Connection timed out
[2026-05-22 15:30:12] ERROR: Unable to establish socket session, Connection timed out
[2026-05-22 15:31:12] ERROR: Unable to establish socket session, Connection timed out
[2026-05-22 15:32:12] ERROR: Unable to establish socket session, Connection timed out
[2026-05-22 15:33:11] ERROR: Unable to establish socket session, Connection timed out
[2026-05-22 15:34:11] ERROR: Unable to establish socket session, Connection timed out
[2026-05-22 15:35:12] ERROR: Unable to establish socket session, Connection timed out
[2026-05-22 15:36:13] ERROR: Unable to establish socket session, Connection timed out
[2026-05-22 15:37:12] ERROR: Unable to establish socket session, Connection timed out
[2026-05-22 15:38:12] ERROR: Unable to establish socket session, Connection timed out
[2026-05-22 15:39:12] ERROR: Unable to establish socket session, Connection timed out
[2026-05-22 15:40:12] ERROR: Unable to establish socket session, Connection timed out
[2026-05-22 15:41:11] ERROR: Unable to establish socket session, Connection timed out
[2026-05-22 15:42:11] ERROR: Unable to establish socket session, Connection timed out
[2026-05-22 15:43:11] ERROR: Unable to establish socket session, Connection timed out
[2026-05-22 15:44:12] ERROR: Unable to establish socket session, Connection timed out
[2026-05-22 15:45:12] ERROR: Unable to establish socket session, Connection timed out
[2026-05-22 15:46:11] ERROR: Unable to establish socket session, Connection timed out
[2026-05-22 15:47:12] ERROR: Unable to establish socket session, Connection timed out
[2026-05-22 15:48:12] ERROR: Unable to establish socket session, Connection timed out
[2026-05-22 15:49:11] ERROR: Unable to establish socket session, Connection timed out
[2026-05-22 15:50:12] ERROR: Unable to establish socket session, Connection timed out
[2026-05-22 15:51:12] ERROR: Unable to establish socket session, Connection timed out
[2026-05-22 15:52:12] ERROR: Unable to establish socket session, Connection timed out
[2026-05-22 15:53:12] ERROR: Unable to establish socket session, Connection timed out
[2026-05-22 15:54:12] ERROR: Unable to establish socket session, Connection timed out
[2026-05-22 15:55:12] ERROR: Unable to establish socket session, Connection timed out
[2026-05-22 15:56:12] ERROR: Unable to establish socket session, Connection timed out
[2026-05-22 16:00:12] ERROR: Unable to establish socket session, Connection timed out
[2026-05-22 16:01:11] ERROR: Unable to establish socket session, Connection timed out
[2026-05-22 16:02:13] ERROR: Unable to establish socket session, Connection timed out
[2026-05-22 16:03:11] ERROR: Unable to establish socket session, Connection timed out
[2026-05-22 16:04:11] ERROR: Unable to establish socket session, Connection timed out
[2026-05-22 16:05:12] ERROR: Unable to establish socket session, Connection timed out
[2026-05-22 16:06:11] ERROR: Unable to establish socket session, Connection timed out
[2026-05-22 16:07:12] ERROR: Unable to establish socket session, Connection timed out
[2026-05-22 16:08:12] ERROR: Unable to establish socket session, Connection timed out
[2026-05-22 16:09:11] ERROR: Unable to establish socket session, Connection timed out
[2026-05-22 16:10:11] ERROR: Unable to establish socket session, Connection timed out
[2026-05-22 16:11:11] ERROR: Unable to establish socket session, Connection timed out
[2026-05-22 16:12:11] ERROR: Unable to establish socket session, Connection timed out
[2026-05-22 16:13:11] ERROR: Unable to establish socket session, Connection timed out
[2026-05-22 16:14:12] ERROR: Unable to establish socket session, Connection timed out
[2026-05-22 16:15:12] ERROR: Unable to establish socket session, Connection timed out
[2026-05-22 16:16:11] ERROR: Unable to establish socket session, Connection timed out
[2026-05-22 16:17:12] ERROR: Unable to establish socket session, Connection timed out
[2026-05-22 16:18:12] ERROR: Unable to establish socket session, Connection timed out
[2026-05-22 16:19:11] ERROR: Unable to establish socket session, Connection timed out
[2026-05-22 16:20:12] ERROR: Unable to establish socket session, Connection timed out
[2026-05-22 16:21:12] ERROR: Unable to establish socket session, Connection timed out
[2026-05-22 16:22:11] ERROR: Unable to establish socket session, Connection timed out
[2026-05-22 16:23:12] ERROR: Unable to establish socket session, Connection timed out
[2026-05-22 16:24:11] ERROR: Unable to establish socket session, Connection timed out
[2026-05-22 16:25:12] ERROR: Unable to establish socket session, Connection timed out
[2026-05-22 16:26:11] ERROR: Unable to establish socket session, Connection timed out
[2026-05-22 16:27:11] ERROR: Unable to establish socket session, Connection timed out
[2026-05-22 16:28:11] ERROR: Unable to establish socket session, Connection timed out
[2026-05-22 16:29:12] ERROR: Unable to establish socket session, Connection timed out
[2026-05-22 16:30:11] ERROR: Unable to establish socket session, Connection timed out
[2026-05-22 16:31:11] ERROR: Unable to establish socket session, Connection timed out
[2026-05-22 16:32:12] ERROR: Unable to establish socket session, Connection timed out
[2026-05-22 16:33:11] ERROR: Unable to establish socket session, Connection timed out
[2026-05-22 16:34:11] ERROR: Unable to establish socket session, Connection timed out
[2026-05-22 16:35:12] ERROR: Unable to establish socket session, Connection timed out
[2026-05-22 16:36:11] ERROR: Unable to establish socket session, Connection timed out
[2026-05-22 16:37:11] ERROR: Unable to establish socket session, Connection timed out
[2026-05-22 16:38:12] ERROR: Unable to establish socket session, Connection timed out
[2026-05-22 16:39:11] ERROR: Unable to establish socket session, Connection timed out
[2026-05-22 16:40:11] ERROR: Unable to establish socket session, Connection timed out
[2026-05-22 16:41:11] ERROR: Unable to establish socket session, Connection timed out
[2026-05-22 16:42:11] ERROR: Unable to establish socket session, Connection timed out
[2026-05-22 16:43:12] ERROR: Unable to establish socket session, Connection timed out
[2026-05-22 16:44:11] ERROR: Unable to establish socket session, Connection timed out
[2026-05-22 16:45:11] ERROR: Unable to establish socket session, Connection timed out
[2026-05-22 16:46:12] ERROR: Unable to establish socket session, Connection timed out
[2026-05-22 16:47:11] ERROR: Unable to establish socket session, Connection timed out
[2026-05-22 16:48:11] ERROR: Unable to establish socket session, Connection timed out
[2026-05-22 16:49:12] ERROR: Unable to establish socket session, Connection timed out
[2026-05-22 16:50:11] ERROR: Unable to establish socket session, Connection timed out
[2026-05-22 16:51:11] ERROR: Unable to establish socket session, Connection timed out
[2026-05-22 16:52:12] ERROR: Unable to establish socket session, Connection timed out
[2026-05-22 16:53:11] ERROR: Unable to establish socket session, Connection timed out
[2026-05-22 16:54:11] ERROR: Unable to establish socket session, Connection timed out
[2026-05-22 16:55:12] ERROR: Unable to establish socket session, Connection timed out
[2026-05-22 16:56:11] ERROR: Unable to establish socket session, Connection timed out
[2026-05-22 16:57:11] ERROR: Unable to establish socket session, Connection timed out
[2026-05-22 16:58:12] ERROR: Unable to establish socket session, Connection timed out
[2026-05-22 16:59:11] ERROR: Unable to establish socket session, Connection timed out
[2026-05-22 17:00:12] ERROR: Unable to establish socket session, Connection timed out
[2026-05-22 17:01:11] ERROR: Unable to establish socket session, Connection timed out
[2026-05-22 17:02:11] ERROR: Unable to establish socket session, Connection timed out
[2026-05-22 17:03:11] ERROR: Unable to establish socket session, Connection timed out
[2026-05-22 17:04:11] ERROR: Unable to establish socket session, Connection timed out
[2026-05-22 17:05:12] ERROR: Unable to establish socket session, Connection timed out
[2026-05-22 17:06:11] ERROR: Unable to establish socket session, Connection timed out
[2026-05-22 17:07:11] ERROR: Unable to establish socket session, Connection timed out
[2026-05-22 17:08:11] ERROR: Unable to establish socket session, Connection timed out
[2026-05-22 17:09:12] ERROR: Unable to establish socket session, Connection timed out
[2026-05-22 17:10:11] ERROR: Unable to establish socket session, Connection timed out
[2026-05-22 17:11:11] ERROR: Unable to establish socket session, Connection timed out
[2026-05-22 17:12:11] ERROR: Unable to establish socket session, Connection timed out
[2026-05-22 17:13:11] ERROR: Unable to establish socket session, Connection timed out
[2026-05-22 17:14:11] ERROR: Unable to establish socket session, Connection timed out
[2026-05-22 17:15:11] ERROR: Unable to establish socket session, Connection timed out
[2026-05-22 17:16:11] ERROR: Unable to establish socket session, Connection timed out
[2026-05-22 17:17:11] ERROR: Unable to establish socket session, Connection timed out
[2026-05-22 17:18:11] ERROR: Unable to establish socket session, Connection timed out
[2026-05-22 17:19:11] ERROR: Unable to establish socket session, Connection timed out
[2026-05-22 17:20:11] ERROR: Unable to establish socket session, Connection timed out
[2026-05-22 17:21:12] ERROR: Unable to establish socket session, Connection timed out
[2026-05-22 17:22:11] ERROR: Unable to establish socket session, Connection timed out
[2026-05-22 17:23:11] ERROR: Unable to establish socket session, Connection timed out
[2026-05-22 17:24:11] ERROR: Unable to establish socket session, Connection timed out
[2026-05-22 17:25:11] ERROR: Unable to establish socket session, Connection timed out
[2026-05-22 17:26:11] ERROR: Unable to establish socket session, Connection timed out
[2026-05-22 17:27:12] ERROR: Unable to establish socket session, Connection timed out
[2026-05-22 17:28:11] ERROR: Unable to establish socket session, Connection timed out
[2026-05-22 17:29:12] ERROR: Unable to establish socket session, Connection timed out
[2026-05-22 17:30:11] ERROR: Unable to establish socket session, Connection timed out
[2026-05-22 17:31:11] ERROR: Unable to establish socket session, Connection timed out
[2026-05-22 17:32:12] ERROR: Unable to establish socket session, Connection timed out
[2026-05-22 17:33:11] ERROR: Unable to establish socket session, Connection timed out
[2026-05-22 17:34:11] ERROR: Unable to establish socket session, Connection timed out
[2026-05-22 17:35:11] ERROR: Unable to establish socket session, Connection timed out
[2026-05-22 17:36:11] ERROR: Unable to establish socket session, Connection timed out
[2026-05-22 17:37:11] ERROR: Unable to establish socket session, Connection timed out
[2026-05-22 17:38:11] ERROR: Unable to establish socket session, Connection timed out
[2026-05-22 17:39:11] ERROR: Unable to establish socket session, Connection timed out
[2026-05-22 17:40:12] ERROR: Unable to establish socket session, Connection timed out
[2026-05-22 17:41:11] ERROR: Unable to establish socket session, Connection timed out
[2026-05-22 17:42:11] ERROR: Unable to establish socket session, Connection timed out
[2026-05-22 17:43:12] ERROR: Unable to establish socket session, Connection timed out
[2026-05-22 17:44:11] ERROR: Unable to establish socket session, Connection timed out
[2026-05-22 17:45:11] ERROR: Unable to establish socket session, Connection timed out
[2026-05-22 17:46:11] ERROR: Unable to establish socket session, Connection timed out
[2026-05-22 17:47:11] ERROR: Unable to establish socket session, Connection timed out
[2026-05-22 17:48:11] ERROR: Unable to establish socket session, Connection timed out
[2026-05-22 17:49:11] ERROR: Unable to establish socket session, Connection timed out
[2026-05-22 17:50:12] ERROR: Unable to establish socket session, Connection timed out
[2026-05-22 17:51:11] ERROR: Unable to establish socket session, Connection timed out
[2026-05-22 17:52:11] ERROR: Unable to establish socket session, Connection timed out
[2026-05-22 17:53:12] ERROR: Unable to establish socket session, Connection timed out
[2026-05-22 17:54:11] ERROR: Unable to establish socket session, Connection timed out
[2026-05-22 17:55:11] ERROR: Unable to establish socket session, Connection timed out
[2026-05-22 17:56:11] ERROR: Unable to establish socket session, Connection timed out
[2026-05-22 17:57:12] ERROR: Unable to establish socket session, Connection timed out
[2026-05-22 17:58:11] ERROR: Unable to establish socket session, Connection timed out
[2026-05-22 17:59:11] ERROR: Unable to establish socket session, Connection timed out
[2026-05-22 18:00:12] ERROR: Unable to establish socket session, Connection timed out
[2026-05-22 18:01:11] ERROR: Unable to establish socket session, Connection timed out
[2026-05-22 18:02:11] ERROR: Unable to establish socket session, Connection timed out
[2026-05-22 18:03:12] ERROR: Unable to establish socket session, Connection timed out
[2026-05-22 18:04:11] ERROR: Unable to establish socket session, Connection timed out
[2026-05-22 18:05:11] ERROR: Unable to establish socket session, Connection timed out
[2026-05-22 18:06:12] ERROR: Unable to establish socket session, Connection timed out
[2026-05-22 18:07:11] ERROR: Unable to establish socket session, Connection timed out
[2026-05-22 18:08:11] ERROR: Unable to establish socket session, Connection timed out
[2026-05-22 18:09:11] ERROR: Unable to establish socket session, Connection timed out
[2026-05-22 18:10:11] ERROR: Unable to establish socket session, Connection timed out
[2026-05-22 18:11:11] ERROR: Unable to establish socket session, Connection timed out
[2026-05-22 18:12:11] ERROR: Unable to establish socket session, Connection timed out
[2026-05-22 18:13:11] ERROR: Unable to establish socket session, Connection timed out
[2026-05-22 18:14:11] ERROR: Unable to establish socket session, Connection timed out
[2026-05-22 18:15:12] ERROR: Unable to establish socket session, Connection timed out
[2026-05-22 18:16:11] ERROR: Unable to establish socket session, Connection timed out
[2026-05-22 18:17:11] ERROR: Unable to establish socket session, Connection timed out
[2026-05-22 18:18:11] ERROR: Unable to establish socket session, Connection timed out
[2026-05-22 18:19:11] ERROR: Unable to establish socket session, Connection timed out
[2026-05-22 18:20:11] ERROR: Unable to establish socket session, Connection timed out
[2026-05-22 18:21:12] ERROR: Unable to establish socket session, Connection timed out
[2026-05-22 18:22:11] ERROR: Unable to establish socket session, Connection timed out
[2026-05-22 18:23:11] ERROR: Unable to establish socket session, Connection timed out
[2026-05-22 18:24:11] ERROR: Unable to establish socket session, Connection timed out
[2026-05-22 18:25:11] ERROR: Unable to establish socket session, Connection timed out
[2026-05-22 18:26:11] ERROR: Unable to establish socket session, Connection timed out
[2026-05-22 18:27:11] ERROR: Unable to establish socket session, Connection timed out
[2026-05-22 18:28:12] ERROR: Unable to establish socket session, Connection timed out
[2026-05-22 18:29:12] ERROR: Unable to establish socket session, Connection timed out
[2026-05-22 18:30:11] ERROR: Unable to establish socket session, Connection timed out
[2026-05-22 18:31:11] ERROR: Unable to establish socket session, Connection timed out
[2026-05-22 18:32:12] ERROR: Unable to establish socket session, Connection timed out
[2026-05-22 18:33:11] ERROR: Unable to establish socket session, Connection timed out
[2026-05-22 18:34:11] ERROR: Unable to establish socket session, Connection timed out
[2026-05-22 18:35:11] ERROR: Unable to establish socket session, Connection timed out
[2026-05-22 18:36:11] ERROR: Unable to establish socket session, Connection timed out
[2026-05-22 18:37:11] ERROR: Unable to establish socket session, Connection timed out
[2026-05-22 18:38:12] ERROR: Unable to establish socket session, Connection timed out
[2026-05-22 18:39:11] ERROR: Unable to establish socket session, Connection timed out
[2026-05-22 18:40:11] ERROR: Unable to establish socket session, Connection timed out
[2026-05-22 18:41:11] ERROR: Unable to establish socket session, Connection timed out
[2026-05-22 18:42:11] ERROR: Unable to establish socket session, Connection timed out
[2026-05-22 18:43:12] ERROR: Unable to establish socket session, Connection timed out
[2026-05-22 18:44:11] ERROR: Unable to establish socket session, Connection timed out
[2026-05-22 18:45:11] ERROR: Unable to establish socket session, Connection timed out
[2026-05-22 18:46:12] ERROR: Unable to establish socket session, Connection timed out
[2026-05-22 18:47:11] ERROR: Unable to establish socket session, Connection timed out
[2026-05-22 18:48:13] ERROR: Unable to establish socket session, Connection timed out
[2026-05-22 18:49:11] ERROR: Unable to establish socket session, Connection timed out
[2026-05-22 18:50:12] ERROR: Unable to establish socket session, Connection timed out
[2026-05-22 18:51:11] ERROR: Unable to establish socket session, Connection timed out
[2026-05-22 18:52:11] ERROR: Unable to establish socket session, Connection timed out
[2026-05-22 18:53:12] ERROR: Unable to establish socket session, Connection timed out
[2026-05-22 18:54:11] ERROR: Unable to establish socket session, Connection timed out
[2026-05-22 18:55:11] ERROR: Unable to establish socket session, Connection timed out
[2026-05-22 18:56:12] ERROR: Unable to establish socket session, Connection timed out
[2026-05-22 18:57:11] ERROR: Unable to establish socket session, Connection timed out
[2026-05-22 18:58:11] ERROR: Unable to establish socket session, Connection timed out
[2026-05-22 18:59:11] ERROR: Unable to establish socket session, Connection timed out
[2026-05-22 19:00:11] ERROR: Unable to establish socket session, Connection timed out
[2026-05-22 19:01:11] ERROR: Unable to establish socket session, Connection timed out
[2026-05-22 19:02:12] ERROR: Unable to establish socket session, Connection timed out
[2026-05-22 19:03:11] ERROR: Unable to establish socket session, Connection timed out
[2026-05-22 19:04:12] ERROR: Unable to establish socket session, Connection timed out
[2026-05-22 19:05:11] ERROR: Unable to establish socket session, Connection timed out
[2026-05-22 19:06:11] ERROR: Unable to establish socket session, Connection timed out
[2026-05-22 19:07:11] ERROR: Unable to establish socket session, Connection timed out
[2026-05-22 19:08:12] ERROR: Unable to establish socket session, Connection timed out
[2026-05-22 19:09:12] ERROR: Unable to establish socket session, Connection timed out
[2026-05-22 19:10:12] ERROR: Unable to establish socket session, Connection timed out
[2026-05-22 19:11:12] ERROR: Unable to establish socket session, Connection timed out
[2026-05-22 19:12:11] ERROR: Unable to establish socket session, Connection timed out
[2026-05-22 19:13:12] ERROR: Unable to establish socket session, Connection timed out
[2026-05-22 19:14:11] ERROR: Unable to establish socket session, Connection timed out
[2026-05-22 19:15:11] ERROR: Unable to establish socket session, Connection timed out
[2026-05-22 19:16:12] ERROR: Unable to establish socket session, Connection timed out
[2026-05-22 19:17:11] ERROR: Unable to establish socket session, Connection timed out
[2026-05-22 19:18:11] ERROR: Unable to establish socket session, Connection timed out
[2026-05-22 19:19:12] ERROR: Unable to establish socket session, Connection timed out
[2026-05-22 19:20:12] ERROR: Unable to establish socket session, Connection timed out
[2026-05-22 19:21:11] ERROR: Unable to establish socket session, Connection timed out
[2026-05-22 19:22:11] ERROR: Unable to establish socket session, Connection timed out
[2026-05-22 19:23:12] ERROR: Unable to establish socket session, Connection timed out
[2026-05-22 19:24:11] ERROR: Unable to establish socket session, Connection timed out
[2026-05-22 19:25:11] ERROR: Unable to establish socket session, Connection timed out
[2026-05-22 19:26:11] ERROR: Unable to establish socket session, Connection timed out
[2026-05-22 19:27:11] ERROR: Unable to establish socket session, Connection timed out
[2026-05-22 19:28:11] ERROR: Unable to establish socket session, Connection timed out
[2026-05-22 19:29:12] ERROR: Unable to establish socket session, Connection timed out
[2026-05-22 19:30:11] ERROR: Unable to establish socket session, Connection timed out
[2026-05-22 19:31:11] ERROR: Unable to establish socket session, Connection timed out
[2026-05-22 19:32:11] ERROR: Unable to establish socket session, Connection timed out
[2026-05-22 19:33:11] ERROR: Unable to establish socket session, Connection timed out
[2026-05-22 19:34:12] ERROR: Unable to establish socket session, Connection timed out
[2026-05-22 19:35:11] ERROR: Unable to establish socket session, Connection timed out
[2026-05-22 19:36:11] ERROR: Unable to establish socket session, Connection timed out
[2026-05-22 19:37:11] ERROR: Unable to establish socket session, Connection timed out
[2026-05-22 19:38:12] ERROR: Unable to establish socket session, Connection timed out
[2026-05-22 19:39:11] ERROR: Unable to establish socket session, Connection timed out
[2026-05-22 19:40:11] ERROR: Unable to establish socket session, Connection timed out
[2026-05-22 19:41:11] ERROR: Unable to establish socket session, Connection timed out
[2026-05-22 19:42:12] ERROR: Unable to establish socket session, Connection timed out
[2026-05-22 19:43:11] ERROR: Unable to establish socket session, Connection timed out
[2026-05-22 19:44:11] ERROR: Unable to establish socket session, Connection timed out
[2026-05-22 19:45:12] ERROR: Unable to establish socket session, Connection timed out
[2026-05-22 19:46:11] ERROR: Unable to establish socket session, Connection timed out
[2026-05-22 19:47:11] ERROR: Unable to establish socket session, Connection timed out
[2026-05-22 19:48:11] ERROR: Unable to establish socket session, Connection timed out
[2026-05-22 19:49:11] ERROR: Unable to establish socket session, Connection timed out
[2026-05-22 19:50:11] ERROR: Unable to establish socket session, Connection timed out
[2026-05-22 19:51:12] ERROR: Unable to establish socket session, Connection timed out
[2026-05-22 19:52:11] ERROR: Unable to establish socket session, Connection timed out
[2026-05-22 19:53:11] ERROR: Unable to establish socket session, Connection timed out
[2026-05-22 19:54:11] ERROR: Unable to establish socket session, Connection timed out
[2026-05-22 19:55:12] ERROR: Unable to establish socket session, Connection timed out
[2026-05-22 19:56:11] ERROR: Unable to establish socket session, Connection timed out
[2026-05-22 19:57:12] ERROR: Unable to establish socket session, Connection timed out
[2026-05-22 19:58:11] ERROR: Unable to establish socket session, Connection timed out
[2026-05-22 19:59:11] ERROR: Unable to establish socket session, Connection timed out
[2026-05-22 20:00:13] ERROR: Unable to establish socket session, Connection timed out
[2026-05-22 20:01:12] ERROR: Unable to establish socket session, Connection timed out
[2026-05-22 20:02:11] ERROR: Unable to establish socket session, Connection timed out
[2026-05-22 20:03:11] ERROR: Unable to establish socket session, Connection timed out
[2026-05-22 20:04:12] ERROR: Unable to establish socket session, Connection timed out
[2026-05-22 20:05:11] ERROR: Unable to establish socket session, Connection timed out
[2026-05-22 20:06:11] ERROR: Unable to establish socket session, Connection timed out
[2026-05-22 20:07:11] ERROR: Unable to establish socket session, Connection timed out
[2026-05-22 20:08:12] ERROR: Unable to establish socket session, Connection timed out
[2026-05-22 20:09:11] ERROR: Unable to establish socket session, Connection timed out
[2026-05-22 20:10:13] ERROR: Unable to establish socket session, Connection timed out
[2026-05-22 20:11:11] ERROR: Unable to establish socket session, Connection timed out
[2026-05-22 20:12:11] ERROR: Unable to establish socket session, Connection timed out
[2026-05-22 20:13:11] ERROR: Unable to establish socket session, Connection timed out
[2026-05-22 20:14:12] ERROR: Unable to establish socket session, Connection timed out
[2026-05-22 20:15:11] ERROR: Unable to establish socket session, Connection timed out
[2026-05-22 20:16:12] ERROR: Unable to establish socket session, Connection timed out
[2026-05-22 20:17:11] ERROR: Unable to establish socket session, Connection timed out
[2026-05-22 20:18:11] ERROR: Unable to establish socket session, Connection timed out
[2026-05-22 20:19:11] ERROR: Unable to establish socket session, Connection timed out
[2026-05-22 20:20:11] ERROR: Unable to establish socket session, Connection timed out
[2026-05-22 20:21:11] ERROR: Unable to establish socket session, Connection timed out
[2026-05-22 20:22:12] ERROR: Unable to establish socket session, Connection timed out
[2026-05-22 20:23:11] ERROR: Unable to establish socket session, Connection timed out
[2026-05-22 20:24:11] ERROR: Unable to establish socket session, Connection timed out
[2026-05-22 20:25:12] ERROR: Unable to establish socket session, Connection timed out
[2026-05-22 20:26:11] ERROR: Unable to establish socket session, Connection timed out
[2026-05-22 20:27:12] ERROR: Unable to establish socket session, Connection timed out
[2026-05-22 20:28:11] ERROR: Unable to establish socket session, Connection timed out
[2026-05-22 20:29:11] ERROR: Unable to establish socket session, Connection timed out
[2026-05-22 20:30:12] ERROR: Unable to establish socket session, Connection timed out
[2026-05-22 20:31:11] ERROR: Unable to establish socket session, Connection timed out
[2026-05-22 20:32:11] ERROR: Unable to establish socket session, Connection timed out
[2026-05-22 20:33:11] ERROR: Unable to establish socket session, Connection timed out
[2026-05-22 20:34:12] ERROR: Unable to establish socket session, Connection timed out
[2026-05-22 20:35:11] ERROR: Unable to establish socket session, Connection timed out
[2026-05-22 20:36:11] ERROR: Unable to establish socket session, Connection timed out
[2026-05-22 20:37:12] ERROR: Unable to establish socket session, Connection timed out
[2026-05-22 20:38:11] ERROR: Unable to establish socket session, Connection timed out
[2026-05-22 20:39:11] ERROR: Unable to establish socket session, Connection timed out
[2026-05-22 20:40:12] ERROR: Unable to establish socket session, Connection timed out
[2026-05-22 20:41:11] ERROR: Unable to establish socket session, Connection timed out
[2026-05-22 20:42:11] ERROR: Unable to establish socket session, Connection timed out
[2026-05-22 20:43:11] ERROR: Unable to establish socket session, Connection timed out
[2026-05-22 20:44:12] ERROR: Unable to establish socket session, Connection timed out
[2026-05-22 20:45:11] ERROR: Unable to establish socket session, Connection timed out
[2026-05-22 20:46:11] ERROR: Unable to establish socket session, Connection timed out
[2026-05-22 20:47:12] ERROR: Unable to establish socket session, Connection timed out
[2026-05-22 20:48:11] ERROR: Unable to establish socket session, Connection timed out
[2026-05-22 20:49:11] ERROR: Unable to establish socket session, Connection timed out
[2026-05-22 20:50:11] ERROR: Unable to establish socket session, Connection timed out
[2026-05-22 20:51:11] ERROR: Unable to establish socket session, Connection timed out
[2026-05-22 20:52:11] ERROR: Unable to establish socket session, Connection timed out
[2026-05-22 20:53:11] ERROR: Unable to establish socket session, Connection timed out
[2026-05-22 20:54:12] ERROR: Unable to establish socket session, Connection timed out
[2026-05-22 20:55:11] ERROR: Unable to establish socket session, Connection timed out
[2026-05-22 20:56:11] ERROR: Unable to establish socket session, Connection timed out
[2026-05-22 20:57:11] ERROR: Unable to establish socket session, Connection timed out
[2026-05-22 20:58:12] ERROR: Unable to establish socket session, Connection timed out
[2026-05-22 20:59:11] ERROR: Unable to establish socket session, Connection timed out
[2026-05-22 21:00:11] ERROR: Unable to establish socket session, Connection timed out
[2026-05-22 21:01:12] ERROR: Unable to establish socket session, Connection timed out
[2026-05-22 21:02:11] ERROR: Unable to establish socket session, Connection timed out
[2026-05-22 21:03:11] ERROR: Unable to establish socket session, Connection timed out
[2026-05-22 21:04:12] ERROR: Unable to establish socket session, Connection timed out
[2026-05-22 21:05:11] ERROR: Unable to establish socket session, Connection timed out
[2026-05-22 21:06:11] ERROR: Unable to establish socket session, Connection timed out
[2026-05-22 21:07:11] ERROR: Unable to establish socket session, Connection timed out
[2026-05-22 21:08:12] ERROR: Unable to establish socket session, Connection timed out
[2026-05-22 21:09:11] ERROR: Unable to establish socket session, Connection timed out
[2026-05-22 21:10:11] ERROR: Unable to establish socket session, Connection timed out
[2026-05-22 21:11:12] ERROR: Unable to establish socket session, Connection timed out
[2026-05-22 21:12:11] ERROR: Unable to establish socket session, Connection timed out
[2026-05-22 21:13:11] ERROR: Unable to establish socket session, Connection timed out
[2026-05-22 21:14:11] ERROR: Unable to establish socket session, Connection timed out
[2026-05-22 21:15:11] ERROR: Unable to establish socket session, Connection timed out
[2026-05-22 21:16:11] ERROR: Unable to establish socket session, Connection timed out
[2026-05-22 21:17:11] ERROR: Unable to establish socket session, Connection timed out
[2026-05-22 21:18:12] ERROR: Unable to establish socket session, Connection timed out
[2026-05-22 21:19:11] ERROR: Unable to establish socket session, Connection timed out
[2026-05-22 21:20:11] ERROR: Unable to establish socket session, Connection timed out
[2026-05-22 21:21:11] ERROR: Unable to establish socket session, Connection timed out
[2026-05-22 21:22:12] ERROR: Unable to establish socket session, Connection timed out
[2026-05-22 21:23:11] ERROR: Unable to establish socket session, Connection timed out
[2026-05-22 21:24:11] ERROR: Unable to establish socket session, Connection timed out
[2026-05-22 21:25:12] ERROR: Unable to establish socket session, Connection timed out
[2026-05-22 21:26:11] ERROR: Unable to establish socket session, Connection timed out
[2026-05-22 21:27:11] ERROR: Unable to establish socket session, Connection timed out
[2026-05-22 21:28:11] ERROR: Unable to establish socket session, Connection timed out
[2026-05-22 21:29:11] ERROR: Unable to establish socket session, Connection timed out
[2026-05-22 21:30:11] ERROR: Unable to establish socket session, Connection timed out
[2026-05-22 21:31:11] ERROR: Unable to establish socket session, Connection timed out
[2026-05-22 21:32:12] ERROR: Unable to establish socket session, Connection timed out
[2026-05-22 21:33:11] ERROR: Unable to establish socket session, Connection timed out
[2026-05-22 21:34:11] ERROR: Unable to establish socket session, Connection timed out
[2026-05-22 21:35:11] ERROR: Unable to establish socket session, Connection timed out
[2026-05-22 21:36:11] ERROR: Unable to establish socket session, Connection timed out
[2026-05-22 21:37:11] ERROR: Unable to establish socket session, Connection timed out
[2026-05-22 21:38:11] ERROR: Unable to establish socket session, Connection timed out
[2026-05-22 21:39:12] ERROR: Unable to establish socket session, Connection timed out
[2026-05-22 21:40:11] ERROR: Unable to establish socket session, Connection timed out
[2026-05-22 21:41:11] ERROR: Unable to establish socket session, Connection timed out
[2026-05-22 21:42:11] ERROR: Unable to establish socket session, Connection timed out
[2026-05-22 21:43:11] ERROR: Unable to establish socket session, Connection timed out
[2026-05-22 21:44:11] ERROR: Unable to establish socket session, Connection timed out
[2026-05-22 21:45:11] ERROR: Unable to establish socket session, Connection timed out
[2026-05-22 21:46:12] ERROR: Unable to establish socket session, Connection timed out
[2026-05-22 21:47:11] ERROR: Unable to establish socket session, Connection timed out
[2026-05-22 21:48:11] ERROR: Unable to establish socket session, Connection timed out
[2026-05-22 21:49:11] ERROR: Unable to establish socket session, Connection timed out
[2026-05-22 21:50:12] ERROR: Unable to establish socket session, Connection timed out
[2026-05-22 21:51:11] ERROR: Unable to establish socket session, Connection timed out
[2026-05-22 21:52:11] ERROR: Unable to establish socket session, Connection timed out
[2026-05-22 21:53:12] ERROR: Unable to establish socket session, Connection timed out
[2026-05-22 21:54:11] ERROR: Unable to establish socket session, Connection timed out
[2026-05-22 21:55:11] ERROR: Unable to establish socket session, Connection timed out
[2026-05-22 21:56:11] ERROR: Unable to establish socket session, Connection timed out
[2026-05-22 21:58:53] ERROR: Unable to establish socket session, Connection timed out
[2026-05-22 21:58:53] ERROR: Unable to establish socket session, Connection timed out
[2026-05-22 21:59:12] ERROR: Unable to establish socket session, Connection timed out
[2026-05-22 22:00:11] ERROR: Unable to establish socket session, Connection timed out
[2026-05-22 22:01:11] ERROR: Unable to establish socket session, Connection timed out
[2026-05-22 22:02:12] ERROR: Unable to establish socket session, Connection timed out
[2026-05-22 22:03:11] ERROR: Unable to establish socket session, Connection timed out
[2026-05-22 22:04:11] ERROR: Unable to establish socket session, Connection timed out
[2026-05-22 22:05:11] ERROR: Unable to establish socket session, Connection timed out
[2026-05-22 22:06:12] ERROR: Unable to establish socket session, Connection timed out
[2026-05-22 22:07:11] ERROR: Unable to establish socket session, Connection timed out
[2026-05-22 22:08:11] ERROR: Unable to establish socket session, Connection timed out
[2026-05-22 22:09:12] ERROR: Unable to establish socket session, Connection timed out
[2026-05-22 22:10:11] ERROR: Unable to establish socket session, Connection timed out
[2026-05-22 22:11:11] ERROR: Unable to establish socket session, Connection timed out
[2026-05-22 22:12:12] ERROR: Unable to establish socket session, Connection timed out
[2026-05-22 22:13:11] ERROR: Unable to establish socket session, Connection timed out
[2026-05-22 22:14:11] ERROR: Unable to establish socket session, Connection timed out
[2026-05-22 22:15:11] ERROR: Unable to establish socket session, Connection timed out
[2026-05-22 22:16:12] ERROR: Unable to establish socket session, Connection timed out
[2026-05-22 22:17:11] ERROR: Unable to establish socket session, Connection timed out
[2026-05-22 22:18:11] ERROR: Unable to establish socket session, Connection timed out
[2026-05-22 22:19:12] ERROR: Unable to establish socket session, Connection timed out
[2026-05-22 22:20:11] ERROR: Unable to establish socket session, Connection timed out
[2026-05-22 22:21:11] ERROR: Unable to establish socket session, Connection timed out
[2026-05-22 22:22:11] ERROR: Unable to establish socket session, Connection timed out
[2026-05-22 22:23:12] ERROR: Unable to establish socket session, Connection timed out
[2026-05-22 22:24:11] ERROR: Unable to establish socket session, Connection timed out
[2026-05-22 22:25:11] ERROR: Unable to establish socket session, Connection timed out
[2026-05-22 22:26:12] ERROR: Unable to establish socket session, Connection timed out
[2026-05-22 22:27:11] ERROR: Unable to establish socket session, Connection timed out
[2026-05-22 22:28:11] ERROR: Unable to establish socket session, Connection timed out
[2026-05-22 22:29:11] ERROR: Unable to establish socket session, Connection timed out
[2026-05-22 22:30:12] ERROR: Unable to establish socket session, Connection timed out
[2026-05-22 22:31:11] ERROR: Unable to establish socket session, Connection timed out
[2026-05-22 22:32:11] ERROR: Unable to establish socket session, Connection timed out
[2026-05-22 22:33:12] ERROR: Unable to establish socket session, Connection timed out
[2026-05-22 22:34:11] ERROR: Unable to establish socket session, Connection timed out
[2026-05-22 22:35:11] ERROR: Unable to establish socket session, Connection timed out
[2026-05-22 22:36:11] ERROR: Unable to establish socket session, Connection timed out
[2026-05-22 22:37:12] ERROR: Unable to establish socket session, Connection timed out
[2026-05-22 22:38:11] ERROR: Unable to establish socket session, Connection timed out
[2026-05-22 22:39:11] ERROR: Unable to establish socket session, Connection timed out
[2026-05-22 22:40:12] ERROR: Unable to establish socket session, Connection timed out
[2026-05-22 22:41:11] ERROR: Unable to establish socket session, Connection timed out
[2026-05-22 22:42:11] ERROR: Unable to establish socket session, Connection timed out
[2026-05-22 22:43:11] ERROR: Unable to establish socket session, Connection timed out
[2026-05-22 22:44:12] ERROR: Unable to establish socket session, Connection timed out
[2026-05-22 22:45:11] ERROR: Unable to establish socket session, Connection timed out
[2026-05-22 22:46:11] ERROR: Unable to establish socket session, Connection timed out
[2026-05-22 22:47:12] ERROR: Unable to establish socket session, Connection timed out
[2026-05-22 22:48:11] ERROR: Unable to establish socket session, Connection timed out
[2026-05-22 22:49:11] ERROR: Unable to establish socket session, Connection timed out
[2026-05-22 22:50:11] ERROR: Unable to establish socket session, Connection timed out
[2026-05-22 22:51:12] ERROR: Unable to establish socket session, Connection timed out
[2026-05-22 22:52:11] ERROR: Unable to establish socket session, Connection timed out
[2026-05-22 22:53:11] ERROR: Unable to establish socket session, Connection timed out
[2026-05-22 22:54:12] ERROR: Unable to establish socket session, Connection timed out
[2026-05-22 22:55:11] ERROR: Unable to establish socket session, Connection timed out
[2026-05-22 22:56:11] ERROR: Unable to establish socket session, Connection timed out
[2026-05-22 22:57:11] ERROR: Unable to establish socket session, Connection timed out
[2026-05-22 22:58:12] ERROR: Unable to establish socket session, Connection timed out
[2026-05-22 22:59:11] ERROR: Unable to establish socket session, Connection timed out
[2026-05-22 23:00:11] ERROR: Unable to establish socket session, Connection timed out
[2026-05-22 23:01:12] ERROR: Unable to establish socket session, Connection timed out
[2026-05-22 23:02:11] ERROR: Unable to establish socket session, Connection timed out
[2026-05-22 23:03:11] ERROR: Unable to establish socket session, Connection timed out
[2026-05-22 23:04:11] ERROR: Unable to establish socket session, Connection timed out
[2026-05-22 23:05:12] ERROR: Unable to establish socket session, Connection timed out
[2026-05-22 23:06:11] ERROR: Unable to establish socket session, Connection timed out
[2026-05-22 23:07:11] ERROR: Unable to establish socket session, Connection timed out
[2026-05-22 23:08:12] ERROR: Unable to establish socket session, Connection timed out
[2026-05-22 23:09:11] ERROR: Unable to establish socket session, Connection timed out
[2026-05-22 23:10:11] ERROR: Unable to establish socket session, Connection timed out
[2026-05-22 23:11:11] ERROR: Unable to establish socket session, Connection timed out
[2026-05-22 23:12:11] ERROR: Unable to establish socket session, Connection timed out
[2026-05-22 23:13:11] ERROR: Unable to establish socket session, Connection timed out
[2026-05-22 23:14:11] ERROR: Unable to establish socket session, Connection timed out
[2026-05-22 23:15:12] ERROR: Unable to establish socket session, Connection timed out
[2026-05-22 23:16:12] ERROR: Unable to establish socket session, Connection timed out
[2026-05-22 23:17:11] ERROR: Unable to establish socket session, Connection timed out
[2026-05-22 23:18:11] ERROR: Unable to establish socket session, Connection timed out
[2026-05-22 23:19:12] ERROR: Unable to establish socket session, Connection timed out
[2026-05-22 23:20:11] ERROR: Unable to establish socket session, Connection timed out
[2026-05-22 23:21:11] ERROR: Unable to establish socket session, Connection timed out
[2026-05-22 23:22:12] ERROR: Unable to establish socket session, Connection timed out
[2026-05-22 23:23:11] ERROR: Unable to establish socket session, Connection timed out
[2026-05-22 23:24:11] ERROR: Unable to establish socket session, Connection timed out
[2026-05-22 23:25:12] ERROR: Unable to establish socket session, Connection timed out
[2026-05-22 23:26:11] ERROR: Unable to establish socket session, Connection timed out
[2026-05-22 23:27:11] ERROR: Unable to establish socket session, Connection timed out
[2026-05-22 23:28:11] ERROR: Unable to establish socket session, Connection timed out
[2026-05-22 23:29:11] ERROR: Unable to establish socket session, Connection timed out
[2026-05-22 23:30:11] ERROR: Unable to establish socket session, Connection timed out
[2026-05-22 23:31:12] ERROR: Unable to establish socket session, Connection timed out
[2026-05-22 23:32:11] ERROR: Unable to establish socket session, Connection timed out
[2026-05-22 23:33:11] ERROR: Unable to establish socket session, Connection timed out
[2026-05-22 23:34:12] ERROR: Unable to establish socket session, Connection timed out
[2026-05-22 23:35:11] ERROR: Unable to establish socket session, Connection timed out
[2026-05-22 23:36:11] ERROR: Unable to establish socket session, Connection timed out
[2026-05-22 23:37:11] ERROR: Unable to establish socket session, Connection timed out
[2026-05-22 23:38:11] ERROR: Unable to establish socket session, Connection timed out
[2026-05-22 23:39:11] ERROR: Unable to establish socket session, Connection timed out
[2026-05-22 23:40:12] ERROR: Unable to establish socket session, Connection timed out
[2026-05-22 23:41:11] ERROR: Unable to establish socket session, Connection timed out
[2026-05-22 23:42:11] ERROR: Unable to establish socket session, Connection timed out
[2026-05-22 23:43:11] ERROR: Unable to establish socket session, Connection timed out
[2026-05-22 23:44:11] ERROR: Unable to establish socket session, Connection timed out
[2026-05-22 23:45:11] ERROR: Unable to establish socket session, Connection timed out
[2026-05-22 23:46:12] ERROR: Unable to establish socket session, Connection timed out
[2026-05-22 23:47:11] ERROR: Unable to establish socket session, Connection timed out
[2026-05-22 23:48:11] ERROR: Unable to establish socket session, Connection timed out
[2026-05-22 23:49:11] ERROR: Unable to establish socket session, Connection timed out
[2026-05-22 23:50:12] ERROR: Unable to establish socket session, Connection timed out
[2026-05-22 23:51:11] ERROR: Unable to establish socket session, Connection timed out
[2026-05-22 23:52:11] ERROR: Unable to establish socket session, Connection timed out
[2026-05-22 23:53:11] ERROR: Unable to establish socket session, Connection timed out
[2026-05-22 23:54:12] ERROR: Unable to establish socket session, Connection timed out
[2026-05-22 23:55:11] ERROR: Unable to establish socket session, Connection timed out
[2026-05-22 23:56:11] ERROR: Unable to establish socket session, Connection timed out
[2026-05-22 23:57:12] ERROR: Unable to establish socket session, Connection timed out
[2026-05-22 23:58:11] ERROR: Unable to establish socket session, Connection timed out
[2026-05-22 23:59:11] ERROR: Unable to establish socket session, Connection timed out
[2026-05-23 00:00:11] ERROR: Unable to establish socket session, Connection timed out
[2026-05-23 00:01:11] ERROR: Unable to establish socket session, Connection timed out
[2026-05-23 00:02:12] ERROR: Unable to establish socket session, Connection timed out
[2026-05-23 00:03:11] ERROR: Unable to establish socket session, Connection timed out
[2026-05-23 00:04:11] ERROR: Unable to establish socket session, Connection timed out
[2026-05-23 00:05:12] ERROR: Unable to establish socket session, Connection timed out
[2026-05-23 00:06:11] ERROR: Unable to establish socket session, Connection timed out
[2026-05-23 00:07:11] ERROR: Unable to establish socket session, Connection timed out
[2026-05-23 00:08:11] ERROR: Unable to establish socket session, Connection timed out
[2026-05-23 00:09:12] ERROR: Unable to establish socket session, Connection timed out
[2026-05-23 00:10:11] ERROR: Unable to establish socket session, Connection timed out
[2026-05-23 00:11:11] ERROR: Unable to establish socket session, Connection timed out
[2026-05-23 00:12:12] ERROR: Unable to establish socket session, Connection timed out
[2026-05-23 00:13:11] ERROR: Unable to establish socket session, Connection timed out
[2026-05-23 00:14:11] ERROR: Unable to establish socket session, Connection timed out
[2026-05-23 00:15:12] ERROR: Unable to establish socket session, Connection timed out
[2026-05-23 00:16:11] ERROR: Unable to establish socket session, Connection timed out
[2026-05-23 00:17:11] ERROR: Unable to establish socket session, Connection timed out
[2026-05-23 00:18:11] ERROR: Unable to establish socket session, Connection timed out
[2026-05-23 00:19:11] ERROR: Unable to establish socket session, Connection timed out
[2026-05-23 00:20:11] ERROR: Unable to establish socket session, Connection timed out
[2026-05-23 00:21:11] ERROR: Unable to establish socket session, Connection timed out
[2026-05-23 00:22:12] ERROR: Unable to establish socket session, Connection timed out
[2026-05-23 00:23:11] ERROR: Unable to establish socket session, Connection timed out
[2026-05-23 00:24:11] ERROR: Unable to establish socket session, Connection timed out
[2026-05-23 00:25:12] ERROR: Unable to establish socket session, Connection timed out
[2026-05-23 00:26:11] ERROR: Unable to establish socket session, Connection timed out
[2026-05-23 00:27:11] ERROR: Unable to establish socket session, Connection timed out
[2026-05-23 00:28:12] ERROR: Unable to establish socket session, Connection timed out
[2026-05-23 00:29:11] ERROR: Unable to establish socket session, Connection timed out
[2026-05-23 00:30:12] ERROR: Unable to establish socket session, Connection timed out
[2026-05-23 00:31:11] ERROR: Unable to establish socket session, Connection timed out
[2026-05-23 00:32:11] ERROR: Unable to establish socket session, Connection timed out
[2026-05-23 00:33:11] ERROR: Unable to establish socket session, Connection timed out
[2026-05-23 00:34:12] ERROR: Unable to establish socket session, Connection timed out
[2026-05-23 00:35:11] ERROR: Unable to establish socket session, Connection timed out
[2026-05-23 00:36:11] ERROR: Unable to establish socket session, Connection timed out
[2026-05-23 00:37:12] ERROR: Unable to establish socket session, Connection timed out
[2026-05-23 00:38:11] ERROR: Unable to establish socket session, Connection timed out
[2026-05-23 00:39:11] ERROR: Unable to establish socket session, Connection timed out
[2026-05-23 00:40:11] ERROR: Unable to establish socket session, Connection timed out
[2026-05-23 00:41:11] ERROR: Unable to establish socket session, Connection timed out
[2026-05-23 00:42:11] ERROR: Unable to establish socket session, Connection timed out
[2026-05-23 00:43:11] ERROR: Unable to establish socket session, Connection timed out
[2026-05-23 00:44:12] ERROR: Unable to establish socket session, Connection timed out
[2026-05-23 00:45:11] ERROR: Unable to establish socket session, Connection timed out
[2026-05-23 00:46:11] ERROR: Unable to establish socket session, Connection timed out
[2026-05-23 00:47:12] ERROR: Unable to establish socket session, Connection timed out
[2026-05-23 00:48:11] ERROR: Unable to establish socket session, Connection timed out
[2026-05-23 00:49:11] ERROR: Unable to establish socket session, Connection timed out
[2026-05-23 00:50:11] ERROR: Unable to establish socket session, Connection timed out
[2026-05-23 00:51:11] ERROR: Unable to establish socket session, Connection timed out
[2026-05-23 00:52:11] ERROR: Unable to establish socket session, Connection timed out
[2026-05-23 00:53:11] ERROR: Unable to establish socket session, Connection timed out
[2026-05-23 00:54:11] ERROR: Unable to establish socket session, Connection timed out
[2026-05-23 00:55:11] ERROR: Unable to establish socket session, Connection timed out
[2026-05-23 00:56:11] ERROR: Unable to establish socket session, Connection timed out
[2026-05-23 00:57:11] ERROR: Unable to establish socket session, Connection timed out
[2026-05-23 00:58:12] ERROR: Unable to establish socket session, Connection timed out
[2026-05-23 00:59:11] ERROR: Unable to establish socket session, Connection timed out
[2026-05-23 01:00:11] ERROR: Unable to establish socket session, Connection timed out
[2026-05-23 01:01:12] ERROR: Unable to establish socket session, Connection timed out
[2026-05-23 01:02:11] ERROR: Unable to establish socket session, Connection timed out
[2026-05-23 01:03:11] ERROR: Unable to establish socket session, Connection timed out
[2026-05-23 01:04:11] ERROR: Unable to establish socket session, Connection timed out
[2026-05-23 01:05:12] ERROR: Unable to establish socket session, Connection timed out
[2026-05-23 01:06:11] ERROR: Unable to establish socket session, Connection timed out
[2026-05-23 01:07:11] ERROR: Unable to establish socket session, Connection timed out
[2026-05-23 01:08:12] ERROR: Unable to establish socket session, Connection timed out
[2026-05-23 01:09:11] ERROR: Unable to establish socket session, Connection timed out
[2026-05-23 01:10:11] ERROR: Unable to establish socket session, Connection timed out
[2026-05-23 01:11:12] ERROR: Unable to establish socket session, Connection timed out
[2026-05-23 01:12:11] ERROR: Unable to establish socket session, Connection timed out
[2026-05-23 01:13:11] ERROR: Unable to establish socket session, Connection timed out
[2026-05-23 01:14:11] ERROR: Unable to establish socket session, Connection timed out
[2026-05-23 01:15:12] ERROR: Unable to establish socket session, Connection timed out
[2026-05-23 01:16:11] ERROR: Unable to establish socket session, Connection timed out
[2026-05-23 01:17:11] ERROR: Unable to establish socket session, Connection timed out
[2026-05-23 01:18:12] ERROR: Unable to establish socket session, Connection timed out
[2026-05-23 01:19:11] ERROR: Unable to establish socket session, Connection timed out
[2026-05-23 01:20:11] ERROR: Unable to establish socket session, Connection timed out
[2026-05-23 01:21:11] ERROR: Unable to establish socket session, Connection timed out
[2026-05-23 01:22:11] ERROR: Unable to establish socket session, Connection timed out
[2026-05-23 01:23:11] ERROR: Unable to establish socket session, Connection timed out
[2026-05-23 01:24:11] ERROR: Unable to establish socket session, Connection timed out
[2026-05-23 01:25:11] ERROR: Unable to establish socket session, Connection timed out
[2026-05-23 01:26:11] ERROR: Unable to establish socket session, Connection timed out
[2026-05-23 01:27:11] ERROR: Unable to establish socket session, Connection timed out
[2026-05-23 01:28:11] ERROR: Unable to establish socket session, Connection timed out
[2026-05-23 01:29:11] ERROR: Unable to establish socket session, Connection timed out
[2026-05-23 01:30:11] ERROR: Unable to establish socket session, Connection timed out
[2026-05-23 01:31:11] ERROR: Unable to establish socket session, Connection timed out
[2026-05-23 01:32:12] ERROR: Unable to establish socket session, Connection timed out
[2026-05-23 01:33:11] ERROR: Unable to establish socket session, Connection timed out
[2026-05-23 01:34:11] ERROR: Unable to establish socket session, Connection timed out
[2026-05-23 01:35:12] ERROR: Unable to establish socket session, Connection timed out
[2026-05-23 01:36:11] ERROR: Unable to establish socket session, Connection timed out
[2026-05-23 01:37:11] ERROR: Unable to establish socket session, Connection timed out
[2026-05-23 01:38:11] ERROR: Unable to establish socket session, Connection timed out
[2026-05-23 01:39:12] ERROR: Unable to establish socket session, Connection timed out
[2026-05-23 01:40:11] ERROR: Unable to establish socket session, Connection timed out
[2026-05-23 01:41:11] ERROR: Unable to establish socket session, Connection timed out
[2026-05-23 01:42:11] ERROR: Unable to establish socket session, Connection timed out
[2026-05-23 01:43:11] ERROR: Unable to establish socket session, Connection timed out
[2026-05-23 01:44:11] ERROR: Unable to establish socket session, Connection timed out
[2026-05-23 01:45:11] ERROR: Unable to establish socket session, Connection timed out
[2026-05-23 01:46:12] ERROR: Unable to establish socket session, Connection timed out
[2026-05-23 01:47:11] ERROR: Unable to establish socket session, Connection timed out
[2026-05-23 01:48:11] ERROR: Unable to establish socket session, Connection timed out
[2026-05-23 01:49:12] ERROR: Unable to establish socket session, Connection timed out
[2026-05-23 01:50:11] ERROR: Unable to establish socket session, Connection timed out
[2026-05-23 01:51:11] ERROR: Unable to establish socket session, Connection timed out
[2026-05-23 01:52:11] ERROR: Unable to establish socket session, Connection timed out
[2026-05-23 01:53:12] ERROR: Unable to establish socket session, Connection timed out
[2026-05-23 01:54:11] ERROR: Unable to establish socket session, Connection timed out
[2026-05-23 01:55:11] ERROR: Unable to establish socket session, Connection timed out
[2026-05-23 01:56:12] ERROR: Unable to establish socket session, Connection timed out
[2026-05-23 01:57:16] ERROR: Unable to establish socket session, Connection timed out
[2026-05-23 01:58:12] ERROR: Unable to establish socket session, Connection timed out
[2026-05-23 01:59:11] ERROR: Unable to establish socket session, Connection timed out
[2026-05-23 02:00:11] ERROR: Unable to establish socket session, Connection timed out
[2026-05-23 02:01:12] ERROR: Unable to establish socket session, Connection timed out
[2026-05-23 02:02:11] ERROR: Unable to establish socket session, Connection timed out
[2026-05-23 02:03:11] ERROR: Unable to establish socket session, Connection timed out
[2026-05-23 02:04:12] ERROR: Unable to establish socket session, Connection timed out
[2026-05-23 02:05:11] ERROR: Unable to establish socket session, Connection timed out
[2026-05-23 02:06:11] ERROR: Unable to establish socket session, Connection timed out
[2026-05-23 02:07:11] ERROR: Unable to establish socket session, Connection timed out
[2026-05-23 02:08:12] ERROR: Unable to establish socket session, Connection timed out
[2026-05-23 02:09:11] ERROR: Unable to establish socket session, Connection timed out
[2026-05-23 02:10:11] ERROR: Unable to establish socket session, Connection timed out
[2026-05-23 02:11:12] ERROR: Unable to establish socket session, Connection timed out
[2026-05-23 02:12:11] ERROR: Unable to establish socket session, Connection timed out
[2026-05-23 02:13:11] ERROR: Unable to establish socket session, Connection timed out
[2026-05-23 02:14:12] ERROR: Unable to establish socket session, Connection timed out
[2026-05-23 02:15:11] ERROR: Unable to establish socket session, Connection timed out
[2026-05-23 02:16:11] ERROR: Unable to establish socket session, Connection timed out
[2026-05-23 02:17:12] ERROR: Unable to establish socket session, Connection timed out
[2026-05-23 02:18:11] ERROR: Unable to establish socket session, Connection timed out
[2026-05-23 02:19:11] ERROR: Unable to establish socket session, Connection timed out
[2026-05-23 02:20:12] ERROR: Unable to establish socket session, Connection timed out
[2026-05-23 02:21:11] ERROR: Unable to establish socket session, Connection timed out
[2026-05-23 02:22:11] ERROR: Unable to establish socket session, Connection timed out
[2026-05-23 02:23:11] ERROR: Unable to establish socket session, Connection timed out
[2026-05-23 02:24:12] ERROR: Unable to establish socket session, Connection timed out
[2026-05-23 02:25:11] ERROR: Unable to establish socket session, Connection timed out
[2026-05-23 02:26:11] ERROR: Unable to establish socket session, Connection timed out
[2026-05-23 02:27:11] ERROR: Unable to establish socket session, Connection timed out
[2026-05-23 02:28:11] ERROR: Unable to establish socket session, Connection timed out
[2026-05-23 02:29:11] ERROR: Unable to establish socket session, Connection timed out
[2026-05-23 02:30:11] ERROR: Unable to establish socket session, Connection timed out
[2026-05-23 02:31:12] ERROR: Unable to establish socket session, Connection timed out
[2026-05-23 02:32:11] ERROR: Unable to establish socket session, Connection timed out
[2026-05-23 02:33:11] ERROR: Unable to establish socket session, Connection timed out
[2026-05-23 02:34:12] ERROR: Unable to establish socket session, Connection timed out
[2026-05-23 02:35:11] ERROR: Unable to establish socket session, Connection timed out
[2026-05-23 02:36:11] ERROR: Unable to establish socket session, Connection timed out
[2026-05-23 02:37:11] ERROR: Unable to establish socket session, Connection timed out
[2026-05-23 02:38:12] ERROR: Unable to establish socket session, Connection timed out
[2026-05-23 02:39:11] ERROR: Unable to establish socket session, Connection timed out
[2026-05-23 02:40:11] ERROR: Unable to establish socket session, Connection timed out
[2026-05-23 02:41:12] ERROR: Unable to establish socket session, Connection timed out
[2026-05-23 02:42:11] ERROR: Unable to establish socket session, Connection timed out
[2026-05-23 02:43:11] ERROR: Unable to establish socket session, Connection timed out
[2026-05-23 02:44:12] ERROR: Unable to establish socket session, Connection timed out
[2026-05-23 02:45:11] ERROR: Unable to establish socket session, Connection timed out
[2026-05-23 02:46:11] ERROR: Unable to establish socket session, Connection timed out
[2026-05-23 02:47:11] ERROR: Unable to establish socket session, Connection timed out
[2026-05-23 02:48:12] ERROR: Unable to establish socket session, Connection timed out
[2026-05-23 02:49:11] ERROR: Unable to establish socket session, Connection timed out
[2026-05-23 02:50:11] ERROR: Unable to establish socket session, Connection timed out
[2026-05-23 02:51:12] ERROR: Unable to establish socket session, Connection timed out
[2026-05-23 02:52:11] ERROR: Unable to establish socket session, Connection timed out
[2026-05-23 02:53:11] ERROR: Unable to establish socket session, Connection timed out
[2026-05-23 02:54:11] ERROR: Unable to establish socket session, Connection timed out
[2026-05-23 02:55:11] ERROR: Unable to establish socket session, Connection timed out
[2026-05-23 02:56:11] ERROR: Unable to establish socket session, Connection timed out
[2026-05-23 02:57:11] ERROR: Unable to establish socket session, Connection timed out
[2026-05-23 02:58:12] ERROR: Unable to establish socket session, Connection timed out
[2026-05-23 02:59:11] ERROR: Unable to establish socket session, Connection timed out
[2026-05-23 03:00:11] ERROR: Unable to establish socket session, Connection timed out
[2026-05-23 03:01:12] ERROR: Unable to establish socket session, Connection timed out
[2026-05-23 03:02:11] ERROR: Unable to establish socket session, Connection timed out
[2026-05-23 03:03:11] ERROR: Unable to establish socket session, Connection timed out
[2026-05-23 03:04:11] ERROR: Unable to establish socket session, Connection timed out
[2026-05-23 03:05:12] ERROR: Unable to establish socket session, Connection timed out
[2026-05-23 03:06:11] ERROR: Unable to establish socket session, Connection timed out
[2026-05-23 03:07:11] ERROR: Unable to establish socket session, Connection timed out
[2026-05-23 03:08:12] ERROR: Unable to establish socket session, Connection timed out
[2026-05-23 03:09:11] ERROR: Unable to establish socket session, Connection timed out
[2026-05-23 03:10:11] ERROR: Unable to establish socket session, Connection timed out
[2026-05-23 03:11:12] ERROR: Unable to establish socket session, Connection timed out
[2026-05-23 03:12:11] ERROR: Unable to establish socket session, Connection timed out
[2026-05-23 03:13:11] ERROR: Unable to establish socket session, Connection timed out
[2026-05-23 03:14:11] ERROR: Unable to establish socket session, Connection timed out
[2026-05-23 03:15:12] ERROR: Unable to establish socket session, Connection timed out
[2026-05-23 03:16:11] ERROR: Unable to establish socket session, Connection timed out
[2026-05-23 03:17:11] ERROR: Unable to establish socket session, Connection timed out
[2026-05-23 03:18:11] ERROR: Unable to establish socket session, Connection timed out
[2026-05-23 03:19:12] ERROR: Unable to establish socket session, Connection timed out
[2026-05-23 03:20:11] ERROR: Unable to establish socket session, Connection timed out
[2026-05-23 03:21:11] ERROR: Unable to establish socket session, Connection timed out
[2026-05-23 03:22:12] ERROR: Unable to establish socket session, Connection timed out
[2026-05-23 03:23:11] ERROR: Unable to establish socket session, Connection timed out
[2026-05-23 03:24:11] ERROR: Unable to establish socket session, Connection timed out
[2026-05-23 03:25:11] ERROR: Unable to establish socket session, Connection timed out
[2026-05-23 03:26:12] ERROR: Unable to establish socket session, Connection timed out
[2026-05-23 03:27:11] ERROR: Unable to establish socket session, Connection timed out
[2026-05-23 03:28:11] ERROR: Unable to establish socket session, Connection timed out
[2026-05-23 03:29:12] ERROR: Unable to establish socket session, Connection timed out
[2026-05-23 03:30:11] ERROR: Unable to establish socket session, Connection timed out
[2026-05-23 03:31:11] ERROR: Unable to establish socket session, Connection timed out
[2026-05-23 03:32:12] ERROR: Unable to establish socket session, Connection timed out
[2026-05-23 03:33:11] ERROR: Unable to establish socket session, Connection timed out
[2026-05-23 03:34:11] ERROR: Unable to establish socket session, Connection timed out
[2026-05-23 03:35:11] ERROR: Unable to establish socket session, Connection timed out
[2026-05-23 03:36:12] ERROR: Unable to establish socket session, Connection timed out
[2026-05-23 03:37:11] ERROR: Unable to establish socket session, Connection timed out
[2026-05-23 03:38:11] ERROR: Unable to establish socket session, Connection timed out
[2026-05-23 03:39:11] ERROR: Unable to establish socket session, Connection timed out
[2026-05-23 03:40:11] ERROR: Unable to establish socket session, Connection timed out
[2026-05-23 03:41:11] ERROR: Unable to establish socket session, Connection timed out
[2026-05-23 03:42:11] ERROR: Unable to establish socket session, Connection timed out
[2026-05-23 03:43:12] ERROR: Unable to establish socket session, Connection timed out
[2026-05-23 03:44:11] ERROR: Unable to establish socket session, Connection timed out
[2026-05-23 03:45:11] ERROR: Unable to establish socket session, Connection timed out
[2026-05-23 03:46:12] ERROR: Unable to establish socket session, Connection timed out
[2026-05-23 03:47:11] ERROR: Unable to establish socket session, Connection timed out
[2026-05-23 03:48:11] ERROR: Unable to establish socket session, Connection timed out
[2026-05-23 03:49:11] ERROR: Unable to establish socket session, Connection timed out
[2026-05-23 03:50:12] ERROR: Unable to establish socket session, Connection timed out
[2026-05-23 03:51:11] ERROR: Unable to establish socket session, Connection timed out
[2026-05-23 03:52:11] ERROR: Unable to establish socket session, Connection timed out
[2026-05-23 03:53:12] ERROR: Unable to establish socket session, Connection timed out
[2026-05-23 03:54:11] ERROR: Unable to establish socket session, Connection timed out
[2026-05-23 03:55:11] ERROR: Unable to establish socket session, Connection timed out
[2026-05-23 03:56:12] ERROR: Unable to establish socket session, Connection timed out
[2026-05-23 04:00:15] ERROR: Unable to establish socket session, Connection timed out
[2026-05-23 04:00:29] ERROR: Unable to establish socket session, Connection timed out
[2026-05-23 04:00:29] ERROR: Unable to establish socket session, Connection timed out
[2026-05-23 04:00:29] ERROR: Unable to establish socket session, Connection timed out
[2026-05-23 04:01:11] ERROR: Unable to establish socket session, Connection timed out
[2026-05-23 04:02:11] ERROR: Unable to establish socket session, Connection timed out
[2026-05-23 04:03:11] ERROR: Unable to establish socket session, Connection timed out
[2026-05-23 04:04:12] ERROR: Unable to establish socket session, Connection timed out
[2026-05-23 04:05:11] ERROR: Unable to establish socket session, Connection timed out
[2026-05-23 04:06:11] ERROR: Unable to establish socket session, Connection timed out
[2026-05-23 04:07:12] ERROR: Unable to establish socket session, Connection timed out
[2026-05-23 04:08:11] ERROR: Unable to establish socket session, Connection timed out
[2026-05-23 04:09:11] ERROR: Unable to establish socket session, Connection timed out
[2026-05-23 04:10:11] ERROR: Unable to establish socket session, Connection timed out
[2026-05-23 04:11:11] ERROR: Unable to establish socket session, Connection timed out
[2026-05-23 04:12:11] ERROR: Unable to establish socket session, Connection timed out
[2026-05-23 04:13:11] ERROR: Unable to establish socket session, Connection timed out
[2026-05-23 04:14:11] ERROR: Unable to establish socket session, Connection timed out
[2026-05-23 04:15:11] ERROR: Unable to establish socket session, Connection timed out
[2026-05-23 04:16:11] ERROR: Unable to establish socket session, Connection timed out
[2026-05-23 04:17:11] ERROR: Unable to establish socket session, Connection timed out
[2026-05-23 04:18:12] ERROR: Unable to establish socket session, Connection timed out
[2026-05-23 04:19:11] ERROR: Unable to establish socket session, Connection timed out
[2026-05-23 04:20:11] ERROR: Unable to establish socket session, Connection timed out
[2026-05-23 04:21:12] ERROR: Unable to establish socket session, Connection timed out
[2026-05-23 04:22:11] ERROR: Unable to establish socket session, Connection timed out
[2026-05-23 04:23:11] ERROR: Unable to establish socket session, Connection timed out
[2026-05-23 04:24:11] ERROR: Unable to establish socket session, Connection timed out
[2026-05-23 04:25:12] ERROR: Unable to establish socket session, Connection timed out
[2026-05-23 04:26:11] ERROR: Unable to establish socket session, Connection timed out
[2026-05-23 04:27:11] ERROR: Unable to establish socket session, Connection timed out
[2026-05-23 04:28:11] ERROR: Unable to establish socket session, Connection timed out
[2026-05-23 04:29:12] ERROR: Unable to establish socket session, Connection timed out
[2026-05-23 04:30:11] ERROR: Unable to establish socket session, Connection timed out
[2026-05-23 04:31:11] ERROR: Unable to establish socket session, Connection timed out
[2026-05-23 04:32:12] ERROR: Unable to establish socket session, Connection timed out
[2026-05-23 04:33:11] ERROR: Unable to establish socket session, Connection timed out
[2026-05-23 04:34:11] ERROR: Unable to establish socket session, Connection timed out
[2026-05-23 04:35:11] ERROR: Unable to establish socket session, Connection timed out
[2026-05-23 04:36:12] ERROR: Unable to establish socket session, Connection timed out
[2026-05-23 04:37:11] ERROR: Unable to establish socket session, Connection timed out
[2026-05-23 04:38:11] ERROR: Unable to establish socket session, Connection timed out
[2026-05-23 04:39:12] ERROR: Unable to establish socket session, Connection timed out
[2026-05-23 04:40:11] ERROR: Unable to establish socket session, Connection timed out
[2026-05-23 04:41:11] ERROR: Unable to establish socket session, Connection timed out
[2026-05-23 04:42:11] ERROR: Unable to establish socket session, Connection timed out
[2026-05-23 04:43:12] ERROR: Unable to establish socket session, Connection timed out
[2026-05-23 04:44:11] ERROR: Unable to establish socket session, Connection timed out
[2026-05-23 04:45:11] ERROR: Unable to establish socket session, Connection timed out
[2026-05-23 04:46:12] ERROR: Unable to establish socket session, Connection timed out
[2026-05-23 04:47:11] ERROR: Unable to establish socket session, Connection timed out
[2026-05-23 04:48:11] ERROR: Unable to establish socket session, Connection timed out
[2026-05-23 04:49:11] ERROR: Unable to establish socket session, Connection timed out
[2026-05-23 04:50:12] ERROR: Unable to establish socket session, Connection timed out
[2026-05-23 04:51:11] ERROR: Unable to establish socket session, Connection timed out
[2026-05-23 04:52:11] ERROR: Unable to establish socket session, Connection timed out
[2026-05-23 04:53:12] ERROR: Unable to establish socket session, Connection timed out
[2026-05-23 04:54:11] ERROR: Unable to establish socket session, Connection timed out
[2026-05-23 04:55:11] ERROR: Unable to establish socket session, Connection timed out
[2026-05-23 04:56:11] ERROR: Unable to establish socket session, Connection timed out
[2026-05-23 04:57:11] ERROR: Unable to establish socket session, Connection timed out
[2026-05-23 04:58:11] ERROR: Unable to establish socket session, Connection timed out
[2026-05-23 04:59:11] ERROR: Unable to establish socket session, Connection timed out
[2026-05-23 05:00:12] ERROR: Unable to establish socket session, Connection timed out
[2026-05-23 05:01:11] ERROR: Unable to establish socket session, Connection timed out
[2026-05-23 05:02:11] ERROR: Unable to establish socket session, Connection timed out
[2026-05-23 05:03:11] ERROR: Unable to establish socket session, Connection timed out
[2026-05-23 05:04:11] ERROR: Unable to establish socket session, Connection timed out
[2026-05-23 05:05:11] ERROR: Unable to establish socket session, Connection timed out
[2026-05-23 05:06:11] ERROR: Unable to establish socket session, Connection timed out
[2026-05-23 05:07:12] ERROR: Unable to establish socket session, Connection timed out
[2026-05-23 05:08:11] ERROR: Unable to establish socket session, Connection timed out
[2026-05-23 05:09:11] ERROR: Unable to establish socket session, Connection timed out
[2026-05-23 05:10:12] ERROR: Unable to establish socket session, Connection timed out
[2026-05-23 05:11:11] ERROR: Unable to establish socket session, Connection timed out
[2026-05-23 05:12:11] ERROR: Unable to establish socket session, Connection timed out
[2026-05-23 05:13:11] ERROR: Unable to establish socket session, Connection timed out
[2026-05-23 05:14:12] ERROR: Unable to establish socket session, Connection timed out
[2026-05-23 05:15:11] ERROR: Unable to establish socket session, Connection timed out
[2026-05-23 05:16:11] ERROR: Unable to establish socket session, Connection timed out
[2026-05-23 05:17:12] ERROR: Unable to establish socket session, Connection timed out
[2026-05-23 05:18:11] ERROR: Unable to establish socket session, Connection timed out
[2026-05-23 05:19:11] ERROR: Unable to establish socket session, Connection timed out
[2026-05-23 05:20:11] ERROR: Unable to establish socket session, Connection timed out
[2026-05-23 05:21:12] ERROR: Unable to establish socket session, Connection timed out
[2026-05-23 05:22:11] ERROR: Unable to establish socket session, Connection timed out
[2026-05-23 05:23:11] ERROR: Unable to establish socket session, Connection timed out
[2026-05-23 05:24:11] ERROR: Unable to establish socket session, Connection timed out
[2026-05-23 05:25:12] ERROR: Unable to establish socket session, Connection timed out
[2026-05-23 05:26:11] ERROR: Unable to establish socket session, Connection timed out
[2026-05-23 05:27:11] ERROR: Unable to establish socket session, Connection timed out
[2026-05-23 05:28:12] ERROR: Unable to establish socket session, Connection timed out
[2026-05-23 05:29:11] ERROR: Unable to establish socket session, Connection timed out
[2026-05-23 05:30:11] ERROR: Unable to establish socket session, Connection timed out
[2026-05-23 05:31:11] ERROR: Unable to establish socket session, Connection timed out
[2026-05-23 05:32:11] ERROR: Unable to establish socket session, Connection timed out
[2026-05-23 05:33:11] ERROR: Unable to establish socket session, Connection timed out
[2026-05-23 05:34:11] ERROR: Unable to establish socket session, Connection timed out
[2026-05-23 05:35:12] ERROR: Unable to establish socket session, Connection timed out
[2026-05-23 05:36:11] ERROR: Unable to establish socket session, Connection timed out
[2026-05-23 05:37:11] ERROR: Unable to establish socket session, Connection timed out
[2026-05-23 05:38:12] ERROR: Unable to establish socket session, Connection timed out
[2026-05-23 05:39:11] ERROR: Unable to establish socket session, Connection timed out
[2026-05-23 05:40:11] ERROR: Unable to establish socket session, Connection timed out
[2026-05-23 05:41:11] ERROR: Unable to establish socket session, Connection timed out
[2026-05-23 05:42:12] ERROR: Unable to establish socket session, Connection timed out
[2026-05-23 05:43:11] ERROR: Unable to establish socket session, Connection timed out
[2026-05-23 05:44:11] ERROR: Unable to establish socket session, Connection timed out
[2026-05-23 05:45:12] ERROR: Unable to establish socket session, Connection timed out
[2026-05-23 05:46:11] ERROR: Unable to establish socket session, Connection timed out
[2026-05-23 05:47:11] ERROR: Unable to establish socket session, Connection timed out
[2026-05-23 05:48:11] ERROR: Unable to establish socket session, Connection timed out
[2026-05-23 05:49:12] ERROR: Unable to establish socket session, Connection timed out
[2026-05-23 05:50:11] ERROR: Unable to establish socket session, Connection timed out
[2026-05-23 05:51:11] ERROR: Unable to establish socket session, Connection timed out
[2026-05-23 05:52:12] ERROR: Unable to establish socket session, Connection timed out
[2026-05-23 05:53:11] ERROR: Unable to establish socket session, Connection timed out
[2026-05-23 05:54:11] ERROR: Unable to establish socket session, Connection timed out
[2026-05-23 05:55:11] ERROR: Unable to establish socket session, Connection timed out
[2026-05-23 05:56:11] ERROR: Unable to establish socket session, Connection timed out
[2026-05-23 05:57:16] ERROR: Unable to establish socket session, Connection timed out
[2026-05-23 05:58:12] ERROR: Unable to establish socket session, Connection timed out
[2026-05-23 05:59:11] ERROR: Unable to establish socket session, Connection timed out
[2026-05-23 06:00:12] ERROR: Unable to establish socket session, Connection timed out
[2026-05-23 06:01:11] ERROR: Unable to establish socket session, Connection timed out
[2026-05-23 06:02:11] ERROR: Unable to establish socket session, Connection timed out
[2026-05-23 06:03:12] ERROR: Unable to establish socket session, Connection timed out
[2026-05-23 06:04:11] ERROR: Unable to establish socket session, Connection timed out
[2026-05-23 06:05:11] ERROR: Unable to establish socket session, Connection timed out
[2026-05-23 06:06:12] ERROR: Unable to establish socket session, Connection timed out
[2026-05-23 06:07:11] ERROR: Unable to establish socket session, Connection timed out
[2026-05-23 06:08:11] ERROR: Unable to establish socket session, Connection timed out
[2026-05-23 06:09:12] ERROR: Unable to establish socket session, Connection timed out
[2026-05-23 06:10:11] ERROR: Unable to establish socket session, Connection timed out
[2026-05-23 06:24:11] ERROR: Unable to establish socket session, Connection timed out
[2026-05-23 06:24:15] ERROR: Unable to establish socket session, Connection timed out
[2026-05-23 06:25:09] ERROR: Unable to establish socket session, Connection timed out
[2026-05-23 06:25:22] ERROR: Unable to establish socket session, Connection timed out
[2026-05-23 06:32:33] ERROR: Unable to establish socket session, Connection timed out
[2026-05-23 06:32:33] ERROR: Unable to establish socket session, Connection timed out
[2026-05-23 06:32:33] ERROR: Unable to establish socket session, Connection timed out
[2026-05-23 06:33:28] ERROR: Unable to establish socket session, Connection timed out
[2026-05-23 06:38:53] ERROR: Unable to establish socket session, Connection timed out
[2026-05-23 06:41:56] ERROR: Unable to establish socket session, Connection timed out
[2026-05-23 06:41:56] ERROR: Unable to establish socket session, Connection timed out
[2026-05-23 06:41:56] ERROR: Unable to establish socket session, Connection timed out
[2026-05-23 06:41:56] ERROR: Unable to establish socket session, Connection timed out
[2026-05-23 06:41:56] ERROR: Unable to establish socket session, Connection timed out
[2026-05-23 06:42:00] ERROR: Unable to establish socket session, Connection timed out
[2026-05-23 06:42:27] ERROR: Unable to establish socket session, Connection timed out
[2026-05-23 06:42:27] ERROR: Unable to establish socket session, Connection timed out
[2026-05-23 06:42:28] ERROR: Unable to establish socket session, Connection timed out
[2026-05-23 06:42:28] ERROR: Unable to establish socket session, Connection timed out
[2026-05-23 06:42:29] ERROR: Unable to establish socket session, Connection timed out
[2026-05-23 06:42:29] ERROR: Unable to establish socket session, Connection timed out
[2026-05-23 06:42:30] ERROR: Unable to establish socket session, Connection timed out
[2026-05-23 06:42:30] ERROR: Unable to establish socket session, Connection timed out
[2026-05-23 06:42:30] ERROR: Unable to establish socket session, Connection timed out
[2026-05-23 06:42:31] ERROR: Unable to establish socket session, Connection timed out
[2026-05-23 06:42:31] ERROR: Unable to establish socket session, Connection timed out
[2026-05-23 06:42:31] ERROR: Unable to establish socket session, Connection timed out
[2026-05-23 06:42:31] ERROR: Unable to establish socket session, Connection timed out
[2026-05-23 06:42:31] ERROR: Unable to establish socket session, Connection timed out
[2026-05-23 06:42:32] ERROR: Unable to establish socket session, Connection timed out
[2026-05-23 06:42:32] ERROR: Unable to establish socket session, Connection timed out
[2026-05-23 06:43:11] ERROR: Unable to establish socket session, Connection timed out
[2026-05-23 06:44:11] ERROR: Unable to establish socket session, Connection timed out
[2026-05-23 06:45:12] ERROR: Unable to establish socket session, Connection timed out
[2026-05-23 06:46:11] ERROR: Unable to establish socket session, Connection timed out
[2026-05-23 06:47:11] ERROR: Unable to establish socket session, Connection timed out
[2026-05-23 06:48:11] ERROR: Unable to establish socket session, Connection timed out
[2026-05-23 06:49:12] ERROR: Unable to establish socket session, Connection timed out
[2026-05-23 06:50:11] ERROR: Unable to establish socket session, Connection timed out
[2026-05-23 06:51:11] ERROR: Unable to establish socket session, Connection timed out
[2026-05-23 06:52:12] ERROR: Unable to establish socket session, Connection timed out
[2026-05-23 06:53:11] ERROR: Unable to establish socket session, Connection timed out
[2026-05-23 06:54:11] ERROR: Unable to establish socket session, Connection timed out
[2026-05-23 06:55:11] ERROR: Unable to establish socket session, Connection timed out
[2026-05-23 06:56:12] ERROR: Unable to establish socket session, Connection timed out
[2026-05-23 06:57:11] ERROR: Unable to establish socket session, Connection timed out
[2026-05-23 06:58:11] ERROR: Unable to establish socket session, Connection timed out
[2026-05-23 06:59:11] ERROR: Unable to establish socket session, Connection timed out
[2026-05-23 07:00:11] ERROR: Unable to establish socket session, Connection timed out
[2026-05-23 07:01:11] ERROR: Unable to establish socket session, Connection timed out
[2026-05-23 07:02:11] ERROR: Unable to establish socket session, Connection timed out
[2026-05-23 07:03:12] ERROR: Unable to establish socket session, Connection timed out
[2026-05-23 07:04:11] ERROR: Unable to establish socket session, Connection timed out
[2026-05-23 07:05:11] ERROR: Unable to establish socket session, Connection timed out
[2026-05-23 07:06:12] ERROR: Unable to establish socket session, Connection timed out
[2026-05-23 07:07:11] ERROR: Unable to establish socket session, Connection timed out
[2026-05-23 07:08:11] ERROR: Unable to establish socket session, Connection timed out
[2026-05-23 07:09:11] ERROR: Unable to establish socket session, Connection timed out
[2026-05-23 07:10:11] ERROR: Unable to establish socket session, Connection timed out
[2026-05-23 07:11:11] ERROR: Unable to establish socket session, Connection timed out
[2026-05-23 07:12:11] ERROR: Unable to establish socket session, Connection timed out
[2026-05-23 07:13:12] ERROR: Unable to establish socket session, Connection timed out
[2026-05-23 07:14:11] ERROR: Unable to establish socket session, Connection timed out
[2026-05-23 07:15:11] ERROR: Unable to establish socket session, Connection timed out
[2026-05-23 07:16:11] ERROR: Unable to establish socket session, Connection timed out
[2026-05-23 07:17:12] ERROR: Unable to establish socket session, Connection timed out
[2026-05-23 07:18:11] ERROR: Unable to establish socket session, Connection timed out
[2026-05-23 07:19:11] ERROR: Unable to establish socket session, Connection timed out
[2026-05-23 07:20:12] ERROR: Unable to establish socket session, Connection timed out
[2026-05-23 07:21:11] ERROR: Unable to establish socket session, Connection timed out
[2026-05-23 07:22:11] ERROR: Unable to establish socket session, Connection timed out
[2026-05-23 07:23:11] ERROR: Unable to establish socket session, Connection timed out
[2026-05-23 07:24:12] ERROR: Unable to establish socket session, Connection timed out
[2026-05-23 07:25:11] ERROR: Unable to establish socket session, Connection timed out
[2026-05-23 07:26:11] ERROR: Unable to establish socket session, Connection timed out
[2026-05-23 07:27:11] ERROR: Unable to establish socket session, Connection timed out
[2026-05-23 07:28:12] ERROR: Unable to establish socket session, Connection timed out
[2026-05-23 07:29:11] ERROR: Unable to establish socket session, Connection timed out
[2026-05-23 07:30:11] ERROR: Unable to establish socket session, Connection timed out
[2026-05-23 07:31:12] ERROR: Unable to establish socket session, Connection timed out
[2026-05-23 07:32:11] ERROR: Unable to establish socket session, Connection timed out
[2026-05-23 07:33:11] ERROR: Unable to establish socket session, Connection timed out
[2026-05-23 07:34:12] ERROR: Unable to establish socket session, Connection timed out
[2026-05-23 07:35:11] ERROR: Unable to establish socket session, Connection timed out
[2026-05-23 07:36:11] ERROR: Unable to establish socket session, Connection timed out
[2026-05-23 07:37:11] ERROR: Unable to establish socket session, Connection timed out
[2026-05-23 07:38:12] ERROR: Unable to establish socket session, Connection timed out
[2026-05-23 07:39:11] ERROR: Unable to establish socket session, Connection timed out
[2026-05-23 07:40:11] ERROR: Unable to establish socket session, Connection timed out
[2026-05-23 07:41:11] ERROR: Unable to establish socket session, Connection timed out
[2026-05-23 07:42:11] ERROR: Unable to establish socket session, Connection timed out
[2026-05-23 07:43:11] ERROR: Unable to establish socket session, Connection timed out
[2026-05-23 07:44:11] ERROR: Unable to establish socket session, Connection timed out
[2026-05-23 07:45:12] ERROR: Unable to establish socket session, Connection timed out
[2026-05-23 07:46:11] ERROR: Unable to establish socket session, Connection timed out
[2026-05-23 07:47:11] ERROR: Unable to establish socket session, Connection timed out
[2026-05-23 07:48:11] ERROR: Unable to establish socket session, Connection timed out
[2026-05-23 07:49:12] ERROR: Unable to establish socket session, Connection timed out
[2026-05-23 07:50:11] ERROR: Unable to establish socket session, Connection timed out
[2026-05-23 07:51:11] ERROR: Unable to establish socket session, Connection timed out
[2026-05-23 07:52:12] ERROR: Unable to establish socket session, Connection timed out
[2026-05-23 07:53:11] ERROR: Unable to establish socket session, Connection timed out
[2026-05-23 07:54:11] ERROR: Unable to establish socket session, Connection timed out
[2026-05-23 07:55:11] ERROR: Unable to establish socket session, Connection timed out
[2026-05-23 07:56:11] ERROR: Unable to establish socket session, Connection timed out
[2026-05-23 07:57:11] ERROR: Unable to establish socket session, Connection timed out
[2026-05-23 07:58:12] ERROR: Unable to establish socket session, Connection timed out
[2026-05-23 07:59:11] ERROR: Unable to establish socket session, Connection timed out
[2026-05-23 08:00:11] ERROR: Unable to establish socket session, Connection timed out
[2026-05-23 08:01:11] ERROR: Unable to establish socket session, Connection timed out
[2026-05-23 08:02:15] ERROR: Unable to establish socket session, Connection timed out
[2026-05-23 08:03:12] ERROR: Unable to establish socket session, Connection timed out
[2026-05-23 08:04:11] ERROR: Unable to establish socket session, Connection timed out
[2026-05-23 08:05:12] ERROR: Unable to establish socket session, Connection timed out
[2026-05-23 08:06:11] ERROR: Unable to establish socket session, Connection timed out
[2026-05-23 08:07:11] ERROR: Unable to establish socket session, Connection timed out
[2026-05-23 08:08:12] ERROR: Unable to establish socket session, Connection timed out
[2026-05-23 08:09:11] ERROR: Unable to establish socket session, Connection timed out
[2026-05-23 08:10:12] ERROR: Unable to establish socket session, Connection timed out
[2026-05-23 08:11:11] ERROR: Unable to establish socket session, Connection timed out
[2026-05-23 08:12:12] ERROR: Unable to establish socket session, Connection timed out
[2026-05-23 08:13:12] ERROR: Unable to establish socket session, Connection timed out
[2026-05-23 08:14:11] ERROR: Unable to establish socket session, Connection timed out
[2026-05-23 08:15:12] ERROR: Unable to establish socket session, Connection timed out
[2026-05-23 08:16:11] ERROR: Unable to establish socket session, Connection timed out
[2026-05-23 08:17:11] ERROR: Unable to establish socket session, Connection timed out
[2026-05-23 08:18:12] ERROR: Unable to establish socket session, Connection timed out
[2026-05-23 08:19:11] ERROR: Unable to establish socket session, Connection timed out
[2026-05-23 08:20:12] ERROR: Unable to establish socket session, Connection timed out
[2026-05-23 08:21:11] ERROR: Unable to establish socket session, Connection timed out
[2026-05-23 08:22:11] ERROR: Unable to establish socket session, Connection timed out
[2026-05-23 08:23:12] ERROR: Unable to establish socket session, Connection timed out
[2026-05-23 08:24:11] ERROR: Unable to establish socket session, Connection timed out
[2026-05-23 08:25:11] ERROR: Unable to establish socket session, Connection timed out
[2026-05-23 08:26:11] ERROR: Unable to establish socket session, Connection timed out
[2026-05-23 08:27:11] ERROR: Unable to establish socket session, Connection timed out
[2026-05-23 08:28:11] ERROR: Unable to establish socket session, Connection timed out
[2026-05-23 08:29:12] ERROR: Unable to establish socket session, Connection timed out
[2026-05-23 08:30:11] ERROR: Unable to establish socket session, Connection timed out
[2026-05-23 08:31:11] ERROR: Unable to establish socket session, Connection timed out
[2026-05-23 08:32:12] ERROR: Unable to establish socket session, Connection timed out
[2026-05-23 08:33:11] ERROR: Unable to establish socket session, Connection timed out
[2026-05-23 08:34:12] ERROR: Unable to establish socket session, Connection timed out
[2026-05-23 08:35:12] ERROR: Unable to establish socket session, Connection timed out
[2026-05-23 08:36:11] ERROR: Unable to establish socket session, Connection timed out
[2026-05-23 08:37:12] ERROR: Unable to establish socket session, Connection timed out
[2026-05-23 08:38:11] ERROR: Unable to establish socket session, Connection timed out
[2026-05-23 08:39:11] ERROR: Unable to establish socket session, Connection timed out
[2026-05-23 08:40:11] ERROR: Unable to establish socket session, Connection timed out
[2026-05-23 08:41:12] ERROR: Unable to establish socket session, Connection timed out
[2026-05-23 08:42:11] ERROR: Unable to establish socket session, Connection timed out
[2026-05-23 08:43:11] ERROR: Unable to establish socket session, Connection timed out
[2026-05-23 08:44:11] ERROR: Unable to establish socket session, Connection timed out
[2026-05-23 08:45:11] ERROR: Unable to establish socket session, Connection timed out
[2026-05-23 08:46:11] ERROR: Unable to establish socket session, Connection timed out
[2026-05-23 08:47:12] ERROR: Unable to establish socket session, Connection timed out
[2026-05-23 08:48:11] ERROR: Unable to establish socket session, Connection timed out
[2026-05-23 08:49:11] ERROR: Unable to establish socket session, Connection timed out
[2026-05-23 08:50:12] ERROR: Unable to establish socket session, Connection timed out
[2026-05-23 08:51:11] ERROR: Unable to establish socket session, Connection timed out
[2026-05-23 08:52:11] ERROR: Unable to establish socket session, Connection timed out
[2026-05-23 08:53:11] ERROR: Unable to establish socket session, Connection timed out
[2026-05-23 08:54:11] ERROR: Unable to establish socket session, Connection timed out
[2026-05-23 08:55:12] ERROR: Unable to establish socket session, Connection timed out
[2026-05-23 08:56:11] ERROR: Unable to establish socket session, Connection timed out
[2026-05-23 08:57:11] ERROR: Unable to establish socket session, Connection timed out
[2026-05-23 08:58:12] ERROR: Unable to establish socket session, Connection timed out
[2026-05-23 08:59:11] ERROR: Unable to establish socket session, Connection timed out
[2026-05-23 09:00:11] ERROR: Unable to establish socket session, Connection timed out
[2026-05-23 09:01:12] ERROR: Unable to establish socket session, Connection timed out
[2026-05-23 09:02:11] ERROR: Unable to establish socket session, Connection timed out
[2026-05-23 09:03:11] ERROR: Unable to establish socket session, Connection timed out
[2026-05-23 09:04:12] ERROR: Unable to establish socket session, Connection timed out
[2026-05-23 09:05:11] ERROR: Unable to establish socket session, Connection timed out
[2026-05-23 09:06:13] ERROR: Unable to establish socket session, Connection timed out
[2026-05-23 09:07:11] ERROR: Unable to establish socket session, Connection timed out
[2026-05-23 09:08:11] ERROR: Unable to establish socket session, Connection timed out
[2026-05-23 09:09:13] ERROR: Unable to establish socket session, Connection timed out
[2026-05-23 09:10:11] ERROR: Unable to establish socket session, Connection timed out
[2026-05-23 09:11:12] ERROR: Unable to establish socket session, Connection timed out
[2026-05-23 09:12:12] ERROR: Unable to establish socket session, Connection timed out
[2026-05-23 09:13:11] ERROR: Unable to establish socket session, Connection timed out
[2026-05-23 09:14:12] ERROR: Unable to establish socket session, Connection timed out
[2026-05-23 09:15:12] ERROR: Unable to establish socket session, Connection timed out
[2026-05-23 09:16:12] ERROR: Unable to establish socket session, Connection timed out
[2026-05-23 09:17:12] ERROR: Unable to establish socket session, Connection timed out
[2026-05-23 09:18:11] ERROR: Unable to establish socket session, Connection timed out
[2026-05-23 09:19:11] ERROR: Unable to establish socket session, Connection timed out
[2026-05-23 09:20:12] ERROR: Unable to establish socket session, Connection timed out
[2026-05-23 09:21:11] ERROR: Unable to establish socket session, Connection timed out
[2026-05-23 09:22:12] ERROR: Unable to establish socket session, Connection timed out
[2026-05-23 09:23:12] ERROR: Unable to establish socket session, Connection timed out
[2026-05-23 09:24:12] ERROR: Unable to establish socket session, Connection timed out
[2026-05-23 09:25:12] ERROR: Unable to establish socket session, Connection timed out
[2026-05-23 09:26:12] ERROR: Unable to establish socket session, Connection timed out
[2026-05-23 09:27:13] ERROR: Unable to establish socket session, Connection timed out
[2026-05-23 09:28:13] ERROR: Unable to establish socket session, Connection timed out
[2026-05-23 09:29:12] ERROR: Unable to establish socket session, Connection timed out
[2026-05-23 09:30:12] ERROR: Unable to establish socket session, Connection timed out
[2026-05-23 09:31:12] ERROR: Unable to establish socket session, Connection timed out
[2026-05-23 09:32:47] ERROR: Unable to establish socket session, Connection timed out
[2026-05-23 09:33:11] ERROR: Unable to establish socket session, Connection timed out
[2026-05-23 09:34:12] ERROR: Unable to establish socket session, Connection timed out
[2026-05-23 09:35:13] ERROR: Unable to establish socket session, Connection timed out
[2026-05-23 09:36:11] ERROR: Unable to establish socket session, Connection timed out
[2026-05-23 09:37:11] ERROR: Unable to establish socket session, Connection timed out
[2026-05-23 09:38:12] ERROR: Unable to establish socket session, Connection timed out
[2026-05-23 09:39:17] ERROR: Unable to establish socket session, Connection timed out
[2026-05-23 09:40:11] ERROR: Unable to establish socket session, Connection timed out
[2026-05-23 09:41:11] ERROR: Unable to establish socket session, Connection timed out
[2026-05-23 09:42:12] ERROR: Unable to establish socket session, Connection timed out
[2026-05-23 09:43:11] ERROR: Unable to establish socket session, Connection timed out
[2026-05-23 09:44:12] ERROR: Unable to establish socket session, Connection timed out
[2026-05-23 09:45:18] ERROR: Unable to establish socket session, Connection timed out
[2026-05-23 09:46:11] ERROR: Unable to establish socket session, Connection timed out
[2026-05-23 09:47:12] ERROR: Unable to establish socket session, Connection timed out
[2026-05-23 09:49:17] ERROR: Unable to establish socket session, Connection timed out
[2026-05-23 09:49:19] ERROR: Unable to establish socket session, Connection timed out
[2026-05-23 09:50:47] ERROR: Unable to establish socket session, Connection timed out
[2026-05-23 09:51:11] ERROR: Unable to establish socket session, Connection timed out
[2026-05-23 09:52:12] ERROR: Unable to establish socket session, Connection timed out
[2026-05-23 09:53:11] ERROR: Unable to establish socket session, Connection timed out
[2026-05-23 09:54:12] ERROR: Unable to establish socket session, Connection timed out
[2026-05-23 09:55:11] ERROR: Unable to establish socket session, Connection timed out
[2026-05-23 09:56:12] ERROR: Unable to establish socket session, Connection timed out
[2026-05-23 09:57:12] ERROR: Unable to establish socket session, Connection timed out
[2026-05-23 09:58:12] ERROR: Unable to establish socket session, Connection timed out
[2026-05-23 09:59:11] ERROR: Unable to establish socket session, Connection timed out
[2026-05-23 10:00:12] ERROR: Unable to establish socket session, Connection timed out
[2026-05-23 10:01:11] ERROR: Unable to establish socket session, Connection timed out
[2026-05-23 10:02:11] ERROR: Unable to establish socket session, Connection timed out
[2026-05-23 10:03:11] ERROR: Unable to establish socket session, Connection timed out
[2026-05-23 10:04:12] ERROR: Unable to establish socket session, Connection timed out
[2026-05-23 10:05:11] ERROR: Unable to establish socket session, Connection timed out
[2026-05-23 10:06:11] ERROR: Unable to establish socket session, Connection timed out
[2026-05-23 10:07:12] ERROR: Unable to establish socket session, Connection timed out
[2026-05-23 10:08:11] ERROR: Unable to establish socket session, Connection timed out
[2026-05-23 10:09:11] ERROR: Unable to establish socket session, Connection timed out
[2026-05-23 10:10:12] ERROR: Unable to establish socket session, Connection timed out
[2026-05-23 10:11:11] ERROR: Unable to establish socket session, Connection timed out
[2026-05-23 10:12:11] ERROR: Unable to establish socket session, Connection timed out
[2026-05-23 10:13:12] ERROR: Unable to establish socket session, Connection timed out
[2026-05-23 10:14:12] ERROR: Unable to establish socket session, Connection timed out
[2026-05-23 10:15:11] ERROR: Unable to establish socket session, Connection timed out
[2026-05-23 10:16:11] ERROR: Unable to establish socket session, Connection timed out
[2026-05-23 10:17:11] ERROR: Unable to establish socket session, Connection timed out
[2026-05-23 10:18:12] ERROR: Unable to establish socket session, Connection timed out
[2026-05-23 10:19:11] ERROR: Unable to establish socket session, Connection timed out
[2026-05-23 10:20:11] ERROR: Unable to establish socket session, Connection timed out
[2026-05-23 10:21:12] ERROR: Unable to establish socket session, Connection timed out
[2026-05-23 10:22:11] ERROR: Unable to establish socket session, Connection timed out
[2026-05-23 10:23:11] ERROR: Unable to establish socket session, Connection timed out
[2026-05-23 10:24:11] ERROR: Unable to establish socket session, Connection timed out
[2026-05-23 10:25:11] ERROR: Unable to establish socket session, Connection timed out
[2026-05-23 10:26:11] ERROR: Unable to establish socket session, Connection timed out
[2026-05-23 10:27:11] ERROR: Unable to establish socket session, Connection timed out
[2026-05-23 10:28:12] ERROR: Unable to establish socket session, Connection timed out
[2026-05-23 10:29:11] ERROR: Unable to establish socket session, Connection timed out
[2026-05-23 10:30:12] ERROR: Unable to establish socket session, Connection timed out
[2026-05-23 10:31:11] ERROR: Unable to establish socket session, Connection timed out
[2026-05-23 10:32:11] ERROR: Unable to establish socket session, Connection timed out
[2026-05-23 10:33:11] ERROR: Unable to establish socket session, Connection timed out
[2026-05-23 10:34:12] ERROR: Unable to establish socket session, Connection timed out
[2026-05-23 10:35:12] ERROR: Unable to establish socket session, Connection timed out
[2026-05-23 10:36:11] ERROR: Unable to establish socket session, Connection timed out
[2026-05-23 10:37:11] ERROR: Unable to establish socket session, Connection timed out
[2026-05-23 10:38:11] ERROR: Unable to establish socket session, Connection timed out
[2026-05-23 10:39:11] ERROR: Unable to establish socket session, Connection timed out
[2026-05-23 10:40:11] ERROR: Unable to establish socket session, Connection timed out
[2026-05-23 10:41:11] ERROR: Unable to establish socket session, Connection timed out
[2026-05-23 10:42:11] ERROR: Unable to establish socket session, Connection timed out
[2026-05-23 10:43:11] ERROR: Unable to establish socket session, Connection timed out
[2026-05-23 10:44:11] ERROR: Unable to establish socket session, Connection timed out
[2026-05-23 10:45:11] ERROR: Unable to establish socket session, Connection timed out
[2026-05-23 10:46:12] ERROR: Unable to establish socket session, Connection timed out
[2026-05-23 10:47:11] ERROR: Unable to establish socket session, Connection timed out
[2026-05-23 10:48:11] ERROR: Unable to establish socket session, Connection timed out
[2026-05-23 10:49:11] ERROR: Unable to establish socket session, Connection timed out
[2026-05-23 10:50:11] ERROR: Unable to establish socket session, Connection timed out
[2026-05-23 10:51:12] ERROR: Unable to establish socket session, Connection timed out
[2026-05-23 10:52:12] ERROR: Unable to establish socket session, Connection timed out
[2026-05-23 10:53:11] ERROR: Unable to establish socket session, Connection timed out
[2026-05-23 10:54:11] ERROR: Unable to establish socket session, Connection timed out
[2026-05-23 10:55:11] ERROR: Unable to establish socket session, Connection timed out
[2026-05-23 10:56:11] ERROR: Unable to establish socket session, Connection timed out
[2026-05-23 10:57:11] ERROR: Unable to establish socket session, Connection timed out
[2026-05-23 10:58:11] ERROR: Unable to establish socket session, Connection timed out
[2026-05-23 10:59:12] ERROR: Unable to establish socket session, Connection timed out
[2026-05-23 11:00:11] ERROR: Unable to establish socket session, Connection timed out
[2026-05-23 11:01:11] ERROR: Unable to establish socket session, Connection timed out
[2026-05-23 11:02:12] ERROR: Unable to establish socket session, Connection timed out
[2026-05-23 11:03:11] ERROR: Unable to establish socket session, Connection timed out
[2026-05-23 11:04:11] ERROR: Unable to establish socket session, Connection timed out
[2026-05-23 11:05:11] ERROR: Unable to establish socket session, Connection timed out
[2026-05-23 11:06:12] ERROR: Unable to establish socket session, Connection timed out
[2026-05-23 11:07:11] ERROR: Unable to establish socket session, Connection timed out
[2026-05-23 11:08:11] ERROR: Unable to establish socket session, Connection timed out
[2026-05-23 11:09:11] ERROR: Unable to establish socket session, Connection timed out
[2026-05-23 11:10:11] ERROR: Unable to establish socket session, Connection timed out
[2026-05-23 11:11:11] ERROR: Unable to establish socket session, Connection timed out
[2026-05-23 11:12:12] ERROR: Unable to establish socket session, Connection timed out
[2026-05-23 11:13:11] ERROR: Unable to establish socket session, Connection timed out
[2026-05-23 11:14:11] ERROR: Unable to establish socket session, Connection timed out
[2026-05-23 11:15:11] ERROR: Unable to establish socket session, Connection timed out
[2026-05-23 11:16:11] ERROR: Unable to establish socket session, Connection timed out
[2026-05-23 11:17:11] ERROR: Unable to establish socket session, Connection timed out
[2026-05-23 11:18:11] ERROR: Unable to establish socket session, Connection timed out
[2026-05-23 11:19:11] ERROR: Unable to establish socket session, Connection timed out
[2026-05-23 11:20:11] ERROR: Unable to establish socket session, Connection timed out
[2026-05-23 11:21:12] ERROR: Unable to establish socket session, Connection timed out
[2026-05-23 11:22:11] ERROR: Unable to establish socket session, Connection timed out
[2026-05-23 11:23:11] ERROR: Unable to establish socket session, Connection timed out
[2026-05-23 11:24:12] ERROR: Unable to establish socket session, Connection timed out
[2026-05-23 11:25:11] ERROR: Unable to establish socket session, Connection timed out
[2026-05-23 11:26:11] ERROR: Unable to establish socket session, Connection timed out
[2026-05-23 11:27:11] ERROR: Unable to establish socket session, Connection timed out
[2026-05-23 11:28:12] ERROR: Unable to establish socket session, Connection timed out
[2026-05-23 11:29:11] ERROR: Unable to establish socket session, Connection timed out
[2026-05-23 11:30:11] ERROR: Unable to establish socket session, Connection timed out
[2026-05-23 11:31:12] ERROR: Unable to establish socket session, Connection timed out
[2026-05-23 11:32:11] ERROR: Unable to establish socket session, Connection timed out
[2026-05-23 11:33:11] ERROR: Unable to establish socket session, Connection timed out
[2026-05-23 11:34:11] ERROR: Unable to establish socket session, Connection timed out
[2026-05-23 11:35:12] ERROR: Unable to establish socket session, Connection timed out
[2026-05-23 11:36:11] ERROR: Unable to establish socket session, Connection timed out
[2026-05-23 11:37:12] ERROR: Unable to establish socket session, Connection timed out
[2026-05-23 11:38:11] ERROR: Unable to establish socket session, Connection timed out
[2026-05-23 11:39:11] ERROR: Unable to establish socket session, Connection timed out
[2026-05-23 11:40:12] ERROR: Unable to establish socket session, Connection timed out
[2026-05-23 11:41:11] ERROR: Unable to establish socket session, Connection timed out
[2026-05-23 11:42:11] ERROR: Unable to establish socket session, Connection timed out
[2026-05-23 11:43:11] ERROR: Unable to establish socket session, Connection timed out
[2026-05-23 11:44:12] ERROR: Unable to establish socket session, Connection timed out
[2026-05-23 11:45:11] ERROR: Unable to establish socket session, Connection timed out
[2026-05-23 11:46:11] ERROR: Unable to establish socket session, Connection timed out
[2026-05-23 11:47:11] ERROR: Unable to establish socket session, Connection timed out
[2026-05-23 11:48:12] ERROR: Unable to establish socket session, Connection timed out
[2026-05-23 11:49:11] ERROR: Unable to establish socket session, Connection timed out
[2026-05-23 11:50:11] ERROR: Unable to establish socket session, Connection timed out
[2026-05-23 11:51:12] ERROR: Unable to establish socket session, Connection timed out
[2026-05-23 11:52:11] ERROR: Unable to establish socket session, Connection timed out
[2026-05-23 11:53:11] ERROR: Unable to establish socket session, Connection timed out
[2026-05-23 11:54:11] ERROR: Unable to establish socket session, Connection timed out
[2026-05-23 11:55:12] ERROR: Unable to establish socket session, Connection timed out
[2026-05-23 11:56:11] ERROR: Unable to establish socket session, Connection timed out
[2026-05-23 11:57:11] ERROR: Unable to establish socket session, Connection timed out
[2026-05-23 11:58:12] ERROR: Unable to establish socket session, Connection timed out
[2026-05-23 11:59:11] ERROR: Unable to establish socket session, Connection timed out
[2026-05-23 12:00:11] ERROR: Unable to establish socket session, Connection timed out
[2026-05-23 12:01:12] ERROR: Unable to establish socket session, Connection timed out
[2026-05-23 12:02:11] ERROR: Unable to establish socket session, Connection timed out
[2026-05-23 12:03:11] ERROR: Unable to establish socket session, Connection timed out
[2026-05-23 12:04:11] ERROR: Unable to establish socket session, Connection timed out
[2026-05-23 12:05:11] ERROR: Unable to establish socket session, Connection timed out
[2026-05-23 12:06:11] ERROR: Unable to establish socket session, Connection timed out
[2026-05-23 12:07:11] ERROR: Unable to establish socket session, Connection timed out
[2026-05-23 12:08:12] ERROR: Unable to establish socket session, Connection timed out
[2026-05-23 12:09:11] ERROR: Unable to establish socket session, Connection timed out
[2026-05-23 12:10:11] ERROR: Unable to establish socket session, Connection timed out
[2026-05-23 12:11:12] ERROR: Unable to establish socket session, Connection timed out
[2026-05-23 12:12:11] ERROR: Unable to establish socket session, Connection timed out
[2026-05-23 12:13:11] ERROR: Unable to establish socket session, Connection timed out
[2026-05-23 12:14:11] ERROR: Unable to establish socket session, Connection timed out
[2026-05-23 12:15:11] ERROR: Unable to establish socket session, Connection timed out
[2026-05-23 12:16:11] ERROR: Unable to establish socket session, Connection timed out
[2026-05-23 12:17:11] ERROR: Unable to establish socket session, Connection timed out
[2026-05-23 12:18:12] ERROR: Unable to establish socket session, Connection timed out
[2026-05-23 12:19:11] ERROR: Unable to establish socket session, Connection timed out
[2026-05-23 12:20:11] ERROR: Unable to establish socket session, Connection timed out
[2026-05-23 12:21:11] ERROR: Unable to establish socket session, Connection timed out
[2026-05-23 12:22:11] ERROR: Unable to establish socket session, Connection timed out
[2026-05-23 12:23:11] ERROR: Unable to establish socket session, Connection timed out
[2026-05-23 12:24:11] ERROR: Unable to establish socket session, Connection timed out
[2026-05-23 12:25:12] ERROR: Unable to establish socket session, Connection timed out
[2026-05-23 12:26:11] ERROR: Unable to establish socket session, Connection timed out
[2026-05-23 12:27:11] ERROR: Unable to establish socket session, Connection timed out
[2026-05-23 13:27:13] ERROR: Unable to establish socket session, Connection timed out
[2026-05-23 13:28:11] ERROR: Unable to establish socket session, Connection timed out
[2026-05-23 13:29:11] ERROR: Unable to establish socket session, Connection timed out
[2026-05-23 13:30:12] ERROR: Unable to establish socket session, Connection timed out
[2026-05-23 13:31:11] ERROR: Unable to establish socket session, Connection timed out
[2026-05-23 13:32:11] ERROR: Unable to establish socket session, Connection timed out
[2026-05-23 13:33:12] ERROR: Unable to establish socket session, Connection timed out
[2026-05-23 13:34:11] ERROR: Unable to establish socket session, Connection timed out
[2026-05-23 13:35:11] ERROR: Unable to establish socket session, Connection timed out
[2026-05-23 13:36:11] ERROR: Unable to establish socket session, Connection timed out
[2026-05-23 13:37:12] ERROR: Unable to establish socket session, Connection timed out
[2026-05-23 13:38:11] ERROR: Unable to establish socket session, Connection timed out
[2026-05-23 13:39:11] ERROR: Unable to establish socket session, Connection timed out
[2026-05-23 13:40:12] ERROR: Unable to establish socket session, Connection timed out
[2026-05-23 13:41:11] ERROR: Unable to establish socket session, Connection timed out
[2026-05-23 13:42:11] ERROR: Unable to establish socket session, Connection timed out
[2026-05-23 13:43:11] ERROR: Unable to establish socket session, Connection timed out
[2026-05-23 13:44:12] ERROR: Unable to establish socket session, Connection timed out
[2026-05-23 13:45:11] ERROR: Unable to establish socket session, Connection timed out
[2026-05-23 13:46:11] ERROR: Unable to establish socket session, Connection timed out
[2026-05-23 13:47:12] ERROR: Unable to establish socket session, Connection timed out
[2026-05-23 13:48:11] ERROR: Unable to establish socket session, Connection timed out
[2026-05-23 13:49:11] ERROR: Unable to establish socket session, Connection timed out
[2026-05-23 13:50:11] ERROR: Unable to establish socket session, Connection timed out
[2026-05-23 13:51:12] ERROR: Unable to establish socket session, Connection timed out
[2026-05-23 13:52:11] ERROR: Unable to establish socket session, Connection timed out
[2026-05-23 13:53:11] ERROR: Unable to establish socket session, Connection timed out
[2026-05-23 13:54:12] ERROR: Unable to establish socket session, Connection timed out
[2026-05-23 13:55:11] ERROR: Unable to establish socket session, Connection timed out
[2026-05-23 13:56:11] ERROR: Unable to establish socket session, Connection timed out
[2026-05-23 13:57:11] ERROR: Unable to establish socket session, Connection timed out
[2026-05-23 13:58:12] ERROR: Unable to establish socket session, Connection timed out
[2026-05-23 13:59:11] ERROR: Unable to establish socket session, Connection timed out
[2026-05-23 14:00:11] ERROR: Unable to establish socket session, Connection timed out
[2026-05-23 14:01:11] ERROR: Unable to establish socket session, Connection timed out
[2026-05-23 14:02:12] ERROR: Unable to establish socket session, Connection timed out
[2026-05-23 14:03:11] ERROR: Unable to establish socket session, Connection timed out
[2026-05-23 14:04:11] ERROR: Unable to establish socket session, Connection timed out
[2026-05-23 14:05:12] ERROR: Unable to establish socket session, Connection timed out
[2026-05-23 14:06:11] ERROR: Unable to establish socket session, Connection timed out
[2026-05-23 14:07:11] ERROR: Unable to establish socket session, Connection timed out
[2026-05-23 14:08:11] ERROR: Unable to establish socket session, Connection timed out
[2026-05-23 14:09:12] ERROR: Unable to establish socket session, Connection timed out
[2026-05-23 14:10:11] ERROR: Unable to establish socket session, Connection timed out
[2026-05-23 14:11:11] ERROR: Unable to establish socket session, Connection timed out
[2026-05-23 14:12:11] ERROR: Unable to establish socket session, Connection timed out
[2026-05-23 14:13:11] ERROR: Unable to establish socket session, Connection timed out
[2026-05-23 14:14:11] ERROR: Unable to establish socket session, Connection timed out
[2026-05-23 14:15:11] ERROR: Unable to establish socket session, Connection timed out
[2026-05-23 14:16:12] ERROR: Unable to establish socket session, Connection timed out
[2026-05-23 14:17:11] ERROR: Unable to establish socket session, Connection timed out
[2026-05-23 14:18:11] ERROR: Unable to establish socket session, Connection timed out
[2026-05-23 14:19:12] ERROR: Unable to establish socket session, Connection timed out
[2026-05-23 14:20:11] ERROR: Unable to establish socket session, Connection timed out
[2026-05-23 14:21:11] ERROR: Unable to establish socket session, Connection timed out
[2026-05-23 14:22:11] ERROR: Unable to establish socket session, Connection timed out
[2026-05-23 14:23:12] ERROR: Unable to establish socket session, Connection timed out
[2026-05-23 14:24:11] ERROR: Unable to establish socket session, Connection timed out
[2026-05-23 14:25:11] ERROR: Unable to establish socket session, Connection timed out
[2026-05-23 14:26:12] ERROR: Unable to establish socket session, Connection timed out
[2026-05-23 14:27:11] ERROR: Unable to establish socket session, Connection timed out
[2026-05-23 14:28:11] ERROR: Unable to establish socket session, Connection timed out
[2026-05-23 14:29:11] ERROR: Unable to establish socket session, Connection timed out
[2026-05-23 14:30:12] ERROR: Unable to establish socket session, Connection timed out
[2026-05-23 14:31:11] ERROR: Unable to establish socket session, Connection timed out
[2026-05-23 14:32:11] ERROR: Unable to establish socket session, Connection timed out
[2026-05-23 14:33:11] ERROR: Unable to establish socket session, Connection timed out
[2026-05-23 14:34:12] ERROR: Unable to establish socket session, Connection timed out
[2026-05-23 14:35:11] ERROR: Unable to establish socket session, Connection timed out
[2026-05-23 14:36:11] ERROR: Unable to establish socket session, Connection timed out
[2026-05-23 14:37:12] ERROR: Unable to establish socket session, Connection timed out
[2026-05-23 14:38:11] ERROR: Unable to establish socket session, Connection timed out
[2026-05-23 14:39:11] ERROR: Unable to establish socket session, Connection timed out
[2026-05-23 14:40:11] ERROR: Unable to establish socket session, Connection timed out
[2026-05-23 14:41:11] ERROR: Unable to establish socket session, Connection timed out
[2026-05-23 14:42:11] ERROR: Unable to establish socket session, Connection timed out
[2026-05-23 14:43:11] ERROR: Unable to establish socket session, Connection timed out
[2026-05-23 14:44:11] ERROR: Unable to establish socket session, Connection timed out
[2026-05-23 14:45:11] ERROR: Unable to establish socket session, Connection timed out
[2026-05-23 14:46:11] ERROR: Unable to establish socket session, Connection timed out
[2026-05-23 14:47:11] ERROR: Unable to establish socket session, Connection timed out
[2026-05-23 14:48:12] ERROR: Unable to establish socket session, Connection timed out
[2026-05-23 14:49:11] ERROR: Unable to establish socket session, Connection timed out
[2026-05-23 14:50:11] ERROR: Unable to establish socket session, Connection timed out
[2026-05-23 14:51:11] ERROR: Unable to establish socket session, Connection timed out
[2026-05-23 14:52:11] ERROR: Unable to establish socket session, Connection timed out
[2026-05-23 14:53:11] ERROR: Unable to establish socket session, Connection timed out
[2026-05-23 14:54:12] ERROR: Unable to establish socket session, Connection timed out
[2026-05-23 14:55:11] ERROR: Unable to establish socket session, Connection timed out
[2026-05-23 14:56:12] ERROR: Unable to establish socket session, Connection timed out
[2026-05-23 14:57:11] ERROR: Unable to establish socket session, Connection timed out
[2026-05-23 14:58:12] ERROR: Unable to establish socket session, Connection timed out
[2026-05-23 14:59:11] ERROR: Unable to establish socket session, Connection timed out
[2026-05-23 15:00:11] ERROR: Unable to establish socket session, Connection timed out
[2026-05-23 15:01:12] ERROR: Unable to establish socket session, Connection timed out
[2026-05-23 15:02:11] ERROR: Unable to establish socket session, Connection timed out
[2026-05-23 15:03:11] ERROR: Unable to establish socket session, Connection timed out
[2026-05-23 15:04:11] ERROR: Unable to establish socket session, Connection timed out
[2026-05-23 15:05:12] ERROR: Unable to establish socket session, Connection timed out
[2026-05-23 15:06:11] ERROR: Unable to establish socket session, Connection timed out
[2026-05-23 15:07:11] ERROR: Unable to establish socket session, Connection timed out
[2026-05-23 15:08:12] ERROR: Unable to establish socket session, Connection timed out
[2026-05-23 15:09:11] ERROR: Unable to establish socket session, Connection timed out
[2026-05-23 15:10:11] ERROR: Unable to establish socket session, Connection timed out
[2026-05-23 15:11:11] ERROR: Unable to establish socket session, Connection timed out
[2026-05-23 15:12:11] ERROR: Unable to establish socket session, Connection timed out
[2026-05-23 15:13:11] ERROR: Unable to establish socket session, Connection timed out
[2026-05-23 15:14:11] ERROR: Unable to establish socket session, Connection timed out
[2026-05-23 15:15:12] ERROR: Unable to establish socket session, Connection timed out
[2026-05-23 15:16:11] ERROR: Unable to establish socket session, Connection timed out
[2026-05-23 15:17:11] ERROR: Unable to establish socket session, Connection timed out
[2026-05-23 15:18:11] ERROR: Unable to establish socket session, Connection timed out
[2026-05-23 15:19:11] ERROR: Unable to establish socket session, Connection timed out
[2026-05-23 15:20:11] ERROR: Unable to establish socket session, Connection timed out
[2026-05-23 15:21:11] ERROR: Unable to establish socket session, Connection timed out
[2026-05-23 15:22:12] ERROR: Unable to establish socket session, Connection timed out
[2026-05-23 15:23:11] ERROR: Unable to establish socket session, Connection timed out
[2026-05-23 15:24:11] ERROR: Unable to establish socket session, Connection timed out
[2026-05-23 15:25:11] ERROR: Unable to establish socket session, Connection timed out
[2026-05-23 15:26:11] ERROR: Unable to establish socket session, Connection timed out
[2026-05-23 15:27:11] ERROR: Unable to establish socket session, Connection timed out
[2026-05-23 15:28:11] ERROR: Unable to establish socket session, Connection timed out
[2026-05-23 15:29:11] ERROR: Unable to establish socket session, Connection timed out
[2026-05-23 15:30:12] ERROR: Unable to establish socket session, Connection timed out
[2026-05-23 15:31:11] ERROR: Unable to establish socket session, Connection timed out
[2026-05-23 15:32:11] ERROR: Unable to establish socket session, Connection timed out
[2026-05-23 15:33:11] ERROR: Unable to establish socket session, Connection timed out
[2026-05-23 15:34:12] ERROR: Unable to establish socket session, Connection timed out
[2026-05-23 15:35:11] ERROR: Unable to establish socket session, Connection timed out
[2026-05-23 15:36:11] ERROR: Unable to establish socket session, Connection timed out
[2026-05-23 15:37:11] ERROR: Unable to establish socket session, Connection timed out
[2026-05-23 15:38:11] ERROR: Unable to establish socket session, Connection timed out
[2026-05-23 15:39:12] ERROR: Unable to establish socket session, Connection timed out
[2026-05-23 15:40:11] ERROR: Unable to establish socket session, Connection timed out
[2026-05-23 15:41:11] ERROR: Unable to establish socket session, Connection timed out
[2026-05-23 15:42:11] ERROR: Unable to establish socket session, Connection timed out
[2026-05-23 15:43:12] ERROR: Unable to establish socket session, Connection timed out
[2026-05-23 15:44:11] ERROR: Unable to establish socket session, Connection timed out
[2026-05-23 15:45:11] ERROR: Unable to establish socket session, Connection timed out
[2026-05-23 15:46:12] ERROR: Unable to establish socket session, Connection timed out
[2026-05-23 15:47:11] ERROR: Unable to establish socket session, Connection timed out
[2026-05-23 15:48:11] ERROR: Unable to establish socket session, Connection timed out
[2026-05-23 15:49:11] ERROR: Unable to establish socket session, Connection timed out
[2026-05-23 15:50:12] ERROR: Unable to establish socket session, Connection timed out
[2026-05-23 15:51:11] ERROR: Unable to establish socket session, Connection timed out
[2026-05-23 15:52:11] ERROR: Unable to establish socket session, Connection timed out
[2026-05-23 15:53:11] ERROR: Unable to establish socket session, Connection timed out
[2026-05-23 15:54:11] ERROR: Unable to establish socket session, Connection timed out
[2026-05-23 15:55:11] ERROR: Unable to establish socket session, Connection timed out
[2026-05-23 15:56:11] ERROR: Unable to establish socket session, Connection timed out
[2026-05-23 15:57:11] ERROR: Unable to establish socket session, Connection timed out
[2026-05-23 15:58:11] ERROR: Unable to establish socket session, Connection timed out
[2026-05-23 15:59:11] ERROR: Unable to establish socket session, Connection timed out
[2026-05-23 16:00:11] ERROR: Unable to establish socket session, Connection timed out
[2026-05-23 16:01:11] ERROR: Unable to establish socket session, Connection timed out
[2026-05-23 16:02:11] ERROR: Unable to establish socket session, Connection timed out
[2026-05-23 16:03:12] ERROR: Unable to establish socket session, Connection timed out
[2026-05-23 16:04:11] ERROR: Unable to establish socket session, Connection timed out
[2026-05-23 16:05:11] ERROR: Unable to establish socket session, Connection timed out
[2026-05-23 16:06:11] ERROR: Unable to establish socket session, Connection timed out
[2026-05-23 16:07:11] ERROR: Unable to establish socket session, Connection timed out
[2026-05-23 16:08:11] ERROR: Unable to establish socket session, Connection timed out
[2026-05-23 16:09:12] ERROR: Unable to establish socket session, Connection timed out
[2026-05-23 16:10:11] ERROR: Unable to establish socket session, Connection timed out
[2026-05-23 16:11:11] ERROR: Unable to establish socket session, Connection timed out
[2026-05-23 16:12:11] ERROR: Unable to establish socket session, Connection timed out
[2026-05-23 16:13:12] ERROR: Unable to establish socket session, Connection timed out
[2026-05-23 16:14:11] ERROR: Unable to establish socket session, Connection timed out
[2026-05-23 16:15:11] ERROR: Unable to establish socket session, Connection timed out
[2026-05-23 16:16:12] ERROR: Unable to establish socket session, Connection timed out
[2026-05-23 16:17:11] ERROR: Unable to establish socket session, Connection timed out
[2026-05-23 16:18:12] ERROR: Unable to establish socket session, Connection timed out
[2026-05-23 16:19:11] ERROR: Unable to establish socket session, Connection timed out
[2026-05-23 16:20:11] ERROR: Unable to establish socket session, Connection timed out
[2026-05-23 16:21:11] ERROR: Unable to establish socket session, Connection timed out
[2026-05-23 16:22:12] ERROR: Unable to establish socket session, Connection timed out
[2026-05-23 16:23:11] ERROR: Unable to establish socket session, Connection timed out
[2026-05-23 16:24:11] ERROR: Unable to establish socket session, Connection timed out
[2026-05-23 16:25:11] ERROR: Unable to establish socket session, Connection timed out
[2026-05-23 16:26:11] ERROR: Unable to establish socket session, Connection timed out
[2026-05-23 16:27:12] ERROR: Unable to establish socket session, Connection timed out
[2026-05-23 16:28:11] ERROR: Unable to establish socket session, Connection timed out
[2026-05-23 16:29:11] ERROR: Unable to establish socket session, Connection timed out
[2026-05-23 16:30:12] ERROR: Unable to establish socket session, Connection timed out
[2026-05-23 16:31:11] ERROR: Unable to establish socket session, Connection timed out
[2026-05-23 16:32:11] ERROR: Unable to establish socket session, Connection timed out
[2026-05-23 16:33:11] ERROR: Unable to establish socket session, Connection timed out
[2026-05-23 16:34:11] ERROR: Unable to establish socket session, Connection timed out
[2026-05-23 16:35:11] ERROR: Unable to establish socket session, Connection timed out
[2026-05-23 16:36:11] ERROR: Unable to establish socket session, Connection timed out
[2026-05-23 16:37:11] ERROR: Unable to establish socket session, Connection timed out
[2026-05-23 16:38:11] ERROR: Unable to establish socket session, Connection timed out
[2026-05-23 16:39:11] ERROR: Unable to establish socket session, Connection timed out
[2026-05-23 16:40:11] ERROR: Unable to establish socket session, Connection timed out
[2026-05-23 16:41:11] ERROR: Unable to establish socket session, Connection timed out
[2026-05-23 16:42:11] ERROR: Unable to establish socket session, Connection timed out
[2026-05-23 16:43:11] ERROR: Unable to establish socket session, Connection timed out
[2026-05-23 16:44:12] ERROR: Unable to establish socket session, Connection timed out
[2026-05-23 16:45:11] ERROR: Unable to establish socket session, Connection timed out
[2026-05-23 16:46:11] ERROR: Unable to establish socket session, Connection timed out
[2026-05-23 16:47:11] ERROR: Unable to establish socket session, Connection timed out
[2026-05-23 16:48:12] ERROR: Unable to establish socket session, Connection timed out
[2026-05-23 16:49:12] ERROR: Unable to establish socket session, Connection timed out
[2026-05-23 16:50:11] ERROR: Unable to establish socket session, Connection timed out
[2026-05-23 16:51:11] ERROR: Unable to establish socket session, Connection timed out
[2026-05-23 16:52:11] ERROR: Unable to establish socket session, Connection timed out
[2026-05-23 16:53:11] ERROR: Unable to establish socket session, Connection timed out
[2026-05-23 16:54:11] ERROR: Unable to establish socket session, Connection timed out
[2026-05-23 16:55:12] ERROR: Unable to establish socket session, Connection timed out
[2026-05-23 16:56:11] ERROR: Unable to establish socket session, Connection timed out
[2026-05-23 16:57:11] ERROR: Unable to establish socket session, Connection timed out
[2026-05-23 16:58:12] ERROR: Unable to establish socket session, Connection timed out
[2026-05-23 16:59:11] ERROR: Unable to establish socket session, Connection timed out
[2026-05-23 17:00:12] ERROR: Unable to establish socket session, Connection timed out
[2026-05-23 17:01:11] ERROR: Unable to establish socket session, Connection timed out
[2026-05-23 17:02:11] ERROR: Unable to establish socket session, Connection timed out
[2026-05-23 17:03:11] ERROR: Unable to establish socket session, Connection timed out
[2026-05-23 17:04:11] ERROR: Unable to establish socket session, Connection timed out
[2026-05-23 17:05:11] ERROR: Unable to establish socket session, Connection timed out
[2026-05-23 17:06:11] ERROR: Unable to establish socket session, Connection timed out
[2026-05-23 17:07:12] ERROR: Unable to establish socket session, Connection timed out
[2026-05-23 17:08:11] ERROR: Unable to establish socket session, Connection timed out
[2026-05-23 17:09:11] ERROR: Unable to establish socket session, Connection timed out
[2026-05-23 17:10:12] ERROR: Unable to establish socket session, Connection timed out
[2026-05-23 17:11:11] ERROR: Unable to establish socket session, Connection timed out
[2026-05-23 17:12:12] ERROR: Unable to establish socket session, Connection timed out
[2026-05-23 17:13:11] ERROR: Unable to establish socket session, Connection timed out
[2026-05-23 17:14:11] ERROR: Unable to establish socket session, Connection timed out
[2026-05-23 17:15:12] ERROR: Unable to establish socket session, Connection timed out
[2026-05-23 17:16:11] ERROR: Unable to establish socket session, Connection timed out
[2026-05-23 17:17:11] ERROR: Unable to establish socket session, Connection timed out
[2026-05-23 17:18:11] ERROR: Unable to establish socket session, Connection timed out
[2026-05-23 17:19:12] ERROR: Unable to establish socket session, Connection timed out
[2026-05-23 17:20:11] ERROR: Unable to establish socket session, Connection timed out
[2026-05-23 17:21:11] ERROR: Unable to establish socket session, Connection timed out
[2026-05-23 17:22:11] ERROR: Unable to establish socket session, Connection timed out
[2026-05-23 17:23:12] ERROR: Unable to establish socket session, Connection timed out
[2026-05-23 17:24:12] ERROR: Unable to establish socket session, Connection timed out
[2026-05-23 17:25:12] ERROR: Unable to establish socket session, Connection timed out
[2026-05-23 17:26:11] ERROR: Unable to establish socket session, Connection timed out
[2026-05-23 17:27:11] ERROR: Unable to establish socket session, Connection timed out
[2026-05-23 17:28:11] ERROR: Unable to establish socket session, Connection timed out
[2026-05-23 17:29:11] ERROR: Unable to establish socket session, Connection timed out
[2026-05-23 17:30:11] ERROR: Unable to establish socket session, Connection timed out
[2026-05-23 17:31:11] ERROR: Unable to establish socket session, Connection timed out
[2026-05-23 17:32:11] ERROR: Unable to establish socket session, Connection timed out
[2026-05-23 17:33:11] ERROR: Unable to establish socket session, Connection timed out
[2026-05-23 17:34:12] ERROR: Unable to establish socket session, Connection timed out
[2026-05-23 17:35:12] ERROR: Unable to establish socket session, Connection timed out
[2026-05-23 17:36:11] ERROR: Unable to establish socket session, Connection timed out
[2026-05-23 17:37:11] ERROR: Unable to establish socket session, Connection timed out
[2026-05-23 17:38:12] ERROR: Unable to establish socket session, Connection timed out
[2026-05-23 17:39:11] ERROR: Unable to establish socket session, Connection timed out
[2026-05-23 17:40:11] ERROR: Unable to establish socket session, Connection timed out
[2026-05-23 17:41:12] ERROR: Unable to establish socket session, Connection timed out
[2026-05-23 17:42:11] ERROR: Unable to establish socket session, Connection timed out
[2026-05-23 17:43:12] ERROR: Unable to establish socket session, Connection timed out
[2026-05-23 17:44:11] ERROR: Unable to establish socket session, Connection timed out
[2026-05-23 17:45:12] ERROR: Unable to establish socket session, Connection timed out
[2026-05-23 17:46:11] ERROR: Unable to establish socket session, Connection timed out
[2026-05-23 17:47:11] ERROR: Unable to establish socket session, Connection timed out
[2026-05-23 17:48:11] ERROR: Unable to establish socket session, Connection timed out
[2026-05-23 17:49:12] ERROR: Unable to establish socket session, Connection timed out
[2026-05-23 17:50:11] ERROR: Unable to establish socket session, Connection timed out
[2026-05-23 17:51:11] ERROR: Unable to establish socket session, Connection timed out
[2026-05-23 17:52:11] ERROR: Unable to establish socket session, Connection timed out
[2026-05-23 17:53:12] ERROR: Unable to establish socket session, Connection timed out
[2026-05-23 17:54:11] ERROR: Unable to establish socket session, Connection timed out
[2026-05-23 17:55:11] ERROR: Unable to establish socket session, Connection timed out
[2026-05-23 17:56:12] ERROR: Unable to establish socket session, Connection timed out
[2026-05-23 17:57:11] ERROR: Unable to establish socket session, Connection timed out
[2026-05-23 17:58:11] ERROR: Unable to establish socket session, Connection timed out
[2026-05-23 17:59:11] ERROR: Unable to establish socket session, Connection timed out
[2026-05-23 18:00:11] ERROR: Unable to establish socket session, Connection timed out
[2026-05-23 18:01:11] ERROR: Unable to establish socket session, Connection timed out
[2026-05-23 18:02:11] ERROR: Unable to establish socket session, Connection timed out
[2026-05-23 18:03:11] ERROR: Unable to establish socket session, Connection timed out
[2026-05-23 18:04:11] ERROR: Unable to establish socket session, Connection timed out
[2026-05-23 18:05:11] ERROR: Unable to establish socket session, Connection timed out
[2026-05-23 18:06:12] ERROR: Unable to establish socket session, Connection timed out
[2026-05-23 18:07:11] ERROR: Unable to establish socket session, Connection timed out
[2026-05-23 18:08:11] ERROR: Unable to establish socket session, Connection timed out
[2026-05-23 18:09:12] ERROR: Unable to establish socket session, Connection timed out
[2026-05-23 18:10:11] ERROR: Unable to establish socket session, Connection timed out
[2026-05-23 18:11:11] ERROR: Unable to establish socket session, Connection timed out
[2026-05-23 18:12:11] ERROR: Unable to establish socket session, Connection timed out
[2026-05-23 18:13:11] ERROR: Unable to establish socket session, Connection timed out
[2026-05-23 18:14:11] ERROR: Unable to establish socket session, Connection timed out
[2026-05-23 18:15:12] ERROR: Unable to establish socket session, Connection timed out
[2026-05-23 18:16:12] ERROR: Unable to establish socket session, Connection timed out
[2026-05-23 18:17:11] ERROR: Unable to establish socket session, Connection timed out
[2026-05-23 18:18:11] ERROR: Unable to establish socket session, Connection timed out
[2026-05-23 18:19:11] ERROR: Unable to establish socket session, Connection timed out
[2026-05-23 18:20:11] ERROR: Unable to establish socket session, Connection timed out
[2026-05-23 18:21:11] ERROR: Unable to establish socket session, Connection timed out
[2026-05-23 18:22:12] ERROR: Unable to establish socket session, Connection timed out
[2026-05-23 18:23:11] ERROR: Unable to establish socket session, Connection timed out
[2026-05-23 18:24:12] ERROR: Unable to establish socket session, Connection timed out
[2026-05-23 18:25:11] ERROR: Unable to establish socket session, Connection timed out
[2026-05-23 18:26:11] ERROR: Unable to establish socket session, Connection timed out
[2026-05-23 18:27:11] ERROR: Unable to establish socket session, Connection timed out
[2026-05-23 18:28:11] ERROR: Unable to establish socket session, Connection timed out
[2026-05-23 18:29:11] ERROR: Unable to establish socket session, Connection timed out
[2026-05-23 18:30:11] ERROR: Unable to establish socket session, Connection timed out
[2026-05-23 18:31:12] ERROR: Unable to establish socket session, Connection timed out
[2026-05-23 18:32:11] ERROR: Unable to establish socket session, Connection timed out
[2026-05-23 18:33:11] ERROR: Unable to establish socket session, Connection timed out
[2026-05-23 18:34:11] ERROR: Unable to establish socket session, Connection timed out
[2026-05-23 18:35:11] ERROR: Unable to establish socket session, Connection timed out
[2026-05-23 18:36:11] ERROR: Unable to establish socket session, Connection timed out
[2026-05-23 18:37:11] ERROR: Unable to establish socket session, Connection timed out
[2026-05-23 18:38:11] ERROR: Unable to establish socket session, Connection timed out
[2026-05-23 18:39:11] ERROR: Unable to establish socket session, Connection timed out
[2026-05-23 18:40:11] ERROR: Unable to establish socket session, Connection timed out
[2026-05-23 18:41:11] ERROR: Unable to establish socket session, Connection timed out
[2026-05-23 18:42:11] ERROR: Unable to establish socket session, Connection timed out
[2026-05-23 18:43:11] ERROR: Unable to establish socket session, Connection timed out
[2026-05-23 18:44:11] ERROR: Unable to establish socket session, Connection timed out
[2026-05-23 18:45:12] ERROR: Unable to establish socket session, Connection timed out
[2026-05-23 18:46:11] ERROR: Unable to establish socket session, Connection timed out
[2026-05-23 18:47:11] ERROR: Unable to establish socket session, Connection timed out
[2026-05-23 18:48:12] ERROR: Unable to establish socket session, Connection timed out
[2026-05-23 18:49:11] ERROR: Unable to establish socket session, Connection timed out
[2026-05-23 18:50:11] ERROR: Unable to establish socket session, Connection timed out
[2026-05-23 18:51:11] ERROR: Unable to establish socket session, Connection timed out
[2026-05-23 18:52:11] ERROR: Unable to establish socket session, Connection timed out
[2026-05-23 18:53:11] ERROR: Unable to establish socket session, Connection timed out
[2026-05-23 18:54:11] ERROR: Unable to establish socket session, Connection timed out
[2026-05-23 18:55:11] ERROR: Unable to establish socket session, Connection timed out
[2026-05-23 18:56:11] ERROR: Unable to establish socket session, Connection timed out
[2026-05-23 18:57:11] ERROR: Unable to establish socket session, Connection timed out
[2026-05-23 18:58:11] ERROR: Unable to establish socket session, Connection timed out
[2026-05-23 18:59:11] ERROR: Unable to establish socket session, Connection timed out
[2026-05-23 19:00:11] ERROR: Unable to establish socket session, Connection timed out
[2026-05-23 19:01:11] ERROR: Unable to establish socket session, Connection timed out
[2026-05-23 19:02:12] ERROR: Unable to establish socket session, Connection timed out
[2026-05-23 19:03:11] ERROR: Unable to establish socket session, Connection timed out
[2026-05-23 19:04:12] ERROR: Unable to establish socket session, Connection timed out
[2026-05-23 19:05:11] ERROR: Unable to establish socket session, Connection timed out
[2026-05-23 19:06:11] ERROR: Unable to establish socket session, Connection timed out
[2026-05-23 19:07:11] ERROR: Unable to establish socket session, Connection timed out
[2026-05-23 19:08:12] ERROR: Unable to establish socket session, Connection timed out
[2026-05-23 19:09:11] ERROR: Unable to establish socket session, Connection timed out
[2026-05-23 19:10:11] ERROR: Unable to establish socket session, Connection timed out
[2026-05-23 19:11:11] ERROR: Unable to establish socket session, Connection timed out
[2026-05-23 19:12:11] ERROR: Unable to establish socket session, Connection timed out
[2026-05-23 19:13:12] ERROR: Unable to establish socket session, Connection timed out
[2026-05-23 19:14:11] ERROR: Unable to establish socket session, Connection timed out
[2026-05-23 19:15:12] ERROR: Unable to establish socket session, Connection timed out
[2026-05-23 19:16:11] ERROR: Unable to establish socket session, Connection timed out
[2026-05-23 19:17:11] ERROR: Unable to establish socket session, Connection timed out
[2026-05-23 19:18:12] ERROR: Unable to establish socket session, Connection timed out
[2026-05-23 19:19:11] ERROR: Unable to establish socket session, Connection timed out
[2026-05-23 19:20:11] ERROR: Unable to establish socket session, Connection timed out
[2026-05-23 19:21:11] ERROR: Unable to establish socket session, Connection timed out
[2026-05-23 19:22:12] ERROR: Unable to establish socket session, Connection timed out
[2026-05-23 19:23:11] ERROR: Unable to establish socket session, Connection timed out
[2026-05-23 19:24:11] ERROR: Unable to establish socket session, Connection timed out
[2026-05-23 19:25:11] ERROR: Unable to establish socket session, Connection timed out
[2026-05-23 19:26:11] ERROR: Unable to establish socket session, Connection timed out
[2026-05-23 19:27:12] ERROR: Unable to establish socket session, Connection timed out
[2026-05-23 19:28:11] ERROR: Unable to establish socket session, Connection timed out
[2026-05-23 19:29:11] ERROR: Unable to establish socket session, Connection timed out
[2026-05-23 19:30:12] ERROR: Unable to establish socket session, Connection timed out
[2026-05-23 19:31:11] ERROR: Unable to establish socket session, Connection timed out
[2026-05-23 19:32:11] ERROR: Unable to establish socket session, Connection timed out
[2026-05-23 19:33:11] ERROR: Unable to establish socket session, Connection timed out
[2026-05-23 19:34:12] ERROR: Unable to establish socket session, Connection timed out
[2026-05-23 19:35:11] ERROR: Unable to establish socket session, Connection timed out
[2026-05-23 19:36:11] ERROR: Unable to establish socket session, Connection timed out
[2026-05-23 19:37:11] ERROR: Unable to establish socket session, Connection timed out
[2026-05-23 19:38:11] ERROR: Unable to establish socket session, Connection timed out
[2026-05-23 19:39:11] ERROR: Unable to establish socket session, Connection timed out
[2026-05-23 19:40:12] ERROR: Unable to establish socket session, Connection timed out
[2026-05-23 19:41:11] ERROR: Unable to establish socket session, Connection timed out
[2026-05-23 19:42:11] ERROR: Unable to establish socket session, Connection timed out
[2026-05-23 19:43:12] ERROR: Unable to establish socket session, Connection timed out
[2026-05-23 19:44:11] ERROR: Unable to establish socket session, Connection timed out
[2026-05-23 19:45:12] ERROR: Unable to establish socket session, Connection timed out
[2026-05-23 19:46:11] ERROR: Unable to establish socket session, Connection timed out
[2026-05-23 19:47:12] ERROR: Unable to establish socket session, Connection timed out
[2026-05-23 19:48:11] ERROR: Unable to establish socket session, Connection timed out
[2026-05-23 19:49:11] ERROR: Unable to establish socket session, Connection timed out
[2026-05-23 19:50:11] ERROR: Unable to establish socket session, Connection timed out
[2026-05-23 19:51:12] ERROR: Unable to establish socket session, Connection timed out
[2026-05-23 19:52:11] ERROR: Unable to establish socket session, Connection timed out
[2026-05-23 19:53:11] ERROR: Unable to establish socket session, Connection timed out
[2026-05-23 19:54:11] ERROR: Unable to establish socket session, Connection timed out
[2026-05-23 19:55:11] ERROR: Unable to establish socket session, Connection timed out
[2026-05-23 19:56:11] ERROR: Unable to establish socket session, Connection timed out
[2026-05-23 19:57:12] ERROR: Unable to establish socket session, Connection timed out
[2026-05-23 19:58:11] ERROR: Unable to establish socket session, Connection timed out
[2026-05-23 19:59:11] ERROR: Unable to establish socket session, Connection timed out
[2026-05-23 20:00:12] ERROR: Unable to establish socket session, Connection timed out
[2026-05-23 20:01:11] ERROR: Unable to establish socket session, Connection timed out
[2026-05-23 20:02:11] ERROR: Unable to establish socket session, Connection timed out
[2026-05-23 20:03:11] ERROR: Unable to establish socket session, Connection timed out
[2026-05-23 20:04:11] ERROR: Unable to establish socket session, Connection timed out
[2026-05-23 20:05:11] ERROR: Unable to establish socket session, Connection timed out
[2026-05-23 20:06:12] ERROR: Unable to establish socket session, Connection timed out
[2026-05-23 20:07:11] ERROR: Unable to establish socket session, Connection timed out
[2026-05-23 20:08:11] ERROR: Unable to establish socket session, Connection timed out
[2026-05-23 20:09:11] ERROR: Unable to establish socket session, Connection timed out
[2026-05-23 20:10:12] ERROR: Unable to establish socket session, Connection timed out
[2026-05-23 20:11:12] ERROR: Unable to establish socket session, Connection timed out
[2026-05-23 20:12:11] ERROR: Unable to establish socket session, Connection timed out
[2026-05-23 20:13:12] ERROR: Unable to establish socket session, Connection timed out
[2026-05-23 20:14:11] ERROR: Unable to establish socket session, Connection timed out
[2026-05-23 20:15:11] ERROR: Unable to establish socket session, Connection timed out
[2026-05-23 20:16:11] ERROR: Unable to establish socket session, Connection timed out
[2026-05-23 20:17:11] ERROR: Unable to establish socket session, Connection timed out
[2026-05-23 20:18:12] ERROR: Unable to establish socket session, Connection timed out
[2026-05-23 20:19:11] ERROR: Unable to establish socket session, Connection timed out
[2026-05-23 20:20:12] ERROR: Unable to establish socket session, Connection timed out
[2026-05-23 20:21:11] ERROR: Unable to establish socket session, Connection timed out
[2026-05-23 20:22:11] ERROR: Unable to establish socket session, Connection timed out
[2026-05-23 20:23:12] ERROR: Unable to establish socket session, Connection timed out
[2026-05-23 20:24:11] ERROR: Unable to establish socket session, Connection timed out
[2026-05-23 20:25:12] ERROR: Unable to establish socket session, Connection timed out
[2026-05-23 20:26:11] ERROR: Unable to establish socket session, Connection timed out
[2026-05-23 20:27:11] ERROR: Unable to establish socket session, Connection timed out
[2026-05-23 20:28:11] ERROR: Unable to establish socket session, Connection timed out
[2026-05-23 20:29:12] ERROR: Unable to establish socket session, Connection timed out
[2026-05-23 20:30:11] ERROR: Unable to establish socket session, Connection timed out
[2026-05-23 20:31:11] ERROR: Unable to establish socket session, Connection timed out
[2026-05-23 20:32:11] ERROR: Unable to establish socket session, Connection timed out
[2026-05-23 20:33:11] ERROR: Unable to establish socket session, Connection timed out
[2026-05-23 20:34:11] ERROR: Unable to establish socket session, Connection timed out
[2026-05-23 20:35:11] ERROR: Unable to establish socket session, Connection timed out
[2026-05-23 20:36:11] ERROR: Unable to establish socket session, Connection timed out
[2026-05-23 20:37:11] ERROR: Unable to establish socket session, Connection timed out
[2026-05-23 20:38:12] ERROR: Unable to establish socket session, Connection timed out
[2026-05-23 20:39:12] ERROR: Unable to establish socket session, Connection timed out
[2026-05-23 20:40:11] ERROR: Unable to establish socket session, Connection timed out
[2026-05-23 20:41:11] ERROR: Unable to establish socket session, Connection timed out
[2026-05-23 20:42:11] ERROR: Unable to establish socket session, Connection timed out
[2026-05-23 20:43:12] ERROR: Unable to establish socket session, Connection timed out
[2026-05-23 20:44:11] ERROR: Unable to establish socket session, Connection timed out
[2026-05-23 20:45:11] ERROR: Unable to establish socket session, Connection timed out
[2026-05-23 20:46:12] ERROR: Unable to establish socket session, Connection timed out
[2026-05-23 20:47:11] ERROR: Unable to establish socket session, Connection timed out
[2026-05-23 20:48:11] ERROR: Unable to establish socket session, Connection timed out
[2026-05-23 20:49:11] ERROR: Unable to establish socket session, Connection timed out
[2026-05-23 20:50:12] ERROR: Unable to establish socket session, Connection timed out
[2026-05-23 20:51:11] ERROR: Unable to establish socket session, Connection timed out
[2026-05-23 20:52:11] ERROR: Unable to establish socket session, Connection timed out
[2026-05-23 20:53:11] ERROR: Unable to establish socket session, Connection timed out
[2026-05-23 20:54:11] ERROR: Unable to establish socket session, Connection timed out
[2026-05-23 20:55:11] ERROR: Unable to establish socket session, Connection timed out
[2026-05-23 20:56:12] ERROR: Unable to establish socket session, Connection timed out
[2026-05-23 20:57:11] ERROR: Unable to establish socket session, Connection timed out
[2026-05-23 20:58:11] ERROR: Unable to establish socket session, Connection timed out
[2026-05-23 20:59:11] ERROR: Unable to establish socket session, Connection timed out
[2026-05-23 21:00:11] ERROR: Unable to establish socket session, Connection timed out
[2026-05-23 21:01:11] ERROR: Unable to establish socket session, Connection timed out
[2026-05-23 21:02:12] ERROR: Unable to establish socket session, Connection timed out
[2026-05-23 21:03:11] ERROR: Unable to establish socket session, Connection timed out
[2026-05-23 21:04:11] ERROR: Unable to establish socket session, Connection timed out
[2026-05-23 21:05:11] ERROR: Unable to establish socket session, Connection timed out
[2026-05-23 21:06:11] ERROR: Unable to establish socket session, Connection timed out
[2026-05-23 21:07:11] ERROR: Unable to establish socket session, Connection timed out
[2026-05-23 21:08:11] ERROR: Unable to establish socket session, Connection timed out
[2026-05-23 21:09:12] ERROR: Unable to establish socket session, Connection timed out
[2026-05-23 21:10:11] ERROR: Unable to establish socket session, Connection timed out
[2026-05-23 21:11:11] ERROR: Unable to establish socket session, Connection timed out
[2026-05-23 21:12:12] ERROR: Unable to establish socket session, Connection timed out
[2026-05-23 21:13:11] ERROR: Unable to establish socket session, Connection timed out
[2026-05-23 21:14:11] ERROR: Unable to establish socket session, Connection timed out
[2026-05-23 21:15:11] ERROR: Unable to establish socket session, Connection timed out
[2026-05-23 21:16:12] ERROR: Unable to establish socket session, Connection timed out
[2026-05-23 21:17:11] ERROR: Unable to establish socket session, Connection timed out
[2026-05-23 21:18:11] ERROR: Unable to establish socket session, Connection timed out
[2026-05-23 21:19:11] ERROR: Unable to establish socket session, Connection timed out
[2026-05-23 21:20:12] ERROR: Unable to establish socket session, Connection timed out
[2026-05-23 21:21:11] ERROR: Unable to establish socket session, Connection timed out
[2026-05-23 21:22:11] ERROR: Unable to establish socket session, Connection timed out
[2026-05-23 21:23:12] ERROR: Unable to establish socket session, Connection timed out
[2026-05-23 21:24:11] ERROR: Unable to establish socket session, Connection timed out
[2026-05-23 21:25:11] ERROR: Unable to establish socket session, Connection timed out
[2026-05-23 21:26:11] ERROR: Unable to establish socket session, Connection timed out
[2026-05-23 21:27:11] ERROR: Unable to establish socket session, Connection timed out
[2026-05-23 21:28:11] ERROR: Unable to establish socket session, Connection timed out
[2026-05-23 21:29:11] ERROR: Unable to establish socket session, Connection timed out
[2026-05-23 21:30:12] ERROR: Unable to establish socket session, Connection timed out
[2026-05-23 21:31:11] ERROR: Unable to establish socket session, Connection timed out
[2026-05-23 21:32:11] ERROR: Unable to establish socket session, Connection timed out
[2026-05-23 21:33:11] ERROR: Unable to establish socket session, Connection timed out
[2026-05-23 21:34:12] ERROR: Unable to establish socket session, Connection timed out
[2026-05-23 21:35:11] ERROR: Unable to establish socket session, Connection timed out
[2026-05-23 21:36:11] ERROR: Unable to establish socket session, Connection timed out
[2026-05-23 21:37:12] ERROR: Unable to establish socket session, Connection timed out
[2026-05-23 21:38:11] ERROR: Unable to establish socket session, Connection timed out
[2026-05-23 21:39:11] ERROR: Unable to establish socket session, Connection timed out
[2026-05-23 21:40:11] ERROR: Unable to establish socket session, Connection timed out
[2026-05-23 21:41:11] ERROR: Unable to establish socket session, Connection timed out
[2026-05-23 21:42:11] ERROR: Unable to establish socket session, Connection timed out
[2026-05-23 21:43:11] ERROR: Unable to establish socket session, Connection timed out
[2026-05-23 21:44:12] ERROR: Unable to establish socket session, Connection timed out
[2026-05-23 21:45:11] ERROR: Unable to establish socket session, Connection timed out
[2026-05-23 21:46:11] ERROR: Unable to establish socket session, Connection timed out
[2026-05-23 21:47:11] ERROR: Unable to establish socket session, Connection timed out
[2026-05-23 21:48:12] ERROR: Unable to establish socket session, Connection timed out
[2026-05-23 21:49:11] ERROR: Unable to establish socket session, Connection timed out
[2026-05-23 21:50:11] ERROR: Unable to establish socket session, Connection timed out
[2026-05-23 21:51:12] ERROR: Unable to establish socket session, Connection timed out
[2026-05-23 21:52:11] ERROR: Unable to establish socket session, Connection timed out
[2026-05-23 21:53:11] ERROR: Unable to establish socket session, Connection timed out
[2026-05-23 21:54:12] ERROR: Unable to establish socket session, Connection timed out
[2026-05-23 21:55:11] ERROR: Unable to establish socket session, Connection timed out
[2026-05-23 21:56:11] ERROR: Unable to establish socket session, Connection timed out
[2026-05-23 21:57:11] ERROR: Unable to establish socket session, Connection timed out
[2026-05-23 21:58:12] ERROR: Unable to establish socket session, Connection timed out
[2026-05-23 21:59:11] ERROR: Unable to establish socket session, Connection timed out
[2026-05-23 22:00:11] ERROR: Unable to establish socket session, Connection timed out
[2026-05-23 22:01:11] ERROR: Unable to establish socket session, Connection timed out
[2026-05-23 22:02:11] ERROR: Unable to establish socket session, Connection timed out
[2026-05-23 22:03:11] ERROR: Unable to establish socket session, Connection timed out
[2026-05-23 22:04:11] ERROR: Unable to establish socket session, Connection timed out
[2026-05-23 22:05:12] ERROR: Unable to establish socket session, Connection timed out
[2026-05-23 22:06:11] ERROR: Unable to establish socket session, Connection timed out
[2026-05-23 22:07:11] ERROR: Unable to establish socket session, Connection timed out
[2026-05-23 22:08:12] ERROR: Unable to establish socket session, Connection timed out
[2026-05-23 22:09:11] ERROR: Unable to establish socket session, Connection timed out
[2026-05-23 22:10:11] ERROR: Unable to establish socket session, Connection timed out
[2026-05-23 22:11:11] ERROR: Unable to establish socket session, Connection timed out
[2026-05-23 22:12:11] ERROR: Unable to establish socket session, Connection timed out
[2026-05-23 22:13:11] ERROR: Unable to establish socket session, Connection timed out
[2026-05-23 22:14:12] ERROR: Unable to establish socket session, Connection timed out
[2026-05-23 22:15:11] ERROR: Unable to establish socket session, Connection timed out
[2026-05-23 22:16:11] ERROR: Unable to establish socket session, Connection timed out
[2026-05-23 22:17:12] ERROR: Unable to establish socket session, Connection timed out
[2026-05-23 22:18:11] ERROR: Unable to establish socket session, Connection timed out
[2026-05-23 22:19:11] ERROR: Unable to establish socket session, Connection timed out
[2026-05-23 22:20:11] ERROR: Unable to establish socket session, Connection timed out
[2026-05-23 22:21:12] ERROR: Unable to establish socket session, Connection timed out
[2026-05-23 22:22:11] ERROR: Unable to establish socket session, Connection timed out
[2026-05-23 22:23:11] ERROR: Unable to establish socket session, Connection timed out
[2026-05-23 22:24:11] ERROR: Unable to establish socket session, Connection timed out
[2026-05-23 22:25:12] ERROR: Unable to establish socket session, Connection timed out
[2026-05-23 22:26:12] ERROR: Unable to establish socket session, Connection timed out
[2026-05-23 22:27:11] ERROR: Unable to establish socket session, Connection timed out
[2026-05-23 22:28:11] ERROR: Unable to establish socket session, Connection timed out
[2026-05-23 22:29:11] ERROR: Unable to establish socket session, Connection timed out
[2026-05-23 22:30:11] ERROR: Unable to establish socket session, Connection timed out
[2026-05-23 22:31:11] ERROR: Unable to establish socket session, Connection timed out
[2026-05-23 22:32:11] ERROR: Unable to establish socket session, Connection timed out
[2026-05-23 22:33:11] ERROR: Unable to establish socket session, Connection timed out
[2026-05-23 22:34:11] ERROR: Unable to establish socket session, Connection timed out
[2026-05-23 22:35:11] ERROR: Unable to establish socket session, Connection timed out
[2026-05-23 22:36:11] ERROR: Unable to establish socket session, Connection timed out
[2026-05-23 22:37:11] ERROR: Unable to establish socket session, Connection timed out
[2026-05-23 22:38:12] ERROR: Unable to establish socket session, Connection timed out
[2026-05-23 22:39:11] ERROR: Unable to establish socket session, Connection timed out
[2026-05-23 22:40:11] ERROR: Unable to establish socket session, Connection timed out
[2026-05-23 22:41:11] ERROR: Unable to establish socket session, Connection timed out
[2026-05-23 22:42:11] ERROR: Unable to establish socket session, Connection timed out
[2026-05-23 22:43:11] ERROR: Unable to establish socket session, Connection timed out
[2026-05-23 22:44:12] ERROR: Unable to establish socket session, Connection timed out
[2026-05-23 22:45:11] ERROR: Unable to establish socket session, Connection timed out
[2026-05-23 22:46:11] ERROR: Unable to establish socket session, Connection timed out
[2026-05-23 22:47:11] ERROR: Unable to establish socket session, Connection timed out
[2026-05-23 22:48:11] ERROR: Unable to establish socket session, Connection timed out
[2026-05-23 22:49:11] ERROR: Unable to establish socket session, Connection timed out
[2026-05-23 22:50:12] ERROR: Unable to establish socket session, Connection timed out
[2026-05-23 22:51:12] ERROR: Unable to establish socket session, Connection timed out
[2026-05-23 22:52:12] ERROR: Unable to establish socket session, Connection timed out
[2026-05-23 22:53:11] ERROR: Unable to establish socket session, Connection timed out
[2026-05-23 22:54:11] ERROR: Unable to establish socket session, Connection timed out
[2026-05-23 22:55:12] ERROR: Unable to establish socket session, Connection timed out
[2026-05-23 22:56:13] ERROR: Unable to establish socket session, Connection timed out
[2026-05-23 22:57:11] ERROR: Unable to establish socket session, Connection timed out
[2026-05-23 22:58:11] ERROR: Unable to establish socket session, Connection timed out
[2026-05-23 22:59:11] ERROR: Unable to establish socket session, Connection timed out
[2026-05-23 23:00:11] ERROR: Unable to establish socket session, Connection timed out
[2026-05-23 23:01:12] ERROR: Unable to establish socket session, Connection timed out
[2026-05-23 23:02:11] ERROR: Unable to establish socket session, Connection timed out
[2026-05-23 23:03:11] ERROR: Unable to establish socket session, Connection timed out
[2026-05-23 23:04:12] ERROR: Unable to establish socket session, Connection timed out
[2026-05-23 23:05:11] ERROR: Unable to establish socket session, Connection timed out
[2026-05-23 23:06:11] ERROR: Unable to establish socket session, Connection timed out
[2026-05-23 23:07:11] ERROR: Unable to establish socket session, Connection timed out
[2026-05-23 23:08:12] ERROR: Unable to establish socket session, Connection timed out
[2026-05-23 23:09:11] ERROR: Unable to establish socket session, Connection timed out
[2026-05-23 23:10:11] ERROR: Unable to establish socket session, Connection timed out
[2026-05-23 23:11:12] ERROR: Unable to establish socket session, Connection timed out
[2026-05-23 23:12:11] ERROR: Unable to establish socket session, Connection timed out
[2026-05-23 23:13:11] ERROR: Unable to establish socket session, Connection timed out
[2026-05-23 23:14:11] ERROR: Unable to establish socket session, Connection timed out
[2026-05-23 23:15:12] ERROR: Unable to establish socket session, Connection timed out
[2026-05-23 23:16:11] ERROR: Unable to establish socket session, Connection timed out
[2026-05-23 23:17:12] ERROR: Unable to establish socket session, Connection timed out
[2026-05-23 23:18:11] ERROR: Unable to establish socket session, Connection timed out
[2026-05-23 23:19:11] ERROR: Unable to establish socket session, Connection timed out
[2026-05-23 23:20:12] ERROR: Unable to establish socket session, Connection timed out
[2026-05-23 23:21:11] ERROR: Unable to establish socket session, Connection timed out
[2026-05-23 23:22:12] ERROR: Unable to establish socket session, Connection timed out
[2026-05-23 23:23:11] ERROR: Unable to establish socket session, Connection timed out
[2026-05-23 23:24:11] ERROR: Unable to establish socket session, Connection timed out
[2026-05-23 23:25:11] ERROR: Unable to establish socket session, Connection timed out
[2026-05-23 23:26:12] ERROR: Unable to establish socket session, Connection timed out
[2026-05-23 23:27:11] ERROR: Unable to establish socket session, Connection timed out
[2026-05-23 23:28:11] ERROR: Unable to establish socket session, Connection timed out
[2026-05-23 23:29:12] ERROR: Unable to establish socket session, Connection timed out
[2026-05-23 23:30:11] ERROR: Unable to establish socket session, Connection timed out
[2026-05-23 23:31:12] ERROR: Unable to establish socket session, Connection timed out
[2026-05-23 23:32:11] ERROR: Unable to establish socket session, Connection timed out
[2026-05-23 23:33:11] ERROR: Unable to establish socket session, Connection timed out
[2026-05-23 23:34:12] ERROR: Unable to establish socket session, Connection timed out
[2026-05-23 23:35:11] ERROR: Unable to establish socket session, Connection timed out
[2026-05-23 23:36:12] ERROR: Unable to establish socket session, Connection timed out
[2026-05-23 23:37:11] ERROR: Unable to establish socket session, Connection timed out
[2026-05-23 23:38:11] ERROR: Unable to establish socket session, Connection timed out
[2026-05-23 23:39:11] ERROR: Unable to establish socket session, Connection timed out
[2026-05-23 23:40:11] ERROR: Unable to establish socket session, Connection timed out
[2026-05-23 23:41:11] ERROR: Unable to establish socket session, Connection timed out
[2026-05-23 23:42:11] ERROR: Unable to establish socket session, Connection timed out
[2026-05-23 23:43:12] ERROR: Unable to establish socket session, Connection timed out
[2026-05-23 23:44:11] ERROR: Unable to establish socket session, Connection timed out
[2026-05-23 23:45:12] ERROR: Unable to establish socket session, Connection timed out
[2026-05-23 23:46:11] ERROR: Unable to establish socket session, Connection timed out
[2026-05-23 23:47:11] ERROR: Unable to establish socket session, Connection timed out
[2026-05-23 23:48:11] ERROR: Unable to establish socket session, Connection timed out
[2026-05-23 23:49:11] ERROR: Unable to establish socket session, Connection timed out
[2026-05-23 23:50:11] ERROR: Unable to establish socket session, Connection timed out
[2026-05-23 23:51:11] ERROR: Unable to establish socket session, Connection timed out
[2026-05-23 23:52:11] ERROR: Unable to establish socket session, Connection timed out
[2026-05-23 23:53:12] ERROR: Unable to establish socket session, Connection timed out
[2026-05-23 23:54:11] ERROR: Unable to establish socket session, Connection timed out
[2026-05-23 23:55:11] ERROR: Unable to establish socket session, Connection timed out
[2026-05-23 23:56:12] ERROR: Unable to establish socket session, Connection timed out
[2026-05-23 23:57:11] ERROR: Unable to establish socket session, Connection timed out
[2026-05-23 23:58:11] ERROR: Unable to establish socket session, Connection timed out
[2026-05-23 23:59:11] ERROR: Unable to establish socket session, Connection timed out
[2026-05-24 00:00:12] ERROR: Unable to establish socket session, Connection timed out
[2026-05-24 00:01:11] ERROR: Unable to establish socket session, Connection timed out
[2026-05-24 00:02:11] ERROR: Unable to establish socket session, Connection timed out
[2026-05-24 00:03:11] ERROR: Unable to establish socket session, Connection timed out
[2026-05-24 00:04:11] ERROR: Unable to establish socket session, Connection timed out
[2026-05-24 00:05:12] ERROR: Unable to establish socket session, Connection timed out
[2026-05-24 00:06:11] ERROR: Unable to establish socket session, Connection timed out
[2026-05-24 00:07:12] ERROR: Unable to establish socket session, Connection timed out
[2026-05-24 00:08:11] ERROR: Unable to establish socket session, Connection timed out
[2026-05-24 00:09:11] ERROR: Unable to establish socket session, Connection timed out
[2026-05-24 00:10:12] ERROR: Unable to establish socket session, Connection timed out
[2026-05-24 00:11:11] ERROR: Unable to establish socket session, Connection timed out
[2026-05-24 00:12:11] ERROR: Unable to establish socket session, Connection timed out
[2026-05-24 00:13:11] ERROR: Unable to establish socket session, Connection timed out
[2026-05-24 00:14:11] ERROR: Unable to establish socket session, Connection timed out
[2026-05-24 00:15:11] ERROR: Unable to establish socket session, Connection timed out
[2026-05-24 00:16:12] ERROR: Unable to establish socket session, Connection timed out
[2026-05-24 00:17:11] ERROR: Unable to establish socket session, Connection timed out
[2026-05-24 00:18:11] ERROR: Unable to establish socket session, Connection timed out
[2026-05-24 00:19:11] ERROR: Unable to establish socket session, Connection timed out
[2026-05-24 00:20:12] ERROR: Unable to establish socket session, Connection timed out
[2026-05-24 00:21:11] ERROR: Unable to establish socket session, Connection timed out
[2026-05-24 00:22:11] ERROR: Unable to establish socket session, Connection timed out
[2026-05-24 00:23:12] ERROR: Unable to establish socket session, Connection timed out
[2026-05-24 00:24:11] ERROR: Unable to establish socket session, Connection timed out
[2026-05-24 00:25:11] ERROR: Unable to establish socket session, Connection timed out
[2026-05-24 00:26:11] ERROR: Unable to establish socket session, Connection timed out
[2026-05-24 00:27:12] ERROR: Unable to establish socket session, Connection timed out
[2026-05-24 00:28:11] ERROR: Unable to establish socket session, Connection timed out
[2026-05-24 00:29:11] ERROR: Unable to establish socket session, Connection timed out
[2026-05-24 00:30:12] ERROR: Unable to establish socket session, Connection timed out
[2026-05-24 00:31:11] ERROR: Unable to establish socket session, Connection timed out
[2026-05-24 00:32:11] ERROR: Unable to establish socket session, Connection timed out
[2026-05-24 00:33:11] ERROR: Unable to establish socket session, Connection timed out
[2026-05-24 00:34:12] ERROR: Unable to establish socket session, Connection timed out
[2026-05-24 00:35:11] ERROR: Unable to establish socket session, Connection timed out
[2026-05-24 00:36:11] ERROR: Unable to establish socket session, Connection timed out
[2026-05-24 00:37:12] ERROR: Unable to establish socket session, Connection timed out
[2026-05-24 00:38:11] ERROR: Unable to establish socket session, Connection timed out
[2026-05-24 00:39:11] ERROR: Unable to establish socket session, Connection timed out
[2026-05-24 00:40:11] ERROR: Unable to establish socket session, Connection timed out
[2026-05-24 00:41:11] ERROR: Unable to establish socket session, Connection timed out
[2026-05-24 00:42:11] ERROR: Unable to establish socket session, Connection timed out
[2026-05-24 00:43:11] ERROR: Unable to establish socket session, Connection timed out
[2026-05-24 00:44:12] ERROR: Unable to establish socket session, Connection timed out
[2026-05-24 00:45:11] ERROR: Unable to establish socket session, Connection timed out
[2026-05-24 00:46:11] ERROR: Unable to establish socket session, Connection timed out
[2026-05-24 00:47:11] ERROR: Unable to establish socket session, Connection timed out
[2026-05-24 00:48:12] ERROR: Unable to establish socket session, Connection timed out
[2026-05-24 00:49:11] ERROR: Unable to establish socket session, Connection timed out
[2026-05-24 00:50:11] ERROR: Unable to establish socket session, Connection timed out
[2026-05-24 00:51:12] ERROR: Unable to establish socket session, Connection timed out
[2026-05-24 00:52:11] ERROR: Unable to establish socket session, Connection timed out
[2026-05-24 00:53:11] ERROR: Unable to establish socket session, Connection timed out
[2026-05-24 00:54:11] ERROR: Unable to establish socket session, Connection timed out
[2026-05-24 00:55:12] ERROR: Unable to establish socket session, Connection timed out
[2026-05-24 00:56:11] ERROR: Unable to establish socket session, Connection timed out
[2026-05-24 00:57:11] ERROR: Unable to establish socket session, Connection timed out
[2026-05-24 00:58:12] ERROR: Unable to establish socket session, Connection timed out
[2026-05-24 00:59:12] ERROR: Unable to establish socket session, Connection timed out
[2026-05-24 01:00:11] ERROR: Unable to establish socket session, Connection timed out
[2026-05-24 01:01:12] ERROR: Unable to establish socket session, Connection timed out
[2026-05-24 01:02:12] ERROR: Unable to establish socket session, Connection timed out
[2026-05-24 01:03:11] ERROR: Unable to establish socket session, Connection timed out
[2026-05-24 01:04:11] ERROR: Unable to establish socket session, Connection timed out
[2026-05-24 01:05:12] ERROR: Unable to establish socket session, Connection timed out
[2026-05-24 01:06:11] ERROR: Unable to establish socket session, Connection timed out
[2026-05-24 01:07:11] ERROR: Unable to establish socket session, Connection timed out
[2026-05-24 01:08:12] ERROR: Unable to establish socket session, Connection timed out
[2026-05-24 01:09:11] ERROR: Unable to establish socket session, Connection timed out
[2026-05-24 01:10:11] ERROR: Unable to establish socket session, Connection timed out
[2026-05-24 01:11:12] ERROR: Unable to establish socket session, Connection timed out
[2026-05-24 01:12:11] ERROR: Unable to establish socket session, Connection timed out
[2026-05-24 01:13:11] ERROR: Unable to establish socket session, Connection timed out
[2026-05-24 01:14:11] ERROR: Unable to establish socket session, Connection timed out
[2026-05-24 01:15:12] ERROR: Unable to establish socket session, Connection timed out
[2026-05-24 01:16:11] ERROR: Unable to establish socket session, Connection timed out
[2026-05-24 01:17:12] ERROR: Unable to establish socket session, Connection timed out
[2026-05-24 01:18:11] ERROR: Unable to establish socket session, Connection timed out
[2026-05-24 01:19:11] ERROR: Unable to establish socket session, Connection timed out
[2026-05-24 01:20:12] ERROR: Unable to establish socket session, Connection timed out
[2026-05-24 01:21:11] ERROR: Unable to establish socket session, Connection timed out
[2026-05-24 01:22:11] ERROR: Unable to establish socket session, Connection timed out
[2026-05-24 01:23:11] ERROR: Unable to establish socket session, Connection timed out
[2026-05-24 01:24:12] ERROR: Unable to establish socket session, Connection timed out
[2026-05-24 01:25:11] ERROR: Unable to establish socket session, Connection timed out
[2026-05-24 01:26:11] ERROR: Unable to establish socket session, Connection timed out
[2026-05-24 01:27:11] ERROR: Unable to establish socket session, Connection timed out
[2026-05-24 01:28:11] ERROR: Unable to establish socket session, Connection timed out
[2026-05-24 01:29:11] ERROR: Unable to establish socket session, Connection timed out
[2026-05-24 01:30:12] ERROR: Unable to establish socket session, Connection timed out
[2026-05-24 01:31:11] ERROR: Unable to establish socket session, Connection timed out
[2026-05-24 01:32:11] ERROR: Unable to establish socket session, Connection timed out
[2026-05-24 01:33:11] ERROR: Unable to establish socket session, Connection timed out
[2026-05-24 01:34:11] ERROR: Unable to establish socket session, Connection timed out
[2026-05-24 01:35:11] ERROR: Unable to establish socket session, Connection timed out
[2026-05-24 01:36:12] ERROR: Unable to establish socket session, Connection timed out
[2026-05-24 01:37:11] ERROR: Unable to establish socket session, Connection timed out
[2026-05-24 01:38:11] ERROR: Unable to establish socket session, Connection timed out
[2026-05-24 01:39:12] ERROR: Unable to establish socket session, Connection timed out
[2026-05-24 01:40:11] ERROR: Unable to establish socket session, Connection timed out
[2026-05-24 01:41:11] ERROR: Unable to establish socket session, Connection timed out
[2026-05-24 01:42:11] ERROR: Unable to establish socket session, Connection timed out
[2026-05-24 01:43:12] ERROR: Unable to establish socket session, Connection timed out
[2026-05-24 01:44:11] ERROR: Unable to establish socket session, Connection timed out
[2026-05-24 01:45:11] ERROR: Unable to establish socket session, Connection timed out
[2026-05-24 01:46:12] ERROR: Unable to establish socket session, Connection timed out
[2026-05-24 01:47:11] ERROR: Unable to establish socket session, Connection timed out
[2026-05-24 01:48:11] ERROR: Unable to establish socket session, Connection timed out
[2026-05-24 01:49:11] ERROR: Unable to establish socket session, Connection timed out
[2026-05-24 01:50:12] ERROR: Unable to establish socket session, Connection timed out
[2026-05-24 01:51:11] ERROR: Unable to establish socket session, Connection timed out
[2026-05-24 01:52:11] ERROR: Unable to establish socket session, Connection timed out
[2026-05-24 01:53:12] ERROR: Unable to establish socket session, Connection timed out
[2026-05-24 01:54:11] ERROR: Unable to establish socket session, Connection timed out
[2026-05-24 01:55:11] ERROR: Unable to establish socket session, Connection timed out
[2026-05-24 01:56:11] ERROR: Unable to establish socket session, Connection timed out
[2026-05-24 01:57:11] ERROR: Unable to establish socket session, Connection timed out
[2026-05-24 01:58:11] ERROR: Unable to establish socket session, Connection timed out
[2026-05-24 01:59:12] ERROR: Unable to establish socket session, Connection timed out
[2026-05-24 02:00:11] ERROR: Unable to establish socket session, Connection timed out
[2026-05-24 02:01:11] ERROR: Unable to establish socket session, Connection timed out
[2026-05-24 02:02:12] ERROR: Unable to establish socket session, Connection timed out
[2026-05-24 02:03:11] ERROR: Unable to establish socket session, Connection timed out
[2026-05-24 02:04:11] ERROR: Unable to establish socket session, Connection timed out
[2026-05-24 02:05:11] ERROR: Unable to establish socket session, Connection timed out
[2026-05-24 02:06:12] ERROR: Unable to establish socket session, Connection timed out
[2026-05-24 02:07:11] ERROR: Unable to establish socket session, Connection timed out
[2026-05-24 02:08:11] ERROR: Unable to establish socket session, Connection timed out
[2026-05-24 02:09:12] ERROR: Unable to establish socket session, Connection timed out
[2026-05-24 02:10:11] ERROR: Unable to establish socket session, Connection timed out
[2026-05-24 02:11:11] ERROR: Unable to establish socket session, Connection timed out
[2026-05-24 02:12:12] ERROR: Unable to establish socket session, Connection timed out
[2026-05-24 02:13:11] ERROR: Unable to establish socket session, Connection timed out
[2026-05-24 02:14:11] ERROR: Unable to establish socket session, Connection timed out
[2026-05-24 02:15:11] ERROR: Unable to establish socket session, Connection timed out
[2026-05-24 02:16:12] ERROR: Unable to establish socket session, Connection timed out
[2026-05-24 02:17:11] ERROR: Unable to establish socket session, Connection timed out
[2026-05-24 02:18:12] ERROR: Unable to establish socket session, Connection timed out
[2026-05-24 02:19:11] ERROR: Unable to establish socket session, Connection timed out
[2026-05-24 02:20:11] ERROR: Unable to establish socket session, Connection timed out
[2026-05-24 02:21:11] ERROR: Unable to establish socket session, Connection timed out
[2026-05-24 02:22:12] ERROR: Unable to establish socket session, Connection timed out
[2026-05-24 02:23:11] ERROR: Unable to establish socket session, Connection timed out
[2026-05-24 02:24:11] ERROR: Unable to establish socket session, Connection timed out
[2026-05-24 02:25:11] ERROR: Unable to establish socket session, Connection timed out
[2026-05-24 02:26:12] ERROR: Unable to establish socket session, Connection timed out
[2026-05-24 02:27:11] ERROR: Unable to establish socket session, Connection timed out
[2026-05-24 02:28:11] ERROR: Unable to establish socket session, Connection timed out
[2026-05-24 02:29:12] ERROR: Unable to establish socket session, Connection timed out
[2026-05-24 02:30:11] ERROR: Unable to establish socket session, Connection timed out
[2026-05-24 02:31:11] ERROR: Unable to establish socket session, Connection timed out
[2026-05-24 02:32:11] ERROR: Unable to establish socket session, Connection timed out
[2026-05-24 02:33:12] ERROR: Unable to establish socket session, Connection timed out
[2026-05-24 02:34:11] ERROR: Unable to establish socket session, Connection timed out
[2026-05-24 02:35:11] ERROR: Unable to establish socket session, Connection timed out
[2026-05-24 02:36:11] ERROR: Unable to establish socket session, Connection timed out
[2026-05-24 02:37:11] ERROR: Unable to establish socket session, Connection timed out
[2026-05-24 02:38:11] ERROR: Unable to establish socket session, Connection timed out
[2026-05-24 02:39:11] ERROR: Unable to establish socket session, Connection timed out
[2026-05-24 02:40:12] ERROR: Unable to establish socket session, Connection timed out
[2026-05-24 02:41:11] ERROR: Unable to establish socket session, Connection timed out
[2026-05-24 02:42:11] ERROR: Unable to establish socket session, Connection timed out
[2026-05-24 02:43:11] ERROR: Unable to establish socket session, Connection timed out
[2026-05-24 02:44:11] ERROR: Unable to establish socket session, Connection timed out
[2026-05-24 02:45:11] ERROR: Unable to establish socket session, Connection timed out
[2026-05-24 02:46:11] ERROR: Unable to establish socket session, Connection timed out
[2026-05-24 02:47:11] ERROR: Unable to establish socket session, Connection timed out
[2026-05-24 02:48:11] ERROR: Unable to establish socket session, Connection timed out
[2026-05-24 02:49:11] ERROR: Unable to establish socket session, Connection timed out
[2026-05-24 02:50:12] ERROR: Unable to establish socket session, Connection timed out
[2026-05-24 02:51:11] ERROR: Unable to establish socket session, Connection timed out
[2026-05-24 02:52:11] ERROR: Unable to establish socket session, Connection timed out
[2026-05-24 02:53:11] ERROR: Unable to establish socket session, Connection timed out
[2026-05-24 02:54:12] ERROR: Unable to establish socket session, Connection timed out
[2026-05-24 02:55:11] ERROR: Unable to establish socket session, Connection timed out
[2026-05-24 02:56:12] ERROR: Unable to establish socket session, Connection timed out
[2026-05-24 02:57:11] ERROR: Unable to establish socket session, Connection timed out
[2026-05-24 02:58:11] ERROR: Unable to establish socket session, Connection timed out
[2026-05-24 02:59:12] ERROR: Unable to establish socket session, Connection timed out
[2026-05-24 03:00:11] ERROR: Unable to establish socket session, Connection timed out
[2026-05-24 03:01:11] ERROR: Unable to establish socket session, Connection timed out
[2026-05-24 03:02:12] ERROR: Unable to establish socket session, Connection timed out
[2026-05-24 03:03:11] ERROR: Unable to establish socket session, Connection timed out
[2026-05-24 03:04:11] ERROR: Unable to establish socket session, Connection timed out
[2026-05-24 03:05:12] ERROR: Unable to establish socket session, Connection timed out
[2026-05-24 03:06:11] ERROR: Unable to establish socket session, Connection timed out
[2026-05-24 03:07:11] ERROR: Unable to establish socket session, Connection timed out
[2026-05-24 03:08:11] ERROR: Unable to establish socket session, Connection timed out
[2026-05-24 03:09:12] ERROR: Unable to establish socket session, Connection timed out
[2026-05-24 03:10:11] ERROR: Unable to establish socket session, Connection timed out
[2026-05-24 03:11:11] ERROR: Unable to establish socket session, Connection timed out
[2026-05-24 03:12:12] ERROR: Unable to establish socket session, Connection timed out
[2026-05-24 03:13:11] ERROR: Unable to establish socket session, Connection timed out
[2026-05-24 03:14:11] ERROR: Unable to establish socket session, Connection timed out
[2026-05-24 03:15:12] ERROR: Unable to establish socket session, Connection timed out
[2026-05-24 03:16:11] ERROR: Unable to establish socket session, Connection timed out
[2026-05-24 03:17:11] ERROR: Unable to establish socket session, Connection timed out
[2026-05-24 03:18:11] ERROR: Unable to establish socket session, Connection timed out
[2026-05-24 03:19:12] ERROR: Unable to establish socket session, Connection timed out
[2026-05-24 03:20:11] ERROR: Unable to establish socket session, Connection timed out
[2026-05-24 03:21:11] ERROR: Unable to establish socket session, Connection timed out
[2026-05-24 03:22:12] ERROR: Unable to establish socket session, Connection timed out
[2026-05-24 03:23:11] ERROR: Unable to establish socket session, Connection timed out
[2026-05-24 03:24:11] ERROR: Unable to establish socket session, Connection timed out
[2026-05-24 03:25:11] ERROR: Unable to establish socket session, Connection timed out
[2026-05-24 03:26:12] ERROR: Unable to establish socket session, Connection timed out
[2026-05-24 03:27:11] ERROR: Unable to establish socket session, Connection timed out
[2026-05-24 03:28:11] ERROR: Unable to establish socket session, Connection timed out
[2026-05-24 03:29:12] ERROR: Unable to establish socket session, Connection timed out
[2026-05-24 03:30:11] ERROR: Unable to establish socket session, Connection timed out
[2026-05-24 03:31:11] ERROR: Unable to establish socket session, Connection timed out
[2026-05-24 03:32:11] ERROR: Unable to establish socket session, Connection timed out
[2026-05-24 03:33:11] ERROR: Unable to establish socket session, Connection timed out
[2026-05-24 03:34:11] ERROR: Unable to establish socket session, Connection timed out
[2026-05-24 03:35:11] ERROR: Unable to establish socket session, Connection timed out
[2026-05-24 03:36:12] ERROR: Unable to establish socket session, Connection timed out
[2026-05-24 03:37:11] ERROR: Unable to establish socket session, Connection timed out
[2026-05-24 03:38:11] ERROR: Unable to establish socket session, Connection timed out
[2026-05-24 03:39:12] ERROR: Unable to establish socket session, Connection timed out
[2026-05-24 03:40:11] ERROR: Unable to establish socket session, Connection timed out
[2026-05-24 03:41:11] ERROR: Unable to establish socket session, Connection timed out
[2026-05-24 03:42:11] ERROR: Unable to establish socket session, Connection timed out
[2026-05-24 03:43:12] ERROR: Unable to establish socket session, Connection timed out
[2026-05-24 03:44:11] ERROR: Unable to establish socket session, Connection timed out
[2026-05-24 03:45:11] ERROR: Unable to establish socket session, Connection timed out
[2026-05-24 03:46:12] ERROR: Unable to establish socket session, Connection timed out
[2026-05-24 03:47:11] ERROR: Unable to establish socket session, Connection timed out
[2026-05-24 03:48:11] ERROR: Unable to establish socket session, Connection timed out
[2026-05-24 03:49:11] ERROR: Unable to establish socket session, Connection timed out
[2026-05-24 03:50:11] ERROR: Unable to establish socket session, Connection timed out
[2026-05-24 03:51:11] ERROR: Unable to establish socket session, Connection timed out
[2026-05-24 03:52:11] ERROR: Unable to establish socket session, Connection timed out
[2026-05-24 03:53:12] ERROR: Unable to establish socket session, Connection timed out
[2026-05-24 03:54:11] ERROR: Unable to establish socket session, Connection timed out
[2026-05-24 03:55:12] ERROR: Unable to establish socket session, Connection timed out
[2026-05-24 03:56:11] ERROR: Unable to establish socket session, Connection timed out
[2026-05-24 03:57:11] ERROR: Unable to establish socket session, Connection timed out
[2026-05-24 03:58:12] ERROR: Unable to establish socket session, Connection timed out
[2026-05-24 03:59:11] ERROR: Unable to establish socket session, Connection timed out
[2026-05-24 04:00:11] ERROR: Unable to establish socket session, Connection timed out
[2026-05-24 04:01:11] ERROR: Unable to establish socket session, Connection timed out
[2026-05-24 04:02:12] ERROR: Unable to establish socket session, Connection timed out
[2026-05-24 04:03:11] ERROR: Unable to establish socket session, Connection timed out
[2026-05-24 04:04:11] ERROR: Unable to establish socket session, Connection timed out
[2026-05-24 04:05:12] ERROR: Unable to establish socket session, Connection timed out
[2026-05-24 04:06:11] ERROR: Unable to establish socket session, Connection timed out
[2026-05-24 04:07:11] ERROR: Unable to establish socket session, Connection timed out
[2026-05-24 04:08:11] ERROR: Unable to establish socket session, Connection timed out
[2026-05-24 04:09:12] ERROR: Unable to establish socket session, Connection timed out
[2026-05-24 04:10:11] ERROR: Unable to establish socket session, Connection timed out
[2026-05-24 04:11:11] ERROR: Unable to establish socket session, Connection timed out
[2026-05-24 04:12:12] ERROR: Unable to establish socket session, Connection timed out
[2026-05-24 04:13:11] ERROR: Unable to establish socket session, Connection timed out
[2026-05-24 04:14:11] ERROR: Unable to establish socket session, Connection timed out
[2026-05-24 04:15:11] ERROR: Unable to establish socket session, Connection timed out
[2026-05-24 04:16:11] ERROR: Unable to establish socket session, Connection timed out
[2026-05-24 04:17:11] ERROR: Unable to establish socket session, Connection timed out
[2026-05-24 04:18:11] ERROR: Unable to establish socket session, Connection timed out
[2026-05-24 04:19:12] ERROR: Unable to establish socket session, Connection timed out
[2026-05-24 04:20:11] ERROR: Unable to establish socket session, Connection timed out
[2026-05-24 04:21:11] ERROR: Unable to establish socket session, Connection timed out
[2026-05-24 04:22:11] ERROR: Unable to establish socket session, Connection timed out
[2026-05-24 04:23:12] ERROR: Unable to establish socket session, Connection timed out
[2026-05-24 04:24:11] ERROR: Unable to establish socket session, Connection timed out
[2026-05-24 04:25:11] ERROR: Unable to establish socket session, Connection timed out
[2026-05-24 04:26:12] ERROR: Unable to establish socket session, Connection timed out
[2026-05-24 04:27:11] ERROR: Unable to establish socket session, Connection timed out
[2026-05-24 04:28:11] ERROR: Unable to establish socket session, Connection timed out
[2026-05-24 04:29:11] ERROR: Unable to establish socket session, Connection timed out
[2026-05-24 04:30:12] ERROR: Unable to establish socket session, Connection timed out
[2026-05-24 04:31:11] ERROR: Unable to establish socket session, Connection timed out
[2026-05-24 04:32:11] ERROR: Unable to establish socket session, Connection timed out
[2026-05-24 04:33:12] ERROR: Unable to establish socket session, Connection timed out
[2026-05-24 04:34:11] ERROR: Unable to establish socket session, Connection timed out
[2026-05-24 04:35:11] ERROR: Unable to establish socket session, Connection timed out
[2026-05-24 04:36:12] ERROR: Unable to establish socket session, Connection timed out
[2026-05-24 04:37:11] ERROR: Unable to establish socket session, Connection timed out
[2026-05-24 04:38:11] ERROR: Unable to establish socket session, Connection timed out
[2026-05-24 04:39:11] ERROR: Unable to establish socket session, Connection timed out
[2026-05-24 04:40:12] ERROR: Unable to establish socket session, Connection timed out
[2026-05-24 04:41:11] ERROR: Unable to establish socket session, Connection timed out
[2026-05-24 04:42:11] ERROR: Unable to establish socket session, Connection timed out
[2026-05-24 04:43:12] ERROR: Unable to establish socket session, Connection timed out
[2026-05-24 04:44:11] ERROR: Unable to establish socket session, Connection timed out
[2026-05-24 04:45:11] ERROR: Unable to establish socket session, Connection timed out
[2026-05-24 04:46:11] ERROR: Unable to establish socket session, Connection timed out
[2026-05-24 04:47:12] ERROR: Unable to establish socket session, Connection timed out
[2026-05-24 04:48:11] ERROR: Unable to establish socket session, Connection timed out
[2026-05-24 04:49:11] ERROR: Unable to establish socket session, Connection timed out
[2026-05-24 04:50:11] ERROR: Unable to establish socket session, Connection timed out
[2026-05-24 04:51:11] ERROR: Unable to establish socket session, Connection timed out
[2026-05-24 04:52:11] ERROR: Unable to establish socket session, Connection timed out
[2026-05-24 04:53:11] ERROR: Unable to establish socket session, Connection timed out
[2026-05-24 04:54:12] ERROR: Unable to establish socket session, Connection timed out
[2026-05-24 04:55:11] ERROR: Unable to establish socket session, Connection timed out
[2026-05-24 04:56:12] ERROR: Unable to establish socket session, Connection timed out
[2026-05-24 04:57:11] ERROR: Unable to establish socket session, Connection timed out
[2026-05-24 04:58:11] ERROR: Unable to establish socket session, Connection timed out
[2026-05-24 04:59:11] ERROR: Unable to establish socket session, Connection timed out
[2026-05-24 05:00:12] ERROR: Unable to establish socket session, Connection timed out
[2026-05-24 05:01:11] ERROR: Unable to establish socket session, Connection timed out
[2026-05-24 05:02:11] ERROR: Unable to establish socket session, Connection timed out
[2026-05-24 05:03:12] ERROR: Unable to establish socket session, Connection timed out
[2026-05-24 05:04:11] ERROR: Unable to establish socket session, Connection timed out
[2026-05-24 05:05:11] ERROR: Unable to establish socket session, Connection timed out
[2026-05-24 05:06:12] ERROR: Unable to establish socket session, Connection timed out
[2026-05-24 05:07:11] ERROR: Unable to establish socket session, Connection timed out
[2026-05-24 05:08:11] ERROR: Unable to establish socket session, Connection timed out
[2026-05-24 05:09:11] ERROR: Unable to establish socket session, Connection timed out
[2026-05-24 05:10:11] ERROR: Unable to establish socket session, Connection timed out
[2026-05-24 05:11:11] ERROR: Unable to establish socket session, Connection timed out
[2026-05-24 05:12:12] ERROR: Unable to establish socket session, Connection timed out
[2026-05-24 05:13:11] ERROR: Unable to establish socket session, Connection timed out
[2026-05-24 05:14:11] ERROR: Unable to establish socket session, Connection timed out
[2026-05-24 05:15:12] ERROR: Unable to establish socket session, Connection timed out
[2026-05-24 05:16:11] ERROR: Unable to establish socket session, Connection timed out
[2026-05-24 05:17:11] ERROR: Unable to establish socket session, Connection timed out
[2026-05-24 05:18:11] ERROR: Unable to establish socket session, Connection timed out
[2026-05-24 05:19:12] ERROR: Unable to establish socket session, Connection timed out
[2026-05-24 05:20:11] ERROR: Unable to establish socket session, Connection timed out
[2026-05-24 05:21:11] ERROR: Unable to establish socket session, Connection timed out
[2026-05-24 05:22:11] ERROR: Unable to establish socket session, Connection timed out
[2026-05-24 05:23:11] ERROR: Unable to establish socket session, Connection timed out
[2026-05-24 05:24:11] ERROR: Unable to establish socket session, Connection timed out
[2026-05-24 05:25:11] ERROR: Unable to establish socket session, Connection timed out
[2026-05-24 05:26:11] ERROR: Unable to establish socket session, Connection timed out
[2026-05-24 05:27:11] ERROR: Unable to establish socket session, Connection timed out
[2026-05-24 05:28:11] ERROR: Unable to establish socket session, Connection timed out
[2026-05-24 05:29:12] ERROR: Unable to establish socket session, Connection timed out
[2026-05-24 05:30:11] ERROR: Unable to establish socket session, Connection timed out
[2026-05-24 05:31:11] ERROR: Unable to establish socket session, Connection timed out
[2026-05-24 05:32:12] ERROR: Unable to establish socket session, Connection timed out
[2026-05-24 05:33:11] ERROR: Unable to establish socket session, Connection timed out
[2026-05-24 05:34:11] ERROR: Unable to establish socket session, Connection timed out
[2026-05-24 05:35:11] ERROR: Unable to establish socket session, Connection timed out
[2026-05-24 05:36:12] ERROR: Unable to establish socket session, Connection timed out
[2026-05-24 05:37:11] ERROR: Unable to establish socket session, Connection timed out
[2026-05-24 05:38:11] ERROR: Unable to establish socket session, Connection timed out
[2026-05-24 05:39:12] ERROR: Unable to establish socket session, Connection timed out
[2026-05-24 05:40:11] ERROR: Unable to establish socket session, Connection timed out
[2026-05-24 05:41:11] ERROR: Unable to establish socket session, Connection timed out
[2026-05-24 05:42:12] ERROR: Unable to establish socket session, Connection timed out
[2026-05-24 05:43:11] ERROR: Unable to establish socket session, Connection timed out
[2026-05-24 05:44:11] ERROR: Unable to establish socket session, Connection timed out
[2026-05-24 05:45:11] ERROR: Unable to establish socket session, Connection timed out
[2026-05-24 05:46:12] ERROR: Unable to establish socket session, Connection timed out
[2026-05-24 05:47:12] ERROR: Unable to establish socket session, Connection timed out
[2026-05-24 05:48:11] ERROR: Unable to establish socket session, Connection timed out
[2026-05-24 05:49:11] ERROR: Unable to establish socket session, Connection timed out
[2026-05-24 05:50:12] ERROR: Unable to establish socket session, Connection timed out
[2026-05-24 05:51:11] ERROR: Unable to establish socket session, Connection timed out
[2026-05-24 05:52:11] ERROR: Unable to establish socket session, Connection timed out
[2026-05-24 05:53:11] ERROR: Unable to establish socket session, Connection timed out
[2026-05-24 05:54:12] ERROR: Unable to establish socket session, Connection timed out
[2026-05-24 05:55:11] ERROR: Unable to establish socket session, Connection timed out
[2026-05-24 05:56:11] ERROR: Unable to establish socket session, Connection timed out
[2026-05-24 05:57:12] ERROR: Unable to establish socket session, Connection timed out
[2026-05-24 05:58:11] ERROR: Unable to establish socket session, Connection timed out
[2026-05-24 05:59:12] ERROR: Unable to establish socket session, Connection timed out
[2026-05-24 06:00:11] ERROR: Unable to establish socket session, Connection timed out
[2026-05-24 06:01:11] ERROR: Unable to establish socket session, Connection timed out
[2026-05-24 06:02:11] ERROR: Unable to establish socket session, Connection timed out
[2026-05-24 06:03:11] ERROR: Unable to establish socket session, Connection timed out
[2026-05-24 06:04:11] ERROR: Unable to establish socket session, Connection timed out
[2026-05-24 06:05:11] ERROR: Unable to establish socket session, Connection timed out
[2026-05-24 06:06:12] ERROR: Unable to establish socket session, Connection timed out
[2026-05-24 06:07:11] ERROR: Unable to establish socket session, Connection timed out
[2026-05-24 06:08:11] ERROR: Unable to establish socket session, Connection timed out
[2026-05-24 06:09:12] ERROR: Unable to establish socket session, Connection timed out
[2026-05-24 06:10:11] ERROR: Unable to establish socket session, Connection timed out
[2026-05-24 06:11:11] ERROR: Unable to establish socket session, Connection timed out
[2026-05-24 06:12:11] ERROR: Unable to establish socket session, Connection timed out
[2026-05-24 06:13:12] ERROR: Unable to establish socket session, Connection timed out
[2026-05-24 06:14:11] ERROR: Unable to establish socket session, Connection timed out
[2026-05-24 06:15:11] ERROR: Unable to establish socket session, Connection timed out
[2026-05-24 06:16:12] ERROR: Unable to establish socket session, Connection timed out
[2026-05-24 06:17:11] ERROR: Unable to establish socket session, Connection timed out
[2026-05-24 06:18:11] ERROR: Unable to establish socket session, Connection timed out
[2026-05-24 06:19:11] ERROR: Unable to establish socket session, Connection timed out
[2026-05-24 06:20:12] ERROR: Unable to establish socket session, Connection timed out
[2026-05-24 06:21:11] ERROR: Unable to establish socket session, Connection timed out
[2026-05-24 06:22:11] ERROR: Unable to establish socket session, Connection timed out
[2026-05-24 06:23:11] ERROR: Unable to establish socket session, Connection timed out
[2026-05-24 06:24:11] ERROR: Unable to establish socket session, Connection timed out
[2026-05-24 06:25:11] ERROR: Unable to establish socket session, Connection timed out
[2026-05-24 06:26:12] ERROR: Unable to establish socket session, Connection timed out
[2026-05-24 06:27:11] ERROR: Unable to establish socket session, Connection timed out
[2026-05-24 06:28:11] ERROR: Unable to establish socket session, Connection timed out
[2026-05-24 06:29:11] ERROR: Unable to establish socket session, Connection timed out
[2026-05-24 06:30:12] ERROR: Unable to establish socket session, Connection timed out
[2026-05-24 06:31:11] ERROR: Unable to establish socket session, Connection timed out
[2026-05-24 06:32:11] ERROR: Unable to establish socket session, Connection timed out
[2026-05-24 06:33:12] ERROR: Unable to establish socket session, Connection timed out
[2026-05-24 06:34:11] ERROR: Unable to establish socket session, Connection timed out
[2026-05-24 06:35:11] ERROR: Unable to establish socket session, Connection timed out
[2026-05-24 06:36:12] ERROR: Unable to establish socket session, Connection timed out
[2026-05-24 06:37:11] ERROR: Unable to establish socket session, Connection timed out
[2026-05-24 06:38:11] ERROR: Unable to establish socket session, Connection timed out
[2026-05-24 06:39:11] ERROR: Unable to establish socket session, Connection timed out
[2026-05-24 06:40:11] ERROR: Unable to establish socket session, Connection timed out
[2026-05-24 06:41:11] ERROR: Unable to establish socket session, Connection timed out
[2026-05-24 06:42:11] ERROR: Unable to establish socket session, Connection timed out
[2026-05-24 06:43:12] ERROR: Unable to establish socket session, Connection timed out
[2026-05-24 06:44:11] ERROR: Unable to establish socket session, Connection timed out
[2026-05-24 06:45:11] ERROR: Unable to establish socket session, Connection timed out
[2026-05-24 06:46:11] ERROR: Unable to establish socket session, Connection timed out
[2026-05-24 06:47:11] ERROR: Unable to establish socket session, Connection timed out
[2026-05-24 06:48:11] ERROR: Unable to establish socket session, Connection timed out
[2026-05-24 06:49:11] ERROR: Unable to establish socket session, Connection timed out
[2026-05-24 06:50:11] ERROR: Unable to establish socket session, Connection timed out
[2026-05-24 06:51:11] ERROR: Unable to establish socket session, Connection timed out
[2026-05-24 06:52:11] ERROR: Unable to establish socket session, Connection timed out
[2026-05-24 06:53:12] ERROR: Unable to establish socket session, Connection timed out
[2026-05-24 06:54:11] ERROR: Unable to establish socket session, Connection timed out
[2026-05-24 06:55:11] ERROR: Unable to establish socket session, Connection timed out
[2026-05-24 06:56:12] ERROR: Unable to establish socket session, Connection timed out
[2026-05-24 06:57:11] ERROR: Unable to establish socket session, Connection timed out
[2026-05-24 06:58:11] ERROR: Unable to establish socket session, Connection timed out
[2026-05-24 06:59:11] ERROR: Unable to establish socket session, Connection timed out
[2026-05-24 07:00:12] ERROR: Unable to establish socket session, Connection timed out
[2026-05-24 07:01:11] ERROR: Unable to establish socket session, Connection timed out
[2026-05-24 07:02:11] ERROR: Unable to establish socket session, Connection timed out
[2026-05-24 07:03:12] ERROR: Unable to establish socket session, Connection timed out
[2026-05-24 07:04:11] ERROR: Unable to establish socket session, Connection timed out
[2026-05-24 07:05:11] ERROR: Unable to establish socket session, Connection timed out
[2026-05-24 07:06:12] ERROR: Unable to establish socket session, Connection timed out
[2026-05-24 07:07:11] ERROR: Unable to establish socket session, Connection timed out
[2026-05-24 07:08:11] ERROR: Unable to establish socket session, Connection timed out
[2026-05-24 07:09:12] ERROR: Unable to establish socket session, Connection timed out
[2026-05-24 07:10:11] ERROR: Unable to establish socket session, Connection timed out
[2026-05-24 07:11:11] ERROR: Unable to establish socket session, Connection timed out
[2026-05-24 07:12:11] ERROR: Unable to establish socket session, Connection timed out
[2026-05-24 07:13:11] ERROR: Unable to establish socket session, Connection timed out
[2026-05-24 07:14:11] ERROR: Unable to establish socket session, Connection timed out
[2026-05-24 07:15:11] ERROR: Unable to establish socket session, Connection timed out
[2026-05-24 07:16:12] ERROR: Unable to establish socket session, Connection timed out
[2026-05-24 07:17:11] ERROR: Unable to establish socket session, Connection timed out
[2026-05-24 07:18:11] ERROR: Unable to establish socket session, Connection timed out
[2026-05-24 07:19:12] ERROR: Unable to establish socket session, Connection timed out
[2026-05-24 07:20:11] ERROR: Unable to establish socket session, Connection timed out
[2026-05-24 07:21:11] ERROR: Unable to establish socket session, Connection timed out
[2026-05-24 07:22:12] ERROR: Unable to establish socket session, Connection timed out
[2026-05-24 07:23:11] ERROR: Unable to establish socket session, Connection timed out
[2026-05-24 07:24:11] ERROR: Unable to establish socket session, Connection timed out
[2026-05-24 07:25:11] ERROR: Unable to establish socket session, Connection timed out
[2026-05-24 07:26:12] ERROR: Unable to establish socket session, Connection timed out
[2026-05-24 07:27:11] ERROR: Unable to establish socket session, Connection timed out
[2026-05-24 07:28:11] ERROR: Unable to establish socket session, Connection timed out
[2026-05-24 07:29:12] ERROR: Unable to establish socket session, Connection timed out
[2026-05-24 07:30:11] ERROR: Unable to establish socket session, Connection timed out
[2026-05-24 07:31:11] ERROR: Unable to establish socket session, Connection timed out
[2026-05-24 07:32:11] ERROR: Unable to establish socket session, Connection timed out
[2026-05-24 07:33:12] ERROR: Unable to establish socket session, Connection timed out
[2026-05-24 07:34:11] ERROR: Unable to establish socket session, Connection timed out
[2026-05-24 07:35:11] ERROR: Unable to establish socket session, Connection timed out
[2026-05-24 07:36:12] ERROR: Unable to establish socket session, Connection timed out
[2026-05-24 07:37:11] ERROR: Unable to establish socket session, Connection timed out
[2026-05-24 07:38:11] ERROR: Unable to establish socket session, Connection timed out
[2026-05-24 07:39:11] ERROR: Unable to establish socket session, Connection timed out
[2026-05-24 07:40:11] ERROR: Unable to establish socket session, Connection timed out
[2026-05-24 07:41:11] ERROR: Unable to establish socket session, Connection timed out
[2026-05-24 07:42:12] ERROR: Unable to establish socket session, Connection timed out
[2026-05-24 07:43:11] ERROR: Unable to establish socket session, Connection timed out
[2026-05-24 07:44:11] ERROR: Unable to establish socket session, Connection timed out
[2026-05-24 07:45:12] ERROR: Unable to establish socket session, Connection timed out
[2026-05-24 07:46:11] ERROR: Unable to establish socket session, Connection timed out
[2026-05-24 07:47:11] ERROR: Unable to establish socket session, Connection timed out
[2026-05-24 07:48:12] ERROR: Unable to establish socket session, Connection timed out
[2026-05-24 07:49:12] ERROR: Unable to establish socket session, Connection timed out
[2026-05-24 07:50:11] ERROR: Unable to establish socket session, Connection timed out
[2026-05-24 07:51:12] ERROR: Unable to establish socket session, Connection timed out
[2026-05-24 07:52:11] ERROR: Unable to establish socket session, Connection timed out
[2026-05-24 07:53:12] ERROR: Unable to establish socket session, Connection timed out
[2026-05-24 07:54:11] ERROR: Unable to establish socket session, Connection timed out
[2026-05-24 07:55:16] ERROR: Unable to establish socket session, Connection timed out
[2026-05-24 07:56:12] ERROR: Unable to establish socket session, Connection timed out
[2026-05-24 07:57:11] ERROR: Unable to establish socket session, Connection timed out
[2026-05-24 07:58:12] ERROR: Unable to establish socket session, Connection timed out
[2026-05-24 07:59:11] ERROR: Unable to establish socket session, Connection timed out
[2026-05-24 08:00:11] ERROR: Unable to establish socket session, Connection timed out
[2026-05-24 08:01:11] ERROR: Unable to establish socket session, Connection timed out
[2026-05-24 08:02:12] ERROR: Unable to establish socket session, Connection timed out
[2026-05-24 08:03:11] ERROR: Unable to establish socket session, Connection timed out
[2026-05-24 08:04:12] ERROR: Unable to establish socket session, Connection timed out
[2026-05-24 08:05:11] ERROR: Unable to establish socket session, Connection timed out
[2026-05-24 08:06:12] ERROR: Unable to establish socket session, Connection timed out
[2026-05-24 08:07:11] ERROR: Unable to establish socket session, Connection timed out
[2026-05-24 08:08:11] ERROR: Unable to establish socket session, Connection timed out
[2026-05-24 08:09:12] ERROR: Unable to establish socket session, Connection timed out
[2026-05-24 08:10:11] ERROR: Unable to establish socket session, Connection timed out
[2026-05-24 08:11:12] ERROR: Unable to establish socket session, Connection timed out
[2026-05-24 08:12:11] ERROR: Unable to establish socket session, Connection timed out
[2026-05-24 08:13:11] ERROR: Unable to establish socket session, Connection timed out
[2026-05-24 08:14:11] ERROR: Unable to establish socket session, Connection timed out
[2026-05-24 08:15:11] ERROR: Unable to establish socket session, Connection timed out
[2026-05-24 08:16:11] ERROR: Unable to establish socket session, Connection timed out
[2026-05-24 08:17:12] ERROR: Unable to establish socket session, Connection timed out
[2026-05-24 08:18:11] ERROR: Unable to establish socket session, Connection timed out
[2026-05-24 08:19:12] ERROR: Unable to establish socket session, Connection timed out
[2026-05-24 08:20:11] ERROR: Unable to establish socket session, Connection timed out
[2026-05-24 08:21:12] ERROR: Unable to establish socket session, Connection timed out
[2026-05-24 08:22:11] ERROR: Unable to establish socket session, Connection timed out
[2026-05-24 08:23:12] ERROR: Unable to establish socket session, Connection timed out
[2026-05-24 08:24:11] ERROR: Unable to establish socket session, Connection timed out
[2026-05-24 08:25:12] ERROR: Unable to establish socket session, Connection timed out
[2026-05-24 08:26:12] ERROR: Unable to establish socket session, Connection timed out
[2026-05-24 08:27:11] ERROR: Unable to establish socket session, Connection timed out
[2026-05-24 08:28:12] ERROR: Unable to establish socket session, Connection timed out
[2026-05-24 08:29:11] ERROR: Unable to establish socket session, Connection timed out
[2026-05-24 08:30:11] ERROR: Unable to establish socket session, Connection timed out
[2026-05-24 08:31:11] ERROR: Unable to establish socket session, Connection timed out
[2026-05-24 08:32:12] ERROR: Unable to establish socket session, Connection timed out
[2026-05-24 08:33:11] ERROR: Unable to establish socket session, Connection timed out
[2026-05-24 08:34:12] ERROR: Unable to establish socket session, Connection timed out
[2026-05-24 08:35:11] ERROR: Unable to establish socket session, Connection timed out
[2026-05-24 08:36:13] ERROR: Unable to establish socket session, Connection timed out
[2026-05-24 08:37:12] ERROR: Unable to establish socket session, Connection timed out
[2026-05-24 08:38:11] ERROR: Unable to establish socket session, Connection timed out
[2026-05-24 08:39:12] ERROR: Unable to establish socket session, Connection timed out
[2026-05-24 08:40:12] ERROR: Unable to establish socket session, Connection timed out
[2026-05-24 08:41:12] ERROR: Unable to establish socket session, Connection timed out
[2026-05-24 08:42:12] ERROR: Unable to establish socket session, Connection timed out
[2026-05-24 08:43:11] ERROR: Unable to establish socket session, Connection timed out
[2026-05-24 08:44:12] ERROR: Unable to establish socket session, Connection timed out
[2026-05-24 08:45:12] ERROR: Unable to establish socket session, Connection timed out
[2026-05-24 08:46:11] ERROR: Unable to establish socket session, Connection timed out
[2026-05-24 08:47:12] ERROR: Unable to establish socket session, Connection timed out
[2026-05-24 08:48:11] ERROR: Unable to establish socket session, Connection timed out
[2026-05-24 08:49:11] ERROR: Unable to establish socket session, Connection timed out
[2026-05-24 08:50:13] ERROR: Unable to establish socket session, Connection timed out
[2026-05-24 08:51:11] ERROR: Unable to establish socket session, Connection timed out
[2026-05-24 08:52:12] ERROR: Unable to establish socket session, Connection timed out
[2026-05-24 08:53:11] ERROR: Unable to establish socket session, Connection timed out
[2026-05-24 08:54:12] ERROR: Unable to establish socket session, Connection timed out
[2026-05-24 08:55:11] ERROR: Unable to establish socket session, Connection timed out
[2026-05-24 08:56:11] ERROR: Unable to establish socket session, Connection timed out
[2026-05-24 08:57:14] ERROR: Unable to establish socket session, Connection timed out
[2026-05-24 08:58:12] ERROR: Unable to establish socket session, Connection timed out
[2026-05-24 08:59:11] ERROR: Unable to establish socket session, Connection timed out
[2026-05-24 09:00:11] ERROR: Unable to establish socket session, Connection timed out
[2026-05-24 09:01:11] ERROR: Unable to establish socket session, Connection timed out
[2026-05-24 09:02:11] ERROR: Unable to establish socket session, Connection timed out
[2026-05-24 09:03:12] ERROR: Unable to establish socket session, Connection timed out
[2026-05-24 09:04:11] ERROR: Unable to establish socket session, Connection timed out
[2026-05-24 09:05:12] ERROR: Unable to establish socket session, Connection timed out
[2026-05-24 09:06:11] ERROR: Unable to establish socket session, Connection timed out
[2026-05-24 09:07:11] ERROR: Unable to establish socket session, Connection timed out
[2026-05-24 09:08:12] ERROR: Unable to establish socket session, Connection timed out
[2026-05-24 09:09:11] ERROR: Unable to establish socket session, Connection timed out
[2026-05-24 09:10:11] ERROR: Unable to establish socket session, Connection timed out
[2026-05-24 09:11:11] ERROR: Unable to establish socket session, Connection timed out
[2026-05-24 09:12:11] ERROR: Unable to establish socket session, Connection timed out
[2026-05-24 09:13:12] ERROR: Unable to establish socket session, Connection timed out
[2026-05-24 09:14:11] ERROR: Unable to establish socket session, Connection timed out
[2026-05-24 09:15:12] ERROR: Unable to establish socket session, Connection timed out
[2026-05-24 09:16:11] ERROR: Unable to establish socket session, Connection timed out
[2026-05-24 09:17:11] ERROR: Unable to establish socket session, Connection timed out
[2026-05-24 09:18:12] ERROR: Unable to establish socket session, Connection timed out
[2026-05-24 09:19:11] ERROR: Unable to establish socket session, Connection timed out
[2026-05-24 09:20:11] ERROR: Unable to establish socket session, Connection timed out
[2026-05-24 09:21:11] ERROR: Unable to establish socket session, Connection timed out
[2026-05-24 09:22:12] ERROR: Unable to establish socket session, Connection timed out
[2026-05-24 09:23:11] ERROR: Unable to establish socket session, Connection timed out
[2026-05-24 09:24:11] ERROR: Unable to establish socket session, Connection timed out
[2026-05-24 09:25:12] ERROR: Unable to establish socket session, Connection timed out
[2026-05-24 09:26:11] ERROR: Unable to establish socket session, Connection timed out
[2026-05-24 09:27:12] ERROR: Unable to establish socket session, Connection timed out
[2026-05-24 09:28:11] ERROR: Unable to establish socket session, Connection timed out
[2026-05-24 09:29:12] ERROR: Unable to establish socket session, Connection timed out
[2026-05-24 09:30:11] ERROR: Unable to establish socket session, Connection timed out
[2026-05-24 09:31:11] ERROR: Unable to establish socket session, Connection timed out
[2026-05-24 09:32:13] ERROR: Unable to establish socket session, Connection timed out
[2026-05-24 09:33:11] ERROR: Unable to establish socket session, Connection timed out
[2026-05-24 09:34:12] ERROR: Unable to establish socket session, Connection timed out
[2026-05-24 09:35:11] ERROR: Unable to establish socket session, Connection timed out
[2026-05-24 09:36:11] ERROR: Unable to establish socket session, Connection timed out
[2026-05-24 09:37:11] ERROR: Unable to establish socket session, Connection timed out
[2026-05-24 09:38:11] ERROR: Unable to establish socket session, Connection timed out
[2026-05-24 09:39:11] ERROR: Unable to establish socket session, Connection timed out
[2026-05-24 09:40:12] ERROR: Unable to establish socket session, Connection timed out
[2026-05-24 09:41:11] ERROR: Unable to establish socket session, Connection timed out
[2026-05-24 09:42:12] ERROR: Unable to establish socket session, Connection timed out
[2026-05-24 09:43:11] ERROR: Unable to establish socket session, Connection timed out
[2026-05-24 09:44:12] ERROR: Unable to establish socket session, Connection timed out
[2026-05-24 09:45:11] ERROR: Unable to establish socket session, Connection timed out
[2026-05-24 09:46:11] ERROR: Unable to establish socket session, Connection timed out
[2026-05-24 09:47:12] ERROR: Unable to establish socket session, Connection timed out
[2026-05-24 09:48:11] ERROR: Unable to establish socket session, Connection timed out
[2026-05-24 09:49:11] ERROR: Unable to establish socket session, Connection timed out
[2026-05-24 09:50:12] ERROR: Unable to establish socket session, Connection timed out
[2026-05-24 09:51:11] ERROR: Unable to establish socket session, Connection timed out
[2026-05-24 09:52:12] ERROR: Unable to establish socket session, Connection timed out
[2026-05-24 09:53:11] ERROR: Unable to establish socket session, Connection timed out
[2026-05-24 09:54:11] ERROR: Unable to establish socket session, Connection timed out
[2026-05-24 09:55:12] ERROR: Unable to establish socket session, Connection timed out
[2026-05-24 09:56:12] ERROR: Unable to establish socket session, Connection timed out
[2026-05-24 09:57:11] ERROR: Unable to establish socket session, Connection timed out
[2026-05-24 09:58:12] ERROR: Unable to establish socket session, Connection timed out
[2026-05-24 09:59:11] ERROR: Unable to establish socket session, Connection timed out
[2026-05-24 10:00:12] ERROR: Unable to establish socket session, Connection timed out
[2026-05-24 10:01:11] ERROR: Unable to establish socket session, Connection timed out
[2026-05-24 10:02:12] ERROR: Unable to establish socket session, Connection timed out
[2026-05-24 10:03:11] ERROR: Unable to establish socket session, Connection timed out
[2026-05-24 10:04:12] ERROR: Unable to establish socket session, Connection timed out
[2026-05-24 10:05:11] ERROR: Unable to establish socket session, Connection timed out
[2026-05-24 10:06:11] ERROR: Unable to establish socket session, Connection timed out
[2026-05-24 10:07:12] ERROR: Unable to establish socket session, Connection timed out
[2026-05-24 10:08:11] ERROR: Unable to establish socket session, Connection timed out
[2026-05-24 10:09:11] ERROR: Unable to establish socket session, Connection timed out
[2026-05-24 10:10:11] ERROR: Unable to establish socket session, Connection timed out
[2026-05-24 10:11:12] ERROR: Unable to establish socket session, Connection timed out
[2026-05-24 10:12:11] ERROR: Unable to establish socket session, Connection timed out
[2026-05-24 10:13:11] ERROR: Unable to establish socket session, Connection timed out
[2026-05-24 10:14:12] ERROR: Unable to establish socket session, Connection timed out
[2026-05-24 10:15:11] ERROR: Unable to establish socket session, Connection timed out
[2026-05-24 10:16:12] ERROR: Unable to establish socket session, Connection timed out
[2026-05-24 10:17:11] ERROR: Unable to establish socket session, Connection timed out
[2026-05-24 10:18:11] ERROR: Unable to establish socket session, Connection timed out
[2026-05-24 10:19:12] ERROR: Unable to establish socket session, Connection timed out
[2026-05-24 10:20:11] ERROR: Unable to establish socket session, Connection timed out
[2026-05-24 10:21:12] ERROR: Unable to establish socket session, Connection timed out
[2026-05-24 10:22:11] ERROR: Unable to establish socket session, Connection timed out
[2026-05-24 10:23:12] ERROR: Unable to establish socket session, Connection timed out
[2026-05-24 10:24:11] ERROR: Unable to establish socket session, Connection timed out
[2026-05-24 10:25:12] ERROR: Unable to establish socket session, Connection timed out
[2026-05-24 10:26:11] ERROR: Unable to establish socket session, Connection timed out
[2026-05-24 10:27:11] ERROR: Unable to establish socket session, Connection timed out
[2026-05-24 10:28:11] ERROR: Unable to establish socket session, Connection timed out
[2026-05-24 10:29:11] ERROR: Unable to establish socket session, Connection timed out
[2026-05-24 10:30:12] ERROR: Unable to establish socket session, Connection timed out
[2026-05-24 10:31:11] ERROR: Unable to establish socket session, Connection timed out
[2026-05-24 10:32:12] ERROR: Unable to establish socket session, Connection timed out
[2026-05-24 10:33:12] ERROR: Unable to establish socket session, Connection timed out
[2026-05-24 10:34:11] ERROR: Unable to establish socket session, Connection timed out
[2026-05-24 10:35:11] ERROR: Unable to establish socket session, Connection timed out
[2026-05-24 10:36:11] ERROR: Unable to establish socket session, Connection timed out
[2026-05-24 10:37:11] ERROR: Unable to establish socket session, Connection timed out
[2026-05-24 10:38:12] ERROR: Unable to establish socket session, Connection timed out
[2026-05-24 10:39:11] ERROR: Unable to establish socket session, Connection timed out
[2026-05-24 10:40:12] ERROR: Unable to establish socket session, Connection timed out
[2026-05-24 10:41:11] ERROR: Unable to establish socket session, Connection timed out
[2026-05-24 10:42:12] ERROR: Unable to establish socket session, Connection timed out
[2026-05-24 10:43:11] ERROR: Unable to establish socket session, Connection timed out
[2026-05-24 10:44:12] ERROR: Unable to establish socket session, Connection timed out
[2026-05-24 10:45:12] ERROR: Unable to establish socket session, Connection timed out
[2026-05-24 10:46:11] ERROR: Unable to establish socket session, Connection timed out
[2026-05-24 10:47:12] ERROR: Unable to establish socket session, Connection timed out
[2026-05-24 10:48:11] ERROR: Unable to establish socket session, Connection timed out
[2026-05-24 10:49:12] ERROR: Unable to establish socket session, Connection timed out
[2026-05-24 10:50:11] ERROR: Unable to establish socket session, Connection timed out
[2026-05-24 10:51:12] ERROR: Unable to establish socket session, Connection timed out
[2026-05-24 10:52:11] ERROR: Unable to establish socket session, Connection timed out
[2026-05-24 10:53:12] ERROR: Unable to establish socket session, Connection timed out
[2026-05-24 10:54:12] ERROR: Unable to establish socket session, Connection timed out
[2026-05-24 10:55:11] ERROR: Unable to establish socket session, Connection timed out
[2026-05-24 10:56:12] ERROR: Unable to establish socket session, Connection timed out
[2026-05-24 10:57:11] ERROR: Unable to establish socket session, Connection timed out
[2026-05-24 10:58:12] ERROR: Unable to establish socket session, Connection timed out
[2026-05-24 10:59:11] ERROR: Unable to establish socket session, Connection timed out
[2026-05-24 11:00:11] ERROR: Unable to establish socket session, Connection timed out
[2026-05-24 11:01:12] ERROR: Unable to establish socket session, Connection timed out
[2026-05-24 11:02:11] ERROR: Unable to establish socket session, Connection timed out
[2026-05-24 11:03:11] ERROR: Unable to establish socket session, Connection timed out
[2026-05-24 11:04:12] ERROR: Unable to establish socket session, Connection timed out
[2026-05-24 11:05:11] ERROR: Unable to establish socket session, Connection timed out
[2026-05-24 11:06:12] ERROR: Unable to establish socket session, Connection timed out
[2026-05-24 11:07:11] ERROR: Unable to establish socket session, Connection timed out
[2026-05-24 11:08:11] ERROR: Unable to establish socket session, Connection timed out
[2026-05-24 11:09:12] ERROR: Unable to establish socket session, Connection timed out
[2026-05-24 11:10:11] ERROR: Unable to establish socket session, Connection timed out
[2026-05-24 11:11:12] ERROR: Unable to establish socket session, Connection timed out
[2026-05-24 11:12:11] ERROR: Unable to establish socket session, Connection timed out
[2026-05-24 11:13:11] ERROR: Unable to establish socket session, Connection timed out
[2026-05-24 11:14:12] ERROR: Unable to establish socket session, Connection timed out
[2026-05-24 11:15:11] ERROR: Unable to establish socket session, Connection timed out
[2026-05-24 11:16:12] ERROR: Unable to establish socket session, Connection timed out
[2026-05-24 11:17:11] ERROR: Unable to establish socket session, Connection timed out
[2026-05-24 11:18:11] ERROR: Unable to establish socket session, Connection timed out
[2026-05-24 11:19:11] ERROR: Unable to establish socket session, Connection timed out
[2026-05-24 11:20:12] ERROR: Unable to establish socket session, Connection timed out
[2026-05-24 11:21:11] ERROR: Unable to establish socket session, Connection timed out
[2026-05-24 11:22:11] ERROR: Unable to establish socket session, Connection timed out
[2026-05-24 11:23:12] ERROR: Unable to establish socket session, Connection timed out
[2026-05-24 11:24:11] ERROR: Unable to establish socket session, Connection timed out
[2026-05-24 11:25:12] ERROR: Unable to establish socket session, Connection timed out
[2026-05-24 11:26:11] ERROR: Unable to establish socket session, Connection timed out
[2026-05-24 11:27:11] ERROR: Unable to establish socket session, Connection timed out
[2026-05-24 11:28:12] ERROR: Unable to establish socket session, Connection timed out
[2026-05-24 11:29:11] ERROR: Unable to establish socket session, Connection timed out
[2026-05-24 11:30:12] ERROR: Unable to establish socket session, Connection timed out
[2026-05-24 11:31:11] ERROR: Unable to establish socket session, Connection timed out
[2026-05-24 11:32:11] ERROR: Unable to establish socket session, Connection timed out
[2026-05-24 11:33:11] ERROR: Unable to establish socket session, Connection timed out
[2026-05-24 11:34:11] ERROR: Unable to establish socket session, Connection timed out
[2026-05-24 11:35:12] ERROR: Unable to establish socket session, Connection timed out
[2026-05-24 11:36:11] ERROR: Unable to establish socket session, Connection timed out
[2026-05-24 11:37:11] ERROR: Unable to establish socket session, Connection timed out
[2026-05-24 11:38:12] ERROR: Unable to establish socket session, Connection timed out
[2026-05-24 11:39:11] ERROR: Unable to establish socket session, Connection timed out
[2026-05-24 11:40:12] ERROR: Unable to establish socket session, Connection timed out
[2026-05-24 11:41:11] ERROR: Unable to establish socket session, Connection timed out
[2026-05-24 11:42:12] ERROR: Unable to establish socket session, Connection timed out
[2026-05-24 11:43:11] ERROR: Unable to establish socket session, Connection timed out
[2026-05-24 11:44:12] ERROR: Unable to establish socket session, Connection timed out
[2026-05-24 11:45:11] ERROR: Unable to establish socket session, Connection timed out
[2026-05-24 11:46:11] ERROR: Unable to establish socket session, Connection timed out
[2026-05-24 11:47:12] ERROR: Unable to establish socket session, Connection timed out
[2026-05-24 11:48:11] ERROR: Unable to establish socket session, Connection timed out
[2026-05-24 11:49:11] ERROR: Unable to establish socket session, Connection timed out
[2026-05-24 11:50:12] ERROR: Unable to establish socket session, Connection timed out
[2026-05-24 11:51:11] ERROR: Unable to establish socket session, Connection timed out
[2026-05-24 11:52:12] ERROR: Unable to establish socket session, Connection timed out
[2026-05-24 11:53:11] ERROR: Unable to establish socket session, Connection timed out
[2026-05-24 11:54:12] ERROR: Unable to establish socket session, Connection timed out
[2026-05-24 11:55:11] ERROR: Unable to establish socket session, Connection timed out
[2026-05-24 11:56:11] ERROR: Unable to establish socket session, Connection timed out
[2026-05-24 11:57:11] ERROR: Unable to establish socket session, Connection timed out
[2026-05-24 11:58:11] ERROR: Unable to establish socket session, Connection timed out
[2026-05-24 11:59:11] ERROR: Unable to establish socket session, Connection timed out
[2026-05-24 12:00:12] ERROR: Unable to establish socket session, Connection timed out
[2026-05-24 12:01:11] ERROR: Unable to establish socket session, Connection timed out
[2026-05-24 12:02:12] ERROR: Unable to establish socket session, Connection timed out
[2026-05-24 12:03:11] ERROR: Unable to establish socket session, Connection timed out
[2026-05-24 12:04:12] ERROR: Unable to establish socket session, Connection timed out
[2026-05-24 12:05:12] ERROR: Unable to establish socket session, Connection timed out
[2026-05-24 12:06:12] ERROR: Unable to establish socket session, Connection timed out
[2026-05-24 12:07:11] ERROR: Unable to establish socket session, Connection timed out
[2026-05-24 12:08:11] ERROR: Unable to establish socket session, Connection timed out
[2026-05-24 12:09:11] ERROR: Unable to establish socket session, Connection timed out
[2026-05-24 12:10:12] ERROR: Unable to establish socket session, Connection timed out
[2026-05-24 12:11:11] ERROR: Unable to establish socket session, Connection timed out
[2026-05-24 12:12:11] ERROR: Unable to establish socket session, Connection timed out
[2026-05-24 12:13:12] ERROR: Unable to establish socket session, Connection timed out
[2026-05-24 12:14:11] ERROR: Unable to establish socket session, Connection timed out
[2026-05-24 12:15:12] ERROR: Unable to establish socket session, Connection timed out
[2026-05-24 12:16:11] ERROR: Unable to establish socket session, Connection timed out
[2026-05-24 12:17:12] ERROR: Unable to establish socket session, Connection timed out
[2026-05-24 12:18:11] ERROR: Unable to establish socket session, Connection timed out
[2026-05-24 12:19:12] ERROR: Unable to establish socket session, Connection timed out
[2026-05-24 12:20:12] ERROR: Unable to establish socket session, Connection timed out
[2026-05-24 12:21:11] ERROR: Unable to establish socket session, Connection timed out
[2026-05-24 12:22:11] ERROR: Unable to establish socket session, Connection timed out
[2026-05-24 12:23:11] ERROR: Unable to establish socket session, Connection timed out
[2026-05-24 12:24:11] ERROR: Unable to establish socket session, Connection timed out
[2026-05-24 12:25:12] ERROR: Unable to establish socket session, Connection timed out
[2026-05-24 12:26:11] ERROR: Unable to establish socket session, Connection timed out
[2026-05-24 12:27:11] ERROR: Unable to establish socket session, Connection timed out
[2026-05-24 12:28:11] ERROR: Unable to establish socket session, Connection timed out
[2026-05-24 12:29:12] ERROR: Unable to establish socket session, Connection timed out
[2026-05-24 12:30:11] ERROR: Unable to establish socket session, Connection timed out
[2026-05-24 12:31:12] ERROR: Unable to establish socket session, Connection timed out
[2026-05-24 12:32:11] ERROR: Unable to establish socket session, Connection timed out
[2026-05-24 12:33:12] ERROR: Unable to establish socket session, Connection timed out
[2026-05-24 12:34:11] ERROR: Unable to establish socket session, Connection timed out
[2026-05-24 12:35:11] ERROR: Unable to establish socket session, Connection timed out
[2026-05-24 12:36:12] ERROR: Unable to establish socket session, Connection timed out
[2026-05-24 12:37:12] ERROR: Unable to establish socket session, Connection timed out
[2026-05-24 12:38:11] ERROR: Unable to establish socket session, Connection timed out
[2026-05-24 12:39:12] ERROR: Unable to establish socket session, Connection timed out
[2026-05-24 12:40:11] ERROR: Unable to establish socket session, Connection timed out
[2026-05-24 12:41:12] ERROR: Unable to establish socket session, Connection timed out
[2026-05-24 12:42:11] ERROR: Unable to establish socket session, Connection timed out
[2026-05-24 12:43:12] ERROR: Unable to establish socket session, Connection timed out
[2026-05-24 12:44:11] ERROR: Unable to establish socket session, Connection timed out
[2026-05-24 12:45:12] ERROR: Unable to establish socket session, Connection timed out
[2026-05-24 12:46:11] ERROR: Unable to establish socket session, Connection timed out
[2026-05-24 12:47:11] ERROR: Unable to establish socket session, Connection timed out
[2026-05-24 12:48:11] ERROR: Unable to establish socket session, Connection timed out
[2026-05-24 12:49:11] ERROR: Unable to establish socket session, Connection timed out
[2026-05-24 12:50:12] ERROR: Unable to establish socket session, Connection timed out
[2026-05-24 12:51:11] ERROR: Unable to establish socket session, Connection timed out
[2026-05-24 12:52:11] ERROR: Unable to establish socket session, Connection timed out
[2026-05-24 12:53:11] ERROR: Unable to establish socket session, Connection timed out
[2026-05-24 12:54:12] ERROR: Unable to establish socket session, Connection timed out
[2026-05-24 12:55:11] ERROR: Unable to establish socket session, Connection timed out
[2026-05-24 12:56:12] ERROR: Unable to establish socket session, Connection timed out
[2026-05-24 12:57:11] ERROR: Unable to establish socket session, Connection timed out
[2026-05-24 12:58:12] ERROR: Unable to establish socket session, Connection timed out
[2026-05-24 12:59:11] ERROR: Unable to establish socket session, Connection timed out
[2026-05-24 13:00:11] ERROR: Unable to establish socket session, Connection timed out
[2026-05-24 13:01:11] ERROR: Unable to establish socket session, Connection timed out
[2026-05-24 13:02:11] ERROR: Unable to establish socket session, Connection timed out
[2026-05-24 13:03:11] ERROR: Unable to establish socket session, Connection timed out
[2026-05-24 13:04:11] ERROR: Unable to establish socket session, Connection timed out
[2026-05-24 13:05:11] ERROR: Unable to establish socket session, Connection timed out
[2026-05-24 13:06:12] ERROR: Unable to establish socket session, Connection timed out
[2026-05-24 13:07:11] ERROR: Unable to establish socket session, Connection timed out
[2026-05-24 13:08:12] ERROR: Unable to establish socket session, Connection timed out
[2026-05-24 13:09:11] ERROR: Unable to establish socket session, Connection timed out
[2026-05-24 13:10:12] ERROR: Unable to establish socket session, Connection timed out
[2026-05-24 13:11:12] ERROR: Unable to establish socket session, Connection timed out
[2026-05-24 13:12:11] ERROR: Unable to establish socket session, Connection timed out
[2026-05-24 13:13:11] ERROR: Unable to establish socket session, Connection timed out
[2026-05-24 13:14:12] ERROR: Unable to establish socket session, Connection timed out
[2026-05-24 13:15:11] ERROR: Unable to establish socket session, Connection timed out
[2026-05-24 13:16:11] ERROR: Unable to establish socket session, Connection timed out
[2026-05-24 13:17:12] ERROR: Unable to establish socket session, Connection timed out
[2026-05-24 13:18:11] ERROR: Unable to establish socket session, Connection timed out
[2026-05-24 13:19:12] ERROR: Unable to establish socket session, Connection timed out
[2026-05-24 13:20:11] ERROR: Unable to establish socket session, Connection timed out
[2026-05-24 13:21:12] ERROR: Unable to establish socket session, Connection timed out
[2026-05-24 13:22:11] ERROR: Unable to establish socket session, Connection timed out
[2026-05-24 13:23:12] ERROR: Unable to establish socket session, Connection timed out
[2026-05-24 13:24:11] ERROR: Unable to establish socket session, Connection timed out
[2026-05-24 13:25:12] ERROR: Unable to establish socket session, Connection timed out
[2026-05-24 13:26:11] ERROR: Unable to establish socket session, Connection timed out
[2026-05-24 13:27:12] ERROR: Unable to establish socket session, Connection timed out
[2026-05-24 13:28:11] ERROR: Unable to establish socket session, Connection timed out
[2026-05-24 13:29:11] ERROR: Unable to establish socket session, Connection timed out
[2026-05-24 13:30:12] ERROR: Unable to establish socket session, Connection timed out
[2026-05-24 13:31:11] ERROR: Unable to establish socket session, Connection timed out
[2026-05-24 13:32:12] ERROR: Unable to establish socket session, Connection timed out
[2026-05-24 13:33:11] ERROR: Unable to establish socket session, Connection timed out
[2026-05-24 13:34:11] ERROR: Unable to establish socket session, Connection timed out
[2026-05-24 13:35:12] ERROR: Unable to establish socket session, Connection timed out
[2026-05-24 13:36:11] ERROR: Unable to establish socket session, Connection timed out
[2026-05-24 13:37:12] ERROR: Unable to establish socket session, Connection timed out
[2026-05-24 13:38:11] ERROR: Unable to establish socket session, Connection timed out
[2026-05-24 13:39:11] ERROR: Unable to establish socket session, Connection timed out
[2026-05-24 13:40:12] ERROR: Unable to establish socket session, Connection timed out
[2026-05-24 13:41:11] ERROR: Unable to establish socket session, Connection timed out
[2026-05-24 13:42:11] ERROR: Unable to establish socket session, Connection timed out
[2026-05-24 13:43:12] ERROR: Unable to establish socket session, Connection timed out
[2026-05-24 13:44:11] ERROR: Unable to establish socket session, Connection timed out
[2026-05-24 13:45:12] ERROR: Unable to establish socket session, Connection timed out
[2026-05-24 13:46:11] ERROR: Unable to establish socket session, Connection timed out
[2026-05-24 13:47:11] ERROR: Unable to establish socket session, Connection timed out
[2026-05-24 13:48:12] ERROR: Unable to establish socket session, Connection timed out
[2026-05-24 13:49:11] ERROR: Unable to establish socket session, Connection timed out
[2026-05-24 13:50:12] ERROR: Unable to establish socket session, Connection timed out
[2026-05-24 13:51:11] ERROR: Unable to establish socket session, Connection timed out
[2026-05-24 13:52:11] ERROR: Unable to establish socket session, Connection timed out
[2026-05-24 13:53:12] ERROR: Unable to establish socket session, Connection timed out
[2026-05-24 13:54:11] ERROR: Unable to establish socket session, Connection timed out
[2026-05-24 13:55:12] ERROR: Unable to establish socket session, Connection timed out
[2026-05-24 13:56:11] ERROR: Unable to establish socket session, Connection timed out
[2026-05-24 13:57:11] ERROR: Unable to establish socket session, Connection timed out
[2026-05-24 13:58:11] ERROR: Unable to establish socket session, Connection timed out
[2026-05-24 13:59:11] ERROR: Unable to establish socket session, Connection timed out
[2026-05-24 14:00:11] ERROR: Unable to establish socket session, Connection timed out
[2026-05-24 14:01:11] ERROR: Unable to establish socket session, Connection timed out
[2026-05-24 14:02:12] ERROR: Unable to establish socket session, Connection timed out
[2026-05-24 14:03:11] ERROR: Unable to establish socket session, Connection timed out
[2026-05-24 14:04:11] ERROR: Unable to establish socket session, Connection timed out
[2026-05-24 14:05:12] ERROR: Unable to establish socket session, Connection timed out
[2026-05-24 14:06:11] ERROR: Unable to establish socket session, Connection timed out
[2026-05-24 14:07:11] ERROR: Unable to establish socket session, Connection timed out
[2026-05-24 14:08:12] ERROR: Unable to establish socket session, Connection timed out
[2026-05-24 14:09:12] ERROR: Unable to establish socket session, Connection timed out
[2026-05-24 14:10:11] ERROR: Unable to establish socket session, Connection timed out
[2026-05-24 14:11:11] ERROR: Unable to establish socket session, Connection timed out
[2026-05-24 14:12:13] ERROR: Unable to establish socket session, Connection timed out
[2026-05-24 14:13:11] ERROR: Unable to establish socket session, Connection timed out
[2026-05-24 14:14:12] ERROR: Unable to establish socket session, Connection timed out
[2026-05-24 14:15:11] ERROR: Unable to establish socket session, Connection timed out
[2026-05-24 14:16:12] ERROR: Unable to establish socket session, Connection timed out
[2026-05-24 14:17:11] ERROR: Unable to establish socket session, Connection timed out
[2026-05-24 14:18:11] ERROR: Unable to establish socket session, Connection timed out
[2026-05-24 14:19:12] ERROR: Unable to establish socket session, Connection timed out
[2026-05-24 14:20:11] ERROR: Unable to establish socket session, Connection timed out
[2026-05-24 14:21:11] ERROR: Unable to establish socket session, Connection timed out
[2026-05-24 14:22:12] ERROR: Unable to establish socket session, Connection timed out
[2026-05-24 14:23:11] ERROR: Unable to establish socket session, Connection timed out
[2026-05-24 14:24:12] ERROR: Unable to establish socket session, Connection timed out
[2026-05-24 14:25:11] ERROR: Unable to establish socket session, Connection timed out
[2026-05-24 14:26:11] ERROR: Unable to establish socket session, Connection timed out
[2026-05-24 14:27:11] ERROR: Unable to establish socket session, Connection timed out
[2026-05-24 14:28:12] ERROR: Unable to establish socket session, Connection timed out
[2026-05-24 14:29:11] ERROR: Unable to establish socket session, Connection timed out
[2026-05-24 14:30:13] ERROR: Unable to establish socket session, Connection timed out
[2026-05-24 14:31:11] ERROR: Unable to establish socket session, Connection timed out
[2026-05-24 14:32:11] ERROR: Unable to establish socket session, Connection timed out
[2026-05-24 14:33:12] ERROR: Unable to establish socket session, Connection timed out
[2026-05-24 14:34:11] ERROR: Unable to establish socket session, Connection timed out
[2026-05-24 14:35:11] ERROR: Unable to establish socket session, Connection timed out
[2026-05-24 14:36:12] ERROR: Unable to establish socket session, Connection timed out
[2026-05-24 14:37:11] ERROR: Unable to establish socket session, Connection timed out
[2026-05-24 14:38:11] ERROR: Unable to establish socket session, Connection timed out
[2026-05-24 14:39:12] ERROR: Unable to establish socket session, Connection timed out
[2026-05-24 14:40:11] ERROR: Unable to establish socket session, Connection timed out
[2026-05-24 14:41:12] ERROR: Unable to establish socket session, Connection timed out
[2026-05-24 14:42:11] ERROR: Unable to establish socket session, Connection timed out
[2026-05-24 14:43:11] ERROR: Unable to establish socket session, Connection timed out
[2026-05-24 14:44:12] ERROR: Unable to establish socket session, Connection timed out
[2026-05-24 14:45:11] ERROR: Unable to establish socket session, Connection timed out
[2026-05-24 14:46:12] ERROR: Unable to establish socket session, Connection timed out
[2026-05-24 14:47:11] ERROR: Unable to establish socket session, Connection timed out
[2026-05-24 14:48:12] ERROR: Unable to establish socket session, Connection timed out
[2026-05-24 14:49:11] ERROR: Unable to establish socket session, Connection timed out
[2026-05-24 14:50:12] ERROR: Unable to establish socket session, Connection timed out
[2026-05-24 14:51:11] ERROR: Unable to establish socket session, Connection timed out
[2026-05-24 14:52:11] ERROR: Unable to establish socket session, Connection timed out
[2026-05-24 14:53:12] ERROR: Unable to establish socket session, Connection timed out
[2026-05-24 14:54:11] ERROR: Unable to establish socket session, Connection timed out
[2026-05-24 14:55:12] ERROR: Unable to establish socket session, Connection timed out
[2026-05-24 14:56:11] ERROR: Unable to establish socket session, Connection timed out
[2026-05-24 14:57:12] ERROR: Unable to establish socket session, Connection timed out
[2026-05-24 14:58:11] ERROR: Unable to establish socket session, Connection timed out
[2026-05-24 14:59:12] ERROR: Unable to establish socket session, Connection timed out
[2026-05-24 15:00:12] ERROR: Unable to establish socket session, Connection timed out
[2026-05-24 15:01:11] ERROR: Unable to establish socket session, Connection timed out
[2026-05-24 15:02:11] ERROR: Unable to establish socket session, Connection timed out
[2026-05-24 15:03:12] ERROR: Unable to establish socket session, Connection timed out
[2026-05-24 15:04:11] ERROR: Unable to establish socket session, Connection timed out
[2026-05-24 15:05:11] ERROR: Unable to establish socket session, Connection timed out
[2026-05-24 15:06:12] ERROR: Unable to establish socket session, Connection timed out
[2026-05-24 15:07:11] ERROR: Unable to establish socket session, Connection timed out
[2026-05-24 15:08:12] ERROR: Unable to establish socket session, Connection timed out
[2026-05-24 15:09:11] ERROR: Unable to establish socket session, Connection timed out
[2026-05-24 15:10:11] ERROR: Unable to establish socket session, Connection timed out
[2026-05-24 15:11:11] ERROR: Unable to establish socket session, Connection timed out
[2026-05-24 15:12:11] ERROR: Unable to establish socket session, Connection timed out
[2026-05-24 15:13:12] ERROR: Unable to establish socket session, Connection timed out
[2026-05-24 15:14:11] ERROR: Unable to establish socket session, Connection timed out
[2026-05-24 15:15:11] ERROR: Unable to establish socket session, Connection timed out
[2026-05-24 15:16:12] ERROR: Unable to establish socket session, Connection timed out
[2026-05-24 15:17:11] ERROR: Unable to establish socket session, Connection timed out
[2026-05-24 15:18:11] ERROR: Unable to establish socket session, Connection timed out
[2026-05-24 15:19:12] ERROR: Unable to establish socket session, Connection timed out
[2026-05-24 15:20:11] ERROR: Unable to establish socket session, Connection timed out
[2026-05-24 15:21:11] ERROR: Unable to establish socket session, Connection timed out
[2026-05-24 15:22:12] ERROR: Unable to establish socket session, Connection timed out
[2026-05-24 15:23:11] ERROR: Unable to establish socket session, Connection timed out
[2026-05-24 15:24:11] ERROR: Unable to establish socket session, Connection timed out
[2026-05-24 15:25:12] ERROR: Unable to establish socket session, Connection timed out
[2026-05-24 15:26:11] ERROR: Unable to establish socket session, Connection timed out
[2026-05-24 15:27:12] ERROR: Unable to establish socket session, Connection timed out
[2026-05-24 15:28:12] ERROR: Unable to establish socket session, Connection timed out
[2026-05-24 15:29:11] ERROR: Unable to establish socket session, Connection timed out
[2026-05-24 15:30:11] ERROR: Unable to establish socket session, Connection timed out
[2026-05-24 15:31:12] ERROR: Unable to establish socket session, Connection timed out
[2026-05-24 15:32:11] ERROR: Unable to establish socket session, Connection timed out
[2026-05-24 15:33:12] ERROR: Unable to establish socket session, Connection timed out
[2026-05-24 15:34:11] ERROR: Unable to establish socket session, Connection timed out
[2026-05-24 15:35:11] ERROR: Unable to establish socket session, Connection timed out
[2026-05-24 15:36:11] ERROR: Unable to establish socket session, Connection timed out
[2026-05-24 15:37:11] ERROR: Unable to establish socket session, Connection timed out
[2026-05-24 15:38:12] ERROR: Unable to establish socket session, Connection timed out
[2026-05-24 15:39:11] ERROR: Unable to establish socket session, Connection timed out
[2026-05-24 15:40:12] ERROR: Unable to establish socket session, Connection timed out
[2026-05-24 15:41:11] ERROR: Unable to establish socket session, Connection timed out
[2026-05-24 15:42:12] ERROR: Unable to establish socket session, Connection timed out
[2026-05-24 15:43:11] ERROR: Unable to establish socket session, Connection timed out
[2026-05-24 15:44:12] ERROR: Unable to establish socket session, Connection timed out
[2026-05-24 15:45:11] ERROR: Unable to establish socket session, Connection timed out
[2026-05-24 15:46:12] ERROR: Unable to establish socket session, Connection timed out
[2026-05-24 15:47:11] ERROR: Unable to establish socket session, Connection timed out
[2026-05-24 15:48:12] ERROR: Unable to establish socket session, Connection timed out
[2026-05-24 15:49:11] ERROR: Unable to establish socket session, Connection timed out
[2026-05-24 15:50:12] ERROR: Unable to establish socket session, Connection timed out
[2026-05-24 15:51:11] ERROR: Unable to establish socket session, Connection timed out
[2026-05-24 15:52:11] ERROR: Unable to establish socket session, Connection timed out
[2026-05-24 15:53:11] ERROR: Unable to establish socket session, Connection timed out
[2026-05-24 15:54:11] ERROR: Unable to establish socket session, Connection timed out
[2026-05-24 15:55:12] ERROR: Unable to establish socket session, Connection timed out
[2026-05-24 15:56:11] ERROR: Unable to establish socket session, Connection timed out
