[2026-05-19 22:31:02] Disabled hotspot user: MH-D17EAED7
[2026-05-20 11:18:03] Expiry engine failed: Unable to establish socket session, No route to host
[2026-05-20 11:19:11] Expiry engine failed: Unable to establish socket session, Connection timed out
[2026-05-20 11:20:11] Expiry engine failed: Unable to establish socket session, Connection timed out
[2026-05-20 11:21:11] Expiry engine failed: Unable to establish socket session, Connection timed out
[2026-05-20 11:22:11] Expiry engine failed: Unable to establish socket session, Connection timed out
[2026-05-20 11:23:11] Expiry engine failed: Unable to establish socket session, Connection timed out
[2026-05-20 11:24:11] Expiry engine failed: Unable to establish socket session, Connection timed out
[2026-05-20 11:25:11] Expiry engine failed: Unable to establish socket session, Connection timed out
[2026-05-20 11:26:12] Expiry engine failed: Unable to establish socket session, Connection timed out
[2026-05-20 11:27:11] Expiry engine failed: Unable to establish socket session, Connection timed out
[2026-05-20 11:28:11] Expiry engine failed: Unable to establish socket session, Connection timed out
[2026-05-20 11:29:11] Expiry engine failed: Unable to establish socket session, Connection timed out
[2026-05-20 11:30:12] Expiry engine failed: Unable to establish socket session, Connection timed out
[2026-05-20 11:31:11] Expiry engine failed: Unable to establish socket session, Connection timed out
[2026-05-20 11:32:11] Expiry engine failed: Unable to establish socket session, Connection timed out
[2026-05-20 11:33:11] Expiry engine failed: Unable to establish socket session, Connection timed out
[2026-05-20 11:34:12] Expiry engine failed: Unable to establish socket session, Connection timed out
[2026-05-20 13:09:02] Expiry engine failed: Unable to establish socket session, Network is unreachable
[2026-05-20 13:10:01] Expiry engine failed: Unable to establish socket session, Network is unreachable
[2026-05-20 13:11:01] Expiry engine failed: Unable to establish socket session, Network is unreachable
[2026-05-20 13:12:01] Expiry engine failed: Unable to establish socket session, Network is unreachable
[2026-05-20 13:13:01] Expiry engine failed: Unable to establish socket session, Network is unreachable
[2026-05-20 13:14:01] Expiry engine failed: Unable to establish socket session, Network is unreachable
[2026-05-20 17:22:02] Expired and disconnected voucher: MH-D7C202CA
[2026-05-20 17:31:01] Expired and disconnected voucher: MH-4BFD68BF
[2026-05-20 22:27:11] ERROR: Unable to establish socket session, Connection timed out
[2026-05-20 22:28:12] ERROR: Unable to establish socket session, Connection timed out
[2026-05-20 22:29:11] ERROR: Unable to establish socket session, Connection timed out
[2026-05-20 22:30:11] ERROR: Unable to establish socket session, Connection timed out
[2026-05-20 22:31:11] ERROR: Unable to establish socket session, Connection timed out
[2026-05-20 22:32:11] ERROR: Unable to establish socket session, Connection timed out
[2026-05-20 22:33:12] ERROR: Unable to establish socket session, Connection timed out
[2026-05-20 22:34:11] ERROR: Unable to establish socket session, Connection timed out
[2026-05-20 22:35:11] ERROR: Unable to establish socket session, Connection timed out
[2026-05-20 22:36:11] ERROR: Unable to establish socket session, Connection timed out
[2026-05-20 22:37:11] ERROR: Unable to establish socket session, Connection timed out
[2026-05-20 22:38:12] ERROR: Unable to establish socket session, Connection timed out
[2026-05-20 22:39:11] ERROR: Unable to establish socket session, Connection timed out
[2026-05-20 22:40:11] ERROR: Unable to establish socket session, Connection timed out
[2026-05-20 22:41:11] ERROR: Unable to establish socket session, Connection timed out
[2026-05-20 22:42:12] ERROR: Unable to establish socket session, Connection timed out
[2026-05-20 22:43:11] ERROR: Unable to establish socket session, Connection timed out
[2026-05-20 22:44:11] ERROR: Unable to establish socket session, Connection timed out
[2026-05-20 22:45:11] ERROR: Unable to establish socket session, Connection timed out
[2026-05-20 22:46:12] ERROR: Unable to establish socket session, Connection timed out
[2026-05-20 22:47:11] ERROR: Unable to establish socket session, Connection timed out
[2026-05-20 22:48:11] ERROR: Unable to establish socket session, Connection timed out
[2026-05-20 22:49:11] ERROR: Unable to establish socket session, Connection timed out
[2026-05-20 22:50:12] ERROR: Unable to establish socket session, Connection timed out
[2026-05-20 22:51:11] ERROR: Unable to establish socket session, Connection timed out
[2026-05-20 22:52:11] ERROR: Unable to establish socket session, Connection timed out
[2026-05-20 22:53:11] ERROR: Unable to establish socket session, Connection timed out
[2026-05-20 22:54:11] ERROR: Unable to establish socket session, Connection timed out
[2026-05-20 22:55:11] ERROR: Unable to establish socket session, Connection timed out
[2026-05-20 22:56:11] ERROR: Unable to establish socket session, Connection timed out
[2026-05-20 22:57:11] ERROR: Unable to establish socket session, Connection timed out
[2026-05-20 22:58:11] ERROR: Unable to establish socket session, Connection timed out
[2026-05-20 22:59:12] ERROR: Unable to establish socket session, Connection timed out
[2026-05-20 23:00:01] ERROR: Parameter 'host' has wrong type 'NULL' but should be 'string'
[2026-05-20 23:01:02] ERROR: Parameter 'host' has wrong type 'NULL' but should be 'string'
[2026-05-20 23:02:01] ERROR: Parameter 'host' has wrong type 'NULL' but should be 'string'
[2026-05-20 23:03:01] ERROR: Parameter 'host' has wrong type 'NULL' but should be 'string'
[2026-05-20 23:04:11] ERROR: Unable to establish socket session, Connection timed out
[2026-05-20 23:05:11] ERROR: Unable to establish socket session, Connection timed out
[2026-05-20 23:06:11] ERROR: Unable to establish socket session, Connection timed out
[2026-05-20 23:07:12] ERROR: Unable to establish socket session, Connection timed out
[2026-05-20 23:08:11] ERROR: Unable to establish socket session, Connection timed out
[2026-05-20 23:09:11] ERROR: Unable to establish socket session, Connection timed out
[2026-05-20 23:10:11] ERROR: Unable to establish socket session, Connection timed out
[2026-05-20 23:11:12] ERROR: Unable to establish socket session, Connection timed out
[2026-05-20 23:12:11] ERROR: Unable to establish socket session, Connection timed out
[2026-05-20 23:13:11] ERROR: Unable to establish socket session, Connection timed out
[2026-05-20 23:14:12] ERROR: Unable to establish socket session, Connection timed out
[2026-05-20 23:15:11] ERROR: Unable to establish socket session, Connection timed out
[2026-05-20 23:16:11] ERROR: Unable to establish socket session, Connection timed out
[2026-05-20 23:17:12] ERROR: Unable to establish socket session, Connection timed out
[2026-05-20 23:18:11] ERROR: Unable to establish socket session, Connection timed out
[2026-05-20 23:19:11] ERROR: Unable to establish socket session, Connection timed out
[2026-05-20 23:20:11] ERROR: Unable to establish socket session, Connection timed out
[2026-05-20 23:21:11] ERROR: Unable to establish socket session, Connection timed out
[2026-05-20 23:22:11] ERROR: Unable to establish socket session, Connection timed out
[2026-05-20 23:23:11] ERROR: Unable to establish socket session, Connection timed out
[2026-05-20 23:24:12] ERROR: Unable to establish socket session, Connection timed out
[2026-05-20 23:25:11] ERROR: Unable to establish socket session, Connection timed out
[2026-05-20 23:26:11] ERROR: Unable to establish socket session, Connection timed out
[2026-05-20 23:27:11] ERROR: Unable to establish socket session, Connection timed out
[2026-05-20 23:28:12] ERROR: Unable to establish socket session, Connection timed out
[2026-05-20 23:29:11] ERROR: Unable to establish socket session, Connection timed out
[2026-05-20 23:30:11] ERROR: Unable to establish socket session, Connection timed out
[2026-05-20 23:31:11] ERROR: Unable to establish socket session, Connection timed out
[2026-05-20 23:32:11] ERROR: Unable to establish socket session, Connection timed out
[2026-05-20 23:33:11] ERROR: Unable to establish socket session, Connection timed out
[2026-05-20 23:34:12] ERROR: Unable to establish socket session, Connection timed out
[2026-05-20 23:35:11] ERROR: Unable to establish socket session, Connection timed out
[2026-05-20 23:36:11] ERROR: Unable to establish socket session, Connection timed out
[2026-05-20 23:37:11] ERROR: Unable to establish socket session, Connection timed out
[2026-05-20 23:38:12] ERROR: Unable to establish socket session, Connection timed out
[2026-05-20 23:39:11] ERROR: Unable to establish socket session, Connection timed out
[2026-05-20 23:40:11] ERROR: Unable to establish socket session, Connection timed out
[2026-05-20 23:41:12] ERROR: Unable to establish socket session, Connection timed out
[2026-05-20 23:42:11] ERROR: Unable to establish socket session, Connection timed out
[2026-05-20 23:43:11] ERROR: Unable to establish socket session, Connection timed out
[2026-05-20 23:44:11] ERROR: Unable to establish socket session, Connection timed out
[2026-05-20 23:45:11] ERROR: Unable to establish socket session, Connection timed out
[2026-05-20 23:46:11] ERROR: Unable to establish socket session, Connection timed out
[2026-05-20 23:47:11] ERROR: Unable to establish socket session, Connection timed out
[2026-05-20 23:48:11] ERROR: Unable to establish socket session, Connection timed out
[2026-05-20 23:49:12] ERROR: Unable to establish socket session, Connection timed out
[2026-05-20 23:50:12] ERROR: Unable to establish socket session, Connection timed out
[2026-05-20 23:51:11] ERROR: Unable to establish socket session, Connection timed out
[2026-05-20 23:52:11] ERROR: Unable to establish socket session, Connection timed out
[2026-05-20 23:53:11] ERROR: Unable to establish socket session, Connection timed out
[2026-05-20 23:54:12] ERROR: Unable to establish socket session, Connection timed out
[2026-05-20 23:55:12] ERROR: Unable to establish socket session, Connection timed out
[2026-05-20 23:56:11] ERROR: Unable to establish socket session, Connection timed out
[2026-05-20 23:57:12] ERROR: Unable to establish socket session, Connection timed out
[2026-05-20 23:58:11] ERROR: Unable to establish socket session, Connection timed out
[2026-05-20 23:59:11] ERROR: Unable to establish socket session, Connection timed out
[2026-05-21 00:00:12] ERROR: Unable to establish socket session, Connection timed out
[2026-05-21 00:01:11] ERROR: Unable to establish socket session, Connection timed out
[2026-05-21 00:02:11] ERROR: Unable to establish socket session, Connection timed out
[2026-05-21 00:03:11] ERROR: Unable to establish socket session, Connection timed out
[2026-05-21 00:04:11] ERROR: Unable to establish socket session, Connection timed out
[2026-05-21 00:05:12] ERROR: Unable to establish socket session, Connection timed out
[2026-05-21 00:06:11] ERROR: Unable to establish socket session, Connection timed out
[2026-05-21 00:07:11] ERROR: Unable to establish socket session, Connection timed out
[2026-05-21 00:08:11] ERROR: Unable to establish socket session, Connection timed out
[2026-05-21 00:09:11] ERROR: Unable to establish socket session, Connection timed out
[2026-05-21 00:10:11] ERROR: Unable to establish socket session, Connection timed out
[2026-05-21 00:11:11] ERROR: Unable to establish socket session, Connection timed out
[2026-05-21 00:12:12] ERROR: Unable to establish socket session, Connection timed out
[2026-05-21 00:13:11] ERROR: Unable to establish socket session, Connection timed out
[2026-05-21 00:14:11] ERROR: Unable to establish socket session, Connection timed out
[2026-05-21 00:15:11] ERROR: Unable to establish socket session, Connection timed out
[2026-05-21 00:16:12] ERROR: Unable to establish socket session, Connection timed out
[2026-05-21 00:17:11] ERROR: Unable to establish socket session, Connection timed out
[2026-05-21 00:18:11] ERROR: Unable to establish socket session, Connection timed out
[2026-05-21 00:19:11] ERROR: Unable to establish socket session, Connection timed out
[2026-05-21 00:20:12] ERROR: Unable to establish socket session, Connection timed out
[2026-05-21 00:21:11] ERROR: Unable to establish socket session, Connection timed out
[2026-05-21 00:22:11] ERROR: Unable to establish socket session, Connection timed out
[2026-05-21 00:23:11] ERROR: Unable to establish socket session, Connection timed out
[2026-05-21 00:24:12] ERROR: Unable to establish socket session, Connection timed out
[2026-05-21 00:25:11] ERROR: Unable to establish socket session, Connection timed out
[2026-05-21 00:26:11] ERROR: Unable to establish socket session, Connection timed out
[2026-05-21 00:27:11] ERROR: Unable to establish socket session, Connection timed out
[2026-05-21 00:28:12] ERROR: Unable to establish socket session, Connection timed out
[2026-05-21 00:29:11] ERROR: Unable to establish socket session, Connection timed out
[2026-05-21 00:30:11] ERROR: Unable to establish socket session, Connection timed out
[2026-05-21 00:31:12] ERROR: Unable to establish socket session, Connection timed out
[2026-05-21 00:32:11] ERROR: Unable to establish socket session, Connection timed out
[2026-05-21 00:33:11] ERROR: Unable to establish socket session, Connection timed out
[2026-05-21 00:34:11] ERROR: Unable to establish socket session, Connection timed out
[2026-05-21 00:35:11] ERROR: Unable to establish socket session, Connection timed out
[2026-05-21 00:36:11] ERROR: Unable to establish socket session, Connection timed out
[2026-05-21 00:37:11] ERROR: Unable to establish socket session, Connection timed out
[2026-05-21 00:38:11] ERROR: Unable to establish socket session, Connection timed out
[2026-05-21 00:39:12] ERROR: Unable to establish socket session, Connection timed out
[2026-05-21 00:40:11] ERROR: Unable to establish socket session, Connection timed out
[2026-05-21 00:41:11] ERROR: Unable to establish socket session, Connection timed out
[2026-05-21 00:42:11] ERROR: Unable to establish socket session, Connection timed out
[2026-05-21 00:43:12] ERROR: Unable to establish socket session, Connection timed out
[2026-05-21 00:44:11] ERROR: Unable to establish socket session, Connection timed out
[2026-05-21 00:45:11] ERROR: Unable to establish socket session, Connection timed out
[2026-05-21 00:46:11] ERROR: Unable to establish socket session, Connection timed out
[2026-05-21 00:47:11] ERROR: Unable to establish socket session, Connection timed out
[2026-05-21 00:48:12] ERROR: Unable to establish socket session, Connection timed out
[2026-05-21 00:49:11] ERROR: Unable to establish socket session, Connection timed out
[2026-05-21 00:50:11] ERROR: Unable to establish socket session, Connection timed out
[2026-05-21 00:51:11] ERROR: Unable to establish socket session, Connection timed out
[2026-05-21 00:52:11] ERROR: Unable to establish socket session, Connection timed out
[2026-05-21 00:53:12] ERROR: Unable to establish socket session, Connection timed out
[2026-05-21 00:54:11] ERROR: Unable to establish socket session, Connection timed out
[2026-05-21 00:55:11] ERROR: Unable to establish socket session, Connection timed out
[2026-05-21 00:56:11] ERROR: Unable to establish socket session, Connection timed out
[2026-05-21 00:57:12] ERROR: Unable to establish socket session, Connection timed out
[2026-05-21 00:58:11] ERROR: Unable to establish socket session, Connection timed out
[2026-05-21 00:59:11] ERROR: Unable to establish socket session, Connection timed out
[2026-05-21 01:00:11] ERROR: Unable to establish socket session, Connection timed out
[2026-05-21 01:03:02] ERROR: Unable to establish socket session, Connection refused
[2026-05-21 01:04:05] ERROR: Unable to establish socket session, Connection refused
[2026-05-21 01:05:02] ERROR: Unable to establish socket session, Connection refused
[2026-05-21 01:06:02] ERROR: Unable to establish socket session, Connection refused
[2026-05-21 01:07:01] ERROR: Unable to establish socket session, Connection refused
[2026-05-21 01:08:01] ERROR: Unable to establish socket session, Connection refused
[2026-05-21 01:09:01] ERROR: Unable to establish socket session, Connection refused
[2026-05-21 01:10:02] ERROR: Unable to establish socket session, Connection refused
[2026-05-21 01:11:01] ERROR: Unable to establish socket session, Connection refused
[2026-05-21 01:12:01] ERROR: Unable to establish socket session, Connection refused
[2026-05-21 01:13:01] ERROR: Unable to establish socket session, Connection refused
[2026-05-21 01:14:02] ERROR: Unable to establish socket session, Connection refused
[2026-05-21 01:15:01] ERROR: Unable to establish socket session, Connection refused
[2026-05-21 01:16:01] ERROR: Unable to establish socket session, Connection refused
[2026-05-21 01:17:01] ERROR: Unable to establish socket session, Connection refused
[2026-05-21 01:18:02] ERROR: Unable to establish socket session, Connection refused
[2026-05-21 01:19:01] ERROR: Unable to establish socket session, Connection refused
[2026-05-21 01:20:01] ERROR: Unable to establish socket session, Connection refused
[2026-05-21 01:21:01] ERROR: Unable to establish socket session, Connection refused
[2026-05-21 01:22:01] ERROR: Unable to establish socket session, Connection refused
[2026-05-21 01:23:02] ERROR: Unable to establish socket session, Connection refused
[2026-05-21 01:24:01] ERROR: Unable to establish socket session, Connection refused
[2026-05-21 01:25:01] ERROR: Unable to establish socket session, Connection refused
[2026-05-21 01:26:01] ERROR: Unable to establish socket session, Connection refused
[2026-05-21 01:27:01] ERROR: Unable to establish socket session, Connection refused
[2026-05-21 01:28:01] ERROR: Unable to establish socket session, Connection refused
[2026-05-21 01:29:01] ERROR: Unable to establish socket session, Connection refused
[2026-05-21 01:30:01] ERROR: Unable to establish socket session, Connection refused
[2026-05-21 01:31:01] ERROR: Unable to establish socket session, Connection refused
[2026-05-21 01:32:02] ERROR: Unable to establish socket session, Connection refused
[2026-05-21 01:33:01] ERROR: Unable to establish socket session, Connection refused
[2026-05-21 01:34:01] ERROR: Unable to establish socket session, Connection refused
[2026-05-21 01:35:01] ERROR: Unable to establish socket session, Connection refused
[2026-05-21 01:36:01] ERROR: Unable to establish socket session, Connection refused
[2026-05-21 01:37:02] ERROR: Unable to establish socket session, Connection refused
[2026-05-21 01:38:01] ERROR: Unable to establish socket session, Connection refused
[2026-05-21 01:39:01] ERROR: Unable to establish socket session, Connection refused
[2026-05-21 01:40:01] ERROR: Unable to establish socket session, Connection refused
[2026-05-21 01:41:01] ERROR: Unable to establish socket session, Connection refused
[2026-05-21 01:42:01] ERROR: Unable to establish socket session, Connection refused
[2026-05-21 01:43:01] ERROR: Unable to establish socket session, Connection refused
[2026-05-21 01:44:01] ERROR: Unable to establish socket session, Connection refused
[2026-05-21 01:45:01] ERROR: Unable to establish socket session, Connection refused
[2026-05-21 01:46:02] ERROR: Unable to establish socket session, Connection refused
[2026-05-21 01:47:01] ERROR: Unable to establish socket session, Connection refused
[2026-05-21 01:48:01] ERROR: Unable to establish socket session, Connection refused
[2026-05-21 01:49:01] ERROR: Unable to establish socket session, Connection refused
[2026-05-21 01:50:02] ERROR: Unable to establish socket session, Connection refused
[2026-05-21 01:51:01] ERROR: Unable to establish socket session, Connection refused
[2026-05-21 01:52:01] ERROR: Unable to establish socket session, Connection refused
[2026-05-21 01:53:02] ERROR: Unable to establish socket session, Connection refused
[2026-05-21 01:54:01] ERROR: Unable to establish socket session, Connection refused
[2026-05-21 01:55:01] ERROR: Unable to establish socket session, Connection refused
[2026-05-21 01:56:01] ERROR: Unable to establish socket session, Connection refused
[2026-05-21 01:57:02] ERROR: Unable to establish socket session, Connection refused
[2026-05-21 01:58:01] ERROR: Unable to establish socket session, Connection refused
[2026-05-21 01:59:01] ERROR: Unable to establish socket session, Connection refused
[2026-05-21 02:00:01] ERROR: Unable to establish socket session, Connection refused
[2026-05-21 02:01:01] ERROR: Unable to establish socket session, Connection refused
[2026-05-21 02:02:01] ERROR: Unable to establish socket session, Connection refused
[2026-05-21 02:03:01] ERROR: Unable to establish socket session, Connection refused
[2026-05-21 02:04:02] ERROR: Unable to establish socket session, Connection refused
[2026-05-21 02:05:01] ERROR: Unable to establish socket session, Connection refused
[2026-05-21 02:06:01] ERROR: Unable to establish socket session, Connection refused
[2026-05-21 02:07:01] ERROR: Unable to establish socket session, Connection refused
[2026-05-21 02:08:01] ERROR: Unable to establish socket session, Connection refused
[2026-05-21 02:09:02] ERROR: Unable to establish socket session, Connection refused
[2026-05-21 02:10:01] ERROR: Unable to establish socket session, Connection refused
[2026-05-21 02:11:01] ERROR: Unable to establish socket session, Connection refused
[2026-05-21 02:12:01] ERROR: Unable to establish socket session, Connection refused
[2026-05-21 02:13:02] ERROR: Unable to establish socket session, Connection refused
[2026-05-21 02:14:01] ERROR: Unable to establish socket session, Connection refused
[2026-05-21 02:15:01] ERROR: Unable to establish socket session, Connection refused
[2026-05-21 02:16:02] ERROR: Unable to establish socket session, Connection refused
[2026-05-21 02:17:01] ERROR: Unable to establish socket session, Connection refused
[2026-05-21 02:18:01] ERROR: Unable to establish socket session, Connection refused
[2026-05-21 02:19:01] ERROR: Unable to establish socket session, Connection refused
[2026-05-21 02:20:02] ERROR: Unable to establish socket session, Connection refused
[2026-05-21 02:21:01] ERROR: Unable to establish socket session, Connection refused
[2026-05-21 02:22:01] ERROR: Unable to establish socket session, Connection refused
[2026-05-21 02:23:01] ERROR: Unable to establish socket session, Connection refused
[2026-05-21 02:24:01] ERROR: Unable to establish socket session, Connection refused
[2026-05-21 02:25:02] ERROR: Unable to establish socket session, Connection refused
[2026-05-21 02:26:01] ERROR: Unable to establish socket session, Connection refused
[2026-05-21 02:27:01] ERROR: Unable to establish socket session, Connection refused
[2026-05-21 02:28:01] ERROR: Unable to establish socket session, Connection refused
[2026-05-21 02:29:01] ERROR: Unable to establish socket session, Connection refused
[2026-05-21 02:30:01] ERROR: Unable to establish socket session, Connection refused
[2026-05-21 02:31:02] ERROR: Unable to establish socket session, Connection refused
[2026-05-21 02:32:01] ERROR: Unable to establish socket session, Connection refused
[2026-05-21 02:33:01] ERROR: Unable to establish socket session, Connection refused
[2026-05-21 02:34:01] ERROR: Unable to establish socket session, Connection refused
[2026-05-21 02:35:01] ERROR: Unable to establish socket session, Connection refused
[2026-05-21 02:36:01] ERROR: Unable to establish socket session, Connection refused
[2026-05-21 02:37:01] ERROR: Unable to establish socket session, Connection refused
[2026-05-21 02:38:01] ERROR: Unable to establish socket session, Connection refused
[2026-05-21 02:39:02] ERROR: Unable to establish socket session, Connection refused
[2026-05-21 02:40:01] ERROR: Unable to establish socket session, Connection refused
[2026-05-21 02:41:01] ERROR: Unable to establish socket session, Connection refused
[2026-05-21 02:42:01] ERROR: Unable to establish socket session, Connection refused
[2026-05-21 02:43:02] ERROR: Unable to establish socket session, Connection refused
[2026-05-21 02:44:05] ERROR: Unable to establish socket session, Connection refused
[2026-05-21 02:45:01] ERROR: Unable to establish socket session, Connection refused
[2026-05-21 02:46:01] ERROR: Unable to establish socket session, Connection refused
[2026-05-21 02:47:01] ERROR: Unable to establish socket session, Connection refused
[2026-05-21 02:48:01] ERROR: Unable to establish socket session, Connection refused
[2026-05-21 02:49:01] ERROR: Unable to establish socket session, Connection refused
[2026-05-21 02:50:01] ERROR: Unable to establish socket session, Connection refused
[2026-05-21 02:51:01] ERROR: Unable to establish socket session, Connection refused
[2026-05-21 02:52:01] ERROR: Unable to establish socket session, Connection refused
[2026-05-21 02:53:02] ERROR: Unable to establish socket session, Connection refused
[2026-05-21 02:54:01] ERROR: Unable to establish socket session, Connection refused
[2026-05-21 02:55:01] ERROR: Unable to establish socket session, Connection refused
[2026-05-21 02:56:01] ERROR: Unable to establish socket session, Connection refused
[2026-05-21 02:57:01] ERROR: Unable to establish socket session, Connection refused
[2026-05-21 02:58:01] ERROR: Unable to establish socket session, Connection refused
[2026-05-21 02:59:01] ERROR: Unable to establish socket session, Connection refused
[2026-05-21 03:00:01] ERROR: Unable to establish socket session, Connection refused
[2026-05-21 03:01:01] ERROR: Unable to establish socket session, Connection refused
[2026-05-21 03:02:01] ERROR: Unable to establish socket session, Connection refused
[2026-05-21 03:03:01] ERROR: Unable to establish socket session, Connection refused
[2026-05-21 03:04:01] ERROR: Unable to establish socket session, Connection refused
[2026-05-21 03:05:01] ERROR: Unable to establish socket session, Connection refused
[2026-05-21 03:06:01] ERROR: Unable to establish socket session, Connection refused
[2026-05-21 03:07:01] ERROR: Unable to establish socket session, Connection refused
[2026-05-21 03:08:02] ERROR: Unable to establish socket session, Connection refused
[2026-05-21 03:09:01] ERROR: Unable to establish socket session, Connection refused
[2026-05-21 03:10:01] ERROR: Unable to establish socket session, Connection refused
[2026-05-21 03:11:01] ERROR: Unable to establish socket session, Connection refused
[2026-05-21 03:12:01] ERROR: Unable to establish socket session, Connection refused
[2026-05-21 03:13:01] ERROR: Unable to establish socket session, Connection refused
[2026-05-21 03:14:01] ERROR: Unable to establish socket session, Connection refused
[2026-05-21 03:15:02] ERROR: Unable to establish socket session, Connection refused
[2026-05-21 03:16:01] ERROR: Unable to establish socket session, Connection refused
[2026-05-21 03:17:01] ERROR: Unable to establish socket session, Connection refused
[2026-05-21 03:18:02] ERROR: Unable to establish socket session, Connection refused
[2026-05-21 03:19:01] ERROR: Unable to establish socket session, Connection refused
[2026-05-21 03:20:01] ERROR: Unable to establish socket session, Connection refused
[2026-05-21 03:21:01] ERROR: Unable to establish socket session, Connection refused
[2026-05-21 03:22:01] ERROR: Unable to establish socket session, Connection refused
[2026-05-21 03:23:02] ERROR: Unable to establish socket session, Connection refused
[2026-05-21 03:24:01] ERROR: Unable to establish socket session, Connection refused
[2026-05-21 03:25:01] ERROR: Unable to establish socket session, Connection refused
[2026-05-21 03:26:03] ERROR: Unable to establish socket session, Connection refused
[2026-05-21 03:27:01] ERROR: Unable to establish socket session, Connection refused
[2026-05-21 03:28:01] ERROR: Unable to establish socket session, Connection refused
[2026-05-21 03:29:01] ERROR: Unable to establish socket session, Connection refused
[2026-05-21 03:30:02] ERROR: Unable to establish socket session, Connection refused
[2026-05-21 03:31:01] ERROR: Unable to establish socket session, Connection refused
[2026-05-21 03:32:01] ERROR: Unable to establish socket session, Connection refused
[2026-05-21 03:33:01] ERROR: Unable to establish socket session, Connection refused
[2026-05-21 03:34:02] ERROR: Unable to establish socket session, Connection refused
[2026-05-21 03:35:01] ERROR: Unable to establish socket session, Connection refused
[2026-05-21 03:36:01] ERROR: Unable to establish socket session, Connection refused
[2026-05-21 03:37:01] ERROR: Unable to establish socket session, Connection refused
[2026-05-21 03:38:02] ERROR: Unable to establish socket session, Connection refused
[2026-05-21 03:39:01] ERROR: Unable to establish socket session, Connection refused
[2026-05-21 03:40:01] ERROR: Unable to establish socket session, Connection refused
[2026-05-21 03:41:01] ERROR: Unable to establish socket session, Connection refused
[2026-05-21 03:42:01] ERROR: Unable to establish socket session, Connection refused
[2026-05-21 03:43:01] ERROR: Unable to establish socket session, Connection refused
[2026-05-21 03:44:01] ERROR: Unable to establish socket session, Connection refused
[2026-05-21 03:45:01] ERROR: Unable to establish socket session, Connection refused
[2026-05-21 03:46:01] ERROR: Unable to establish socket session, Connection refused
[2026-05-21 03:47:02] ERROR: Unable to establish socket session, Connection refused
[2026-05-21 03:48:01] ERROR: Unable to establish socket session, Connection refused
[2026-05-21 03:49:01] ERROR: Unable to establish socket session, Connection refused
[2026-05-21 03:50:01] ERROR: Unable to establish socket session, Connection refused
[2026-05-21 03:51:02] ERROR: Unable to establish socket session, Connection refused
[2026-05-21 03:52:01] ERROR: Unable to establish socket session, Connection refused
[2026-05-21 03:53:01] ERROR: Unable to establish socket session, Connection refused
[2026-05-21 03:54:01] ERROR: Unable to establish socket session, Connection refused
[2026-05-21 03:55:05] ERROR: Unable to establish socket session, No route to host
[2026-05-21 03:56:01] ERROR: Unable to establish socket session, Connection refused
[2026-05-21 03:57:01] ERROR: Unable to establish socket session, Connection refused
[2026-05-21 03:58:01] ERROR: Unable to establish socket session, Connection refused
[2026-05-21 03:59:01] ERROR: Unable to establish socket session, Connection refused
[2026-05-21 04:00:01] ERROR: Unable to establish socket session, Connection refused
[2026-05-21 04:01:01] ERROR: Unable to establish socket session, Connection refused
[2026-05-21 04:02:02] ERROR: Unable to establish socket session, Connection refused
[2026-05-21 04:03:01] ERROR: Unable to establish socket session, Connection refused
[2026-05-21 04:04:01] ERROR: Unable to establish socket session, Connection refused
[2026-05-21 04:05:01] ERROR: Unable to establish socket session, Connection refused
[2026-05-21 04:06:01] ERROR: Unable to establish socket session, Connection refused
[2026-05-21 04:07:01] ERROR: Unable to establish socket session, Connection refused
[2026-05-21 04:08:01] ERROR: Unable to establish socket session, Connection refused
[2026-05-21 04:09:02] ERROR: Unable to establish socket session, Connection refused
[2026-05-21 04:10:01] ERROR: Unable to establish socket session, Connection refused
[2026-05-21 04:11:01] ERROR: Unable to establish socket session, Connection refused
[2026-05-21 04:12:02] ERROR: Unable to establish socket session, Connection refused
[2026-05-21 04:13:02] ERROR: Unable to establish socket session, Connection refused
[2026-05-21 04:14:02] ERROR: Unable to establish socket session, Connection refused
[2026-05-21 04:15:01] ERROR: Unable to establish socket session, Connection refused
[2026-05-21 04:16:01] ERROR: Unable to establish socket session, Connection refused
[2026-05-21 04:17:02] ERROR: Unable to establish socket session, Connection refused
[2026-05-21 04:18:01] ERROR: Unable to establish socket session, Connection refused
[2026-05-21 04:19:01] ERROR: Unable to establish socket session, Connection refused
[2026-05-21 04:20:02] ERROR: Unable to establish socket session, Connection refused
[2026-05-21 04:21:01] ERROR: Unable to establish socket session, Connection refused
[2026-05-21 04:22:01] ERROR: Unable to establish socket session, Connection refused
[2026-05-21 04:23:01] ERROR: Unable to establish socket session, Connection refused
[2026-05-21 04:24:02] ERROR: Unable to establish socket session, Connection refused
[2026-05-21 04:25:01] ERROR: Unable to establish socket session, Connection refused
[2026-05-21 04:26:01] ERROR: Unable to establish socket session, Connection refused
[2026-05-21 04:27:01] ERROR: Unable to establish socket session, Connection refused
[2026-05-21 04:28:02] ERROR: Unable to establish socket session, Connection refused
[2026-05-21 04:29:01] ERROR: Unable to establish socket session, Connection refused
[2026-05-21 04:30:01] ERROR: Unable to establish socket session, Connection refused
[2026-05-21 04:31:01] ERROR: Unable to establish socket session, Connection refused
[2026-05-21 04:32:02] ERROR: Unable to establish socket session, Connection refused
[2026-05-21 04:33:01] ERROR: Unable to establish socket session, Connection refused
[2026-05-21 04:34:01] ERROR: Unable to establish socket session, Connection refused
[2026-05-21 04:35:02] ERROR: Unable to establish socket session, Connection refused
[2026-05-21 04:36:01] ERROR: Unable to establish socket session, Connection refused
[2026-05-21 04:37:01] ERROR: Unable to establish socket session, Connection refused
[2026-05-21 04:38:01] ERROR: Unable to establish socket session, Connection refused
[2026-05-21 04:39:02] ERROR: Unable to establish socket session, Connection refused
[2026-05-21 04:40:01] ERROR: Unable to establish socket session, Connection refused
[2026-05-21 04:41:01] ERROR: Unable to establish socket session, Connection refused
[2026-05-21 04:42:01] ERROR: Unable to establish socket session, Connection refused
[2026-05-21 04:43:02] ERROR: Unable to establish socket session, Connection refused
[2026-05-21 04:44:01] ERROR: Unable to establish socket session, Connection refused
[2026-05-21 04:45:01] ERROR: Unable to establish socket session, Connection refused
[2026-05-21 04:46:01] ERROR: Unable to establish socket session, Connection refused
[2026-05-21 04:47:02] ERROR: Unable to establish socket session, Connection refused
[2026-05-21 04:48:01] ERROR: Unable to establish socket session, Connection refused
[2026-05-21 04:49:01] ERROR: Unable to establish socket session, Connection refused
[2026-05-21 04:50:01] ERROR: Unable to establish socket session, Connection refused
[2026-05-21 04:51:02] ERROR: Unable to establish socket session, Connection refused
[2026-05-21 04:52:01] ERROR: Unable to establish socket session, Connection refused
[2026-05-21 04:53:01] ERROR: Unable to establish socket session, Connection refused
[2026-05-21 04:54:01] ERROR: Unable to establish socket session, Connection refused
[2026-05-21 04:55:02] ERROR: Unable to establish socket session, Connection refused
[2026-05-21 04:56:01] ERROR: Unable to establish socket session, Connection refused
[2026-05-21 04:57:01] ERROR: Unable to establish socket session, Connection refused
[2026-05-21 04:58:02] ERROR: Unable to establish socket session, Connection refused
[2026-05-21 04:59:01] ERROR: Unable to establish socket session, Connection refused
[2026-05-21 05:00:01] ERROR: Unable to establish socket session, Connection refused
[2026-05-21 05:01:02] ERROR: Unable to establish socket session, Connection refused
[2026-05-21 05:02:01] ERROR: Unable to establish socket session, Connection refused
[2026-05-21 05:03:01] ERROR: Unable to establish socket session, Connection refused
[2026-05-21 05:04:02] ERROR: Unable to establish socket session, Connection refused
[2026-05-21 05:05:01] ERROR: Unable to establish socket session, Connection refused
[2026-05-21 05:06:01] ERROR: Unable to establish socket session, Connection refused
[2026-05-21 05:07:02] ERROR: Unable to establish socket session, Connection refused
[2026-05-21 05:08:01] ERROR: Unable to establish socket session, Connection refused
[2026-05-21 05:09:01] ERROR: Unable to establish socket session, Connection refused
[2026-05-21 05:10:01] ERROR: Unable to establish socket session, Connection refused
[2026-05-21 05:11:02] ERROR: Unable to establish socket session, Connection refused
[2026-05-21 05:12:02] ERROR: Unable to establish socket session, Connection refused
[2026-05-21 05:13:01] ERROR: Unable to establish socket session, Connection refused
[2026-05-21 05:14:01] ERROR: Unable to establish socket session, Connection refused
[2026-05-21 05:15:02] ERROR: Unable to establish socket session, Connection refused
[2026-05-21 05:16:01] ERROR: Unable to establish socket session, Connection refused
[2026-05-21 05:17:01] ERROR: Unable to establish socket session, Connection refused
[2026-05-21 05:18:02] ERROR: Unable to establish socket session, Connection refused
[2026-05-21 05:19:01] ERROR: Unable to establish socket session, Connection refused
[2026-05-21 05:20:02] ERROR: Unable to establish socket session, Connection refused
[2026-05-21 05:21:01] ERROR: Unable to establish socket session, Connection refused
[2026-05-21 05:22:01] ERROR: Unable to establish socket session, Connection refused
[2026-05-21 05:23:01] ERROR: Unable to establish socket session, Connection refused
[2026-05-21 05:24:01] ERROR: Unable to establish socket session, Connection refused
[2026-05-21 05:25:01] ERROR: Unable to establish socket session, Connection refused
[2026-05-21 05:26:01] ERROR: Unable to establish socket session, Connection refused
[2026-05-21 05:27:02] ERROR: Unable to establish socket session, Connection refused
[2026-05-21 05:28:01] ERROR: Unable to establish socket session, Connection refused
[2026-05-21 05:29:01] ERROR: Unable to establish socket session, Connection refused
[2026-05-21 05:30:01] ERROR: Unable to establish socket session, Connection refused
[2026-05-21 05:31:01] ERROR: Unable to establish socket session, Connection refused
[2026-05-21 05:32:01] ERROR: Unable to establish socket session, Connection refused
[2026-05-21 05:33:02] ERROR: Unable to establish socket session, Connection refused
[2026-05-21 05:34:01] ERROR: Unable to establish socket session, Connection refused
[2026-05-21 05:35:02] ERROR: Unable to establish socket session, Connection refused
[2026-05-21 05:36:01] ERROR: Unable to establish socket session, Connection refused
[2026-05-21 05:37:01] ERROR: Unable to establish socket session, Connection refused
[2026-05-21 05:38:01] ERROR: Unable to establish socket session, Connection refused
[2026-05-21 05:39:02] ERROR: Unable to establish socket session, Connection refused
[2026-05-21 05:40:01] ERROR: Unable to establish socket session, Connection refused
[2026-05-21 05:41:01] ERROR: Unable to establish socket session, Connection refused
[2026-05-21 05:42:01] ERROR: Unable to establish socket session, Connection refused
[2026-05-21 05:43:02] ERROR: Unable to establish socket session, Connection refused
[2026-05-21 05:44:01] ERROR: Unable to establish socket session, Connection refused
[2026-05-21 05:45:03] ERROR: Unable to establish socket session, Connection refused
[2026-05-21 05:46:01] ERROR: Unable to establish socket session, Connection refused
[2026-05-21 05:47:01] ERROR: Unable to establish socket session, Connection refused
[2026-05-21 05:48:01] ERROR: Unable to establish socket session, Connection refused
[2026-05-21 05:49:02] ERROR: Unable to establish socket session, Connection refused
[2026-05-21 05:50:01] ERROR: Unable to establish socket session, Connection refused
[2026-05-21 05:51:01] ERROR: Unable to establish socket session, Connection refused
[2026-05-21 05:52:02] ERROR: Unable to establish socket session, Connection refused
[2026-05-21 05:53:01] ERROR: Unable to establish socket session, Connection refused
[2026-05-21 05:54:01] ERROR: Unable to establish socket session, Connection refused
[2026-05-21 05:55:01] ERROR: Unable to establish socket session, Connection refused
[2026-05-21 05:56:01] ERROR: Unable to establish socket session, Connection refused
[2026-05-21 05:57:01] ERROR: Unable to establish socket session, Connection refused
[2026-05-21 05:58:01] ERROR: Unable to establish socket session, Connection refused
[2026-05-21 05:59:01] ERROR: Unable to establish socket session, Connection refused
[2026-05-21 06:00:01] ERROR: Unable to establish socket session, Connection refused
[2026-05-21 06:01:02] ERROR: Unable to establish socket session, Connection refused
[2026-05-21 06:02:01] ERROR: Unable to establish socket session, Connection refused
[2026-05-21 06:03:01] ERROR: Unable to establish socket session, Connection refused
[2026-05-21 06:04:01] ERROR: Unable to establish socket session, Connection refused
[2026-05-21 06:05:01] ERROR: Unable to establish socket session, Connection refused
[2026-05-21 06:06:01] ERROR: Unable to establish socket session, Connection refused
[2026-05-21 06:07:01] ERROR: Unable to establish socket session, Connection refused
[2026-05-21 06:08:02] ERROR: Unable to establish socket session, Connection refused
[2026-05-21 06:09:01] ERROR: Unable to establish socket session, Connection refused
[2026-05-21 06:10:01] ERROR: Unable to establish socket session, Connection refused
[2026-05-21 06:11:02] ERROR: Unable to establish socket session, Connection refused
[2026-05-21 06:12:01] ERROR: Unable to establish socket session, Connection refused
[2026-05-21 06:13:01] ERROR: Unable to establish socket session, Connection refused
[2026-05-21 06:14:01] ERROR: Unable to establish socket session, Connection refused
[2026-05-21 06:15:02] ERROR: Unable to establish socket session, Connection refused
[2026-05-21 06:16:01] ERROR: Unable to establish socket session, Connection refused
[2026-05-21 06:17:02] ERROR: Unable to establish socket session, Connection refused
[2026-05-21 06:18:01] ERROR: Unable to establish socket session, Connection refused
[2026-05-21 06:19:01] ERROR: Unable to establish socket session, Connection refused
[2026-05-21 06:20:02] ERROR: Unable to establish socket session, Connection refused
[2026-05-21 06:21:01] ERROR: Unable to establish socket session, Connection refused
[2026-05-21 06:22:01] ERROR: Unable to establish socket session, Connection refused
[2026-05-21 06:23:01] ERROR: Unable to establish socket session, Connection refused
[2026-05-21 06:24:02] ERROR: Unable to establish socket session, Connection refused
[2026-05-21 06:25:01] ERROR: Unable to establish socket session, Connection refused
[2026-05-21 06:26:02] ERROR: Unable to establish socket session, Connection refused
[2026-05-21 06:27:01] ERROR: Unable to establish socket session, Connection refused
[2026-05-21 06:28:01] ERROR: Unable to establish socket session, Connection refused
[2026-05-21 06:29:01] ERROR: Unable to establish socket session, Connection refused
[2026-05-21 06:30:02] ERROR: Unable to establish socket session, Connection refused
[2026-05-21 06:31:01] ERROR: Unable to establish socket session, Connection refused
[2026-05-21 06:32:01] ERROR: Unable to establish socket session, Connection refused
[2026-05-21 06:33:01] ERROR: Unable to establish socket session, Connection refused
[2026-05-21 06:34:02] ERROR: Unable to establish socket session, Connection refused
[2026-05-21 06:35:01] ERROR: Unable to establish socket session, Connection refused
[2026-05-21 06:36:01] ERROR: Unable to establish socket session, Connection refused
[2026-05-21 06:37:01] ERROR: Unable to establish socket session, Connection refused
[2026-05-21 06:38:02] ERROR: Unable to establish socket session, Connection refused
[2026-05-21 06:39:01] ERROR: Unable to establish socket session, Connection refused
[2026-05-21 06:40:01] ERROR: Unable to establish socket session, Connection refused
[2026-05-21 06:41:02] ERROR: Unable to establish socket session, Connection refused
[2026-05-21 06:42:01] ERROR: Unable to establish socket session, Connection refused
[2026-05-21 06:43:01] ERROR: Unable to establish socket session, Connection refused
[2026-05-21 06:44:01] ERROR: Unable to establish socket session, Connection refused
[2026-05-21 06:45:01] ERROR: Unable to establish socket session, Connection refused
[2026-05-21 06:46:01] ERROR: Unable to establish socket session, Connection refused
[2026-05-21 06:47:01] ERROR: Unable to establish socket session, Connection refused
[2026-05-21 06:48:01] ERROR: Unable to establish socket session, Connection refused
[2026-05-21 06:49:01] ERROR: Unable to establish socket session, Connection refused
[2026-05-21 06:50:02] ERROR: Unable to establish socket session, Connection refused
[2026-05-21 06:51:01] ERROR: Unable to establish socket session, Connection refused
[2026-05-21 06:52:01] ERROR: Unable to establish socket session, Connection refused
[2026-05-21 06:53:01] ERROR: Unable to establish socket session, Connection refused
[2026-05-21 06:54:02] ERROR: Unable to establish socket session, Connection refused
[2026-05-21 06:55:02] ERROR: Unable to establish socket session, Connection refused
[2026-05-21 06:56:01] ERROR: Unable to establish socket session, Connection refused
[2026-05-21 06:57:01] ERROR: Unable to establish socket session, Connection refused
[2026-05-21 06:58:02] ERROR: Unable to establish socket session, Connection refused
[2026-05-21 06:59:01] ERROR: Unable to establish socket session, Connection refused
[2026-05-21 07:00:01] ERROR: Unable to establish socket session, Connection refused
[2026-05-21 07:01:01] ERROR: Unable to establish socket session, Connection refused
[2026-05-21 07:02:02] ERROR: Unable to establish socket session, Connection refused
[2026-05-21 07:03:01] ERROR: Unable to establish socket session, Connection refused
[2026-05-21 07:04:01] ERROR: Unable to establish socket session, Connection refused
[2026-05-21 07:05:01] ERROR: Unable to establish socket session, Connection refused
[2026-05-21 07:06:02] ERROR: Unable to establish socket session, Connection refused
[2026-05-21 07:07:01] ERROR: Unable to establish socket session, Connection refused
[2026-05-21 07:08:01] ERROR: Unable to establish socket session, Connection refused
[2026-05-21 07:09:01] ERROR: Unable to establish socket session, Connection refused
[2026-05-21 07:10:01] ERROR: Unable to establish socket session, Connection refused
[2026-05-21 07:11:01] ERROR: Unable to establish socket session, Connection refused
[2026-05-21 07:12:01] ERROR: Unable to establish socket session, Connection refused
[2026-05-21 07:13:01] ERROR: Unable to establish socket session, Connection refused
[2026-05-21 07:14:01] ERROR: Unable to establish socket session, Connection refused
[2026-05-21 07:15:02] ERROR: Unable to establish socket session, Connection refused
[2026-05-21 07:16:01] ERROR: Unable to establish socket session, Connection refused
[2026-05-21 07:17:01] ERROR: Unable to establish socket session, Connection refused
[2026-05-21 07:18:01] ERROR: Unable to establish socket session, Connection refused
[2026-05-21 07:19:01] ERROR: Unable to establish socket session, Connection refused
[2026-05-21 07:20:02] ERROR: Unable to establish socket session, Connection refused
[2026-05-21 07:21:01] ERROR: Unable to establish socket session, Connection refused
[2026-05-21 07:22:01] ERROR: Unable to establish socket session, Connection refused
[2026-05-21 07:23:01] ERROR: Unable to establish socket session, Connection refused
[2026-05-21 07:24:02] ERROR: Unable to establish socket session, Connection refused
[2026-05-21 07:25:01] ERROR: Unable to establish socket session, Connection refused
[2026-05-21 07:26:01] ERROR: Unable to establish socket session, Connection refused
[2026-05-21 07:27:01] ERROR: Unable to establish socket session, Connection refused
[2026-05-21 07:28:02] ERROR: Unable to establish socket session, Connection refused
[2026-05-21 07:29:01] ERROR: Unable to establish socket session, Connection refused
[2026-05-21 07:30:01] ERROR: Unable to establish socket session, Connection refused
[2026-05-21 07:31:01] ERROR: Unable to establish socket session, Connection refused
[2026-05-21 07:32:01] ERROR: Unable to establish socket session, Connection refused
[2026-05-21 07:33:01] ERROR: Unable to establish socket session, Connection refused
[2026-05-21 07:34:01] ERROR: Unable to establish socket session, Connection refused
[2026-05-21 07:35:01] ERROR: Unable to establish socket session, Connection refused
[2026-05-21 07:36:01] ERROR: Unable to establish socket session, Connection refused
[2026-05-21 07:37:02] ERROR: Unable to establish socket session, Connection refused
[2026-05-21 07:38:01] ERROR: Unable to establish socket session, Connection refused
[2026-05-21 07:39:01] ERROR: Unable to establish socket session, Connection refused
[2026-05-21 07:40:01] ERROR: Unable to establish socket session, Connection refused
[2026-05-21 07:41:01] ERROR: Unable to establish socket session, Connection refused
[2026-05-21 07:42:01] ERROR: Unable to establish socket session, Connection refused
[2026-05-21 07:43:01] ERROR: Unable to establish socket session, Connection refused
[2026-05-21 07:44:01] ERROR: Unable to establish socket session, Connection refused
[2026-05-21 07:45:01] ERROR: Unable to establish socket session, Connection refused
[2026-05-21 07:46:01] ERROR: Unable to establish socket session, Connection refused
[2026-05-21 07:47:01] ERROR: Unable to establish socket session, Connection refused
[2026-05-21 07:48:01] ERROR: Unable to establish socket session, Connection refused
[2026-05-21 07:49:01] ERROR: Unable to establish socket session, Connection refused
[2026-05-21 07:50:01] ERROR: Unable to establish socket session, Connection refused
[2026-05-21 07:51:01] ERROR: Unable to establish socket session, Connection refused
[2026-05-21 07:52:01] ERROR: Unable to establish socket session, Connection refused
[2026-05-21 07:53:01] ERROR: Unable to establish socket session, Connection refused
[2026-05-21 07:54:01] ERROR: Unable to establish socket session, Connection refused
[2026-05-21 07:55:02] ERROR: Unable to establish socket session, Connection refused
[2026-05-21 07:56:01] ERROR: Unable to establish socket session, Connection refused
[2026-05-21 07:57:01] ERROR: Unable to establish socket session, Connection refused
[2026-05-21 07:58:01] ERROR: Unable to establish socket session, Connection refused
[2026-05-21 07:59:01] ERROR: Unable to establish socket session, Connection refused
[2026-05-21 08:00:01] ERROR: Unable to establish socket session, Connection refused
[2026-05-21 08:01:01] ERROR: Unable to establish socket session, Connection refused
[2026-05-21 08:02:02] ERROR: Unable to establish socket session, Connection refused
[2026-05-21 08:03:02] ERROR: Unable to establish socket session, Connection refused
[2026-05-21 08:04:01] ERROR: Unable to establish socket session, Connection refused
[2026-05-21 08:05:01] ERROR: Unable to establish socket session, Connection refused
[2026-05-21 08:06:02] ERROR: Unable to establish socket session, Connection refused
[2026-05-21 08:07:01] ERROR: Unable to establish socket session, Connection refused
[2026-05-21 08:08:01] ERROR: Unable to establish socket session, Connection refused
[2026-05-21 08:09:01] ERROR: Unable to establish socket session, Connection refused
[2026-05-21 08:10:01] ERROR: Unable to establish socket session, Connection refused
[2026-05-21 08:11:01] ERROR: Unable to establish socket session, Connection refused
[2026-05-21 08:12:01] ERROR: Unable to establish socket session, Connection refused
[2026-05-21 08:13:01] ERROR: Unable to establish socket session, Connection refused
[2026-05-21 08:14:01] ERROR: Unable to establish socket session, Connection refused
[2026-05-21 08:15:01] ERROR: Unable to establish socket session, Connection refused
[2026-05-21 08:16:01] ERROR: Unable to establish socket session, Connection refused
[2026-05-21 08:17:01] ERROR: Unable to establish socket session, Connection refused
[2026-05-21 08:18:01] ERROR: Unable to establish socket session, Connection refused
[2026-05-21 08:19:01] ERROR: Unable to establish socket session, Connection refused
[2026-05-21 08:20:02] ERROR: Unable to establish socket session, Connection refused
[2026-05-21 08:21:01] ERROR: Unable to establish socket session, Connection refused
[2026-05-21 08:22:01] ERROR: Unable to establish socket session, Connection refused
[2026-05-21 08:23:01] ERROR: Unable to establish socket session, Connection refused
[2026-05-21 08:24:01] ERROR: Unable to establish socket session, Connection refused
[2026-05-21 08:25:02] ERROR: Unable to establish socket session, Connection refused
[2026-05-21 08:26:01] ERROR: Unable to establish socket session, Connection refused
[2026-05-21 08:27:01] ERROR: Unable to establish socket session, Connection refused
[2026-05-21 08:28:01] ERROR: Unable to establish socket session, Connection refused
[2026-05-21 08:29:02] ERROR: Unable to establish socket session, Connection refused
[2026-05-21 08:30:01] ERROR: Unable to establish socket session, Connection refused
[2026-05-21 08:31:01] ERROR: Unable to establish socket session, Connection refused
[2026-05-21 08:32:01] ERROR: Unable to establish socket session, Connection refused
[2026-05-21 08:33:01] ERROR: Unable to establish socket session, Connection refused
[2026-05-21 08:34:02] ERROR: Unable to establish socket session, Connection refused
[2026-05-21 08:35:01] ERROR: Unable to establish socket session, Connection refused
[2026-05-21 08:36:01] ERROR: Unable to establish socket session, Connection refused
[2026-05-21 08:37:01] ERROR: Unable to establish socket session, Connection refused
[2026-05-21 08:38:02] ERROR: Unable to establish socket session, Connection refused
[2026-05-21 08:39:01] ERROR: Unable to establish socket session, Connection refused
[2026-05-21 08:40:01] ERROR: Unable to establish socket session, Connection refused
[2026-05-21 08:41:01] ERROR: Unable to establish socket session, Connection refused
[2026-05-21 08:42:01] ERROR: Unable to establish socket session, Connection refused
[2026-05-21 08:43:02] ERROR: Unable to establish socket session, Connection refused
[2026-05-21 08:44:01] ERROR: Unable to establish socket session, Connection refused
[2026-05-21 08:45:01] ERROR: Unable to establish socket session, Connection refused
[2026-05-21 08:46:01] ERROR: Unable to establish socket session, Connection refused
[2026-05-21 08:47:01] ERROR: Unable to establish socket session, Connection refused
[2026-05-21 08:48:02] ERROR: Unable to establish socket session, Connection refused
[2026-05-21 08:49:01] ERROR: Unable to establish socket session, Connection refused
[2026-05-21 08:50:01] ERROR: Unable to establish socket session, Connection refused
[2026-05-21 08:51:01] ERROR: Unable to establish socket session, Connection refused
[2026-05-21 08:52:02] ERROR: Unable to establish socket session, Connection refused
[2026-05-21 08:53:01] ERROR: Unable to establish socket session, Connection refused
[2026-05-21 08:54:01] ERROR: Unable to establish socket session, Connection refused
[2026-05-21 08:55:01] ERROR: Unable to establish socket session, Connection refused
[2026-05-21 08:56:01] ERROR: Unable to establish socket session, Connection refused
[2026-05-21 08:57:01] ERROR: Unable to establish socket session, Connection refused
[2026-05-21 08:58:01] ERROR: Unable to establish socket session, Connection refused
[2026-05-21 08:59:02] ERROR: Unable to establish socket session, Connection refused
[2026-05-21 09:00:01] ERROR: Unable to establish socket session, Connection refused
[2026-05-21 09:01:02] ERROR: Unable to establish socket session, Connection refused
[2026-05-21 09:02:01] ERROR: Unable to establish socket session, Connection refused
[2026-05-21 09:03:01] ERROR: Unable to establish socket session, Connection refused
[2026-05-21 09:04:01] ERROR: Unable to establish socket session, Connection refused
[2026-05-21 09:05:01] ERROR: Unable to establish socket session, Connection refused
[2026-05-21 09:06:01] ERROR: Unable to establish socket session, Connection refused
[2026-05-21 09:07:01] ERROR: Unable to establish socket session, Connection refused
[2026-05-21 09:08:01] ERROR: Unable to establish socket session, Connection refused
[2026-05-21 09:09:01] ERROR: Unable to establish socket session, Connection refused
[2026-05-21 09:10:02] ERROR: Unable to establish socket session, Connection refused
[2026-05-21 09:11:01] ERROR: Unable to establish socket session, Connection refused
[2026-05-21 09:12:01] ERROR: Unable to establish socket session, Connection refused
[2026-05-21 09:13:01] ERROR: Unable to establish socket session, Connection refused
[2026-05-21 09:14:01] ERROR: Unable to establish socket session, Connection refused
[2026-05-21 09:15:02] ERROR: Unable to establish socket session, Connection refused
[2026-05-21 09:16:01] ERROR: Unable to establish socket session, Connection refused
[2026-05-21 09:17:01] ERROR: Unable to establish socket session, Connection refused
[2026-05-21 09:18:01] ERROR: Unable to establish socket session, Connection refused
[2026-05-21 09:19:02] ERROR: Unable to establish socket session, Connection refused
[2026-05-21 09:20:01] ERROR: Unable to establish socket session, Connection refused
[2026-05-21 09:21:01] ERROR: Unable to establish socket session, Connection refused
[2026-05-21 09:22:01] ERROR: Unable to establish socket session, Connection refused
[2026-05-21 09:23:01] ERROR: Unable to establish socket session, Connection refused
[2026-05-21 09:24:02] ERROR: Unable to establish socket session, Connection refused
[2026-05-21 09:25:01] ERROR: Unable to establish socket session, Connection refused
[2026-05-21 09:26:01] ERROR: Unable to establish socket session, Connection refused
[2026-05-21 09:27:01] ERROR: Unable to establish socket session, Connection refused
[2026-05-21 09:28:02] ERROR: Unable to establish socket session, Connection refused
[2026-05-21 09:29:01] ERROR: Unable to establish socket session, Connection refused
[2026-05-21 09:30:01] ERROR: Unable to establish socket session, Connection refused
[2026-05-21 09:31:01] ERROR: Unable to establish socket session, Connection refused
[2026-05-21 09:32:01] ERROR: Unable to establish socket session, Connection refused
[2026-05-21 09:33:02] ERROR: Unable to establish socket session, Connection refused
[2026-05-21 09:34:01] ERROR: Unable to establish socket session, Connection refused
[2026-05-21 09:35:01] ERROR: Unable to establish socket session, Connection refused
[2026-05-21 09:36:01] ERROR: Unable to establish socket session, Connection refused
[2026-05-21 09:37:02] ERROR: Unable to establish socket session, Connection refused
[2026-05-21 09:38:01] ERROR: Unable to establish socket session, Connection refused
[2026-05-21 09:39:01] ERROR: Unable to establish socket session, Connection refused
[2026-05-21 09:40:01] ERROR: Unable to establish socket session, Connection refused
[2026-05-21 09:41:02] ERROR: Unable to establish socket session, Connection refused
[2026-05-21 09:42:01] ERROR: Unable to establish socket session, Connection refused
[2026-05-21 09:43:01] ERROR: Unable to establish socket session, Connection refused
[2026-05-21 09:44:01] ERROR: Unable to establish socket session, Connection refused
[2026-05-21 09:45:01] ERROR: Unable to establish socket session, Connection refused
[2026-05-21 09:46:01] ERROR: Unable to establish socket session, Connection refused
[2026-05-21 09:47:01] ERROR: Unable to establish socket session, Connection refused
[2026-05-21 09:48:01] ERROR: Unable to establish socket session, Connection refused
[2026-05-21 09:49:01] ERROR: Unable to establish socket session, Connection refused
[2026-05-21 09:50:01] ERROR: Unable to establish socket session, Connection refused
[2026-05-21 09:51:01] ERROR: Unable to establish socket session, Connection refused
[2026-05-21 09:52:01] ERROR: Unable to establish socket session, Connection refused
[2026-05-21 09:53:01] ERROR: Unable to establish socket session, Connection refused
[2026-05-21 09:54:01] ERROR: Unable to establish socket session, Connection refused
[2026-05-21 09:55:01] ERROR: Unable to establish socket session, Connection refused
[2026-05-21 09:56:01] ERROR: Unable to establish socket session, Connection refused
[2026-05-21 09:57:01] ERROR: Unable to establish socket session, Connection refused
[2026-05-21 09:58:01] ERROR: Unable to establish socket session, Connection refused
[2026-05-21 09:59:01] ERROR: Unable to establish socket session, Connection refused
[2026-05-21 10:00:02] ERROR: Unable to establish socket session, Connection refused
[2026-05-21 10:01:01] ERROR: Unable to establish socket session, Connection refused
[2026-05-21 10:02:01] ERROR: Unable to establish socket session, Connection refused
[2026-05-21 10:03:01] ERROR: Unable to establish socket session, Connection refused
[2026-05-21 10:04:01] ERROR: Unable to establish socket session, Connection refused
[2026-05-21 10:05:01] ERROR: Unable to establish socket session, Connection refused
[2026-05-21 10:06:01] ERROR: Unable to establish socket session, Connection refused
[2026-05-21 10:07:01] ERROR: Unable to establish socket session, Connection refused
[2026-05-21 10:08:01] ERROR: Unable to establish socket session, Connection refused
[2026-05-21 10:09:01] ERROR: Unable to establish socket session, Connection refused
[2026-05-21 10:10:01] ERROR: Unable to establish socket session, Network is unreachable
[2026-05-21 10:11:02] ERROR: Unable to establish socket session, Network is unreachable
[2026-05-21 10:12:01] ERROR: Unable to establish socket session, Network is unreachable
[2026-05-21 10:13:01] ERROR: Unable to establish socket session, Network is unreachable
[2026-05-21 10:14:01] ERROR: Unable to establish socket session, Network is unreachable
[2026-05-21 10:15:01] ERROR: Unable to establish socket session, Network is unreachable
[2026-05-21 10:16:02] ERROR: Unable to establish socket session, Network is unreachable
[2026-05-21 10:17:01] ERROR: Unable to establish socket session, Network is unreachable
[2026-05-21 10:18:01] ERROR: Unable to establish socket session, Connection refused
[2026-05-21 10:19:01] ERROR: Unable to establish socket session, Connection refused
[2026-05-21 10:20:01] ERROR: Unable to establish socket session, Connection refused
[2026-05-21 10:21:01] ERROR: Unable to establish socket session, Connection refused
[2026-05-21 10:22:02] ERROR: Unable to establish socket session, Connection refused
[2026-05-21 10:23:01] ERROR: Unable to establish socket session, Connection refused
[2026-05-21 10:24:01] ERROR: Unable to establish socket session, Connection refused
[2026-05-21 10:25:01] ERROR: Unable to establish socket session, Connection refused
[2026-05-21 10:26:02] ERROR: Unable to establish socket session, Connection refused
[2026-05-21 10:27:01] ERROR: Unable to establish socket session, Connection refused
[2026-05-21 10:28:01] ERROR: Unable to establish socket session, Connection refused
[2026-05-21 10:29:01] ERROR: Unable to establish socket session, Connection refused
[2026-05-21 10:30:02] ERROR: Unable to establish socket session, Connection refused
[2026-05-21 10:31:01] ERROR: Unable to establish socket session, Connection refused
[2026-05-21 10:32:01] ERROR: Unable to establish socket session, Connection refused
[2026-05-21 10:33:01] ERROR: Unable to establish socket session, Connection refused
[2026-05-21 10:34:01] ERROR: Unable to establish socket session, Connection refused
[2026-05-21 10:35:01] ERROR: Unable to establish socket session, Connection refused
[2026-05-21 10:36:01] ERROR: Unable to establish socket session, Connection refused
[2026-05-21 10:37:01] ERROR: Unable to establish socket session, Connection refused
[2026-05-21 10:38:02] ERROR: Unable to establish socket session, Connection refused
[2026-05-21 10:39:01] ERROR: Unable to establish socket session, Connection refused
[2026-05-21 10:40:01] ERROR: Unable to establish socket session, Connection refused
[2026-05-21 10:41:01] ERROR: Unable to establish socket session, Connection refused
[2026-05-21 10:42:02] ERROR: Unable to establish socket session, Connection refused
[2026-05-21 10:43:03] ERROR: Unable to establish socket session, Connection refused
[2026-05-21 10:44:01] ERROR: Unable to establish socket session, Connection refused
[2026-05-21 10:45:01] ERROR: Unable to establish socket session, Connection refused
[2026-05-21 10:46:02] ERROR: Unable to establish socket session, Connection refused
[2026-05-21 10:47:01] ERROR: Unable to establish socket session, Connection refused
[2026-05-21 10:48:01] ERROR: Unable to establish socket session, Connection refused
[2026-05-21 10:49:01] ERROR: Unable to establish socket session, Connection refused
[2026-05-21 10:50:02] ERROR: Unable to establish socket session, Connection refused
[2026-05-21 10:51:01] ERROR: Unable to establish socket session, Connection refused
[2026-05-21 10:52:01] ERROR: Unable to establish socket session, Connection refused
[2026-05-21 10:53:01] ERROR: Unable to establish socket session, Connection refused
[2026-05-21 10:54:01] ERROR: Unable to establish socket session, Connection refused
[2026-05-21 10:55:02] ERROR: Unable to establish socket session, Connection refused
[2026-05-21 10:56:01] ERROR: Unable to establish socket session, Connection refused
[2026-05-21 10:57:11] ERROR: Unable to establish socket session, Connection timed out
[2026-05-21 10:58:11] ERROR: Unable to establish socket session, Connection timed out
[2026-05-21 10:59:12] ERROR: Unable to establish socket session, Connection timed out
[2026-05-21 11:00:11] ERROR: Unable to establish socket session, Connection timed out
[2026-05-21 11:01:11] ERROR: Unable to establish socket session, Connection timed out
[2026-05-21 11:02:11] ERROR: Unable to establish socket session, Connection timed out
[2026-05-21 11:03:11] ERROR: Unable to establish socket session, Connection timed out
[2026-05-21 11:04:32] ERROR: Socket timeout reached
[2026-05-21 11:05:32] ERROR: Socket timeout reached
[2026-05-21 11:06:32] ERROR: Socket timeout reached
[2026-05-21 11:07:32] ERROR: Socket timeout reached
[2026-05-21 11:08:32] ERROR: Socket timeout reached
[2026-05-21 11:09:01] Expired and disconnected voucher: MH-B538636A
[2026-05-21 11:09:01] Expired and disconnected voucher: MH-A5D8E3C0
[2026-05-21 11:09:01] Expired and disconnected voucher: MH-A7CB4361
[2026-05-21 11:09:02] Expired and disconnected voucher: MH-D0BE5D07
[2026-05-21 11:09:02] Expired and disconnected voucher: MH-31C88E8A
[2026-05-21 11:09:02] Expired and disconnected voucher: MH-DCCFA4BA
[2026-05-21 11:09:02] Expired and disconnected voucher: MH-44C6EAB6
[2026-05-21 11:09:02] Expired and disconnected voucher: MH-E0DEA99B
[2026-05-21 11:09:02] Expired and disconnected voucher: MH-E85274DE
[2026-05-21 11:09:02] Expired and disconnected voucher: MH-D3C83AD9
[2026-05-21 11:09:03] Expired and disconnected voucher: MH-74A6BBE2
[2026-05-21 11:18:11] ERROR: Unable to establish socket session, Connection timed out
[2026-05-21 11:19:11] ERROR: Unable to establish socket session, Connection timed out
[2026-05-21 11:20:11] ERROR: Unable to establish socket session, Connection timed out
[2026-05-21 11:21:11] ERROR: Unable to establish socket session, Connection timed out
[2026-05-21 11:22:11] ERROR: Unable to establish socket session, Connection timed out
[2026-05-21 11:23:11] ERROR: Unable to establish socket session, Connection timed out
[2026-05-21 11:24:12] ERROR: Unable to establish socket session, Connection timed out
[2026-05-21 11:25:11] ERROR: Unable to establish socket session, Connection timed out
[2026-05-21 11:26:11] ERROR: Unable to establish socket session, Connection timed out
[2026-05-21 11:27:11] ERROR: Unable to establish socket session, Connection timed out
[2026-05-21 11:28:11] ERROR: Unable to establish socket session, Connection timed out
[2026-05-21 11:29:11] ERROR: Unable to establish socket session, Connection timed out
[2026-05-21 11:30:11] ERROR: Unable to establish socket session, Connection timed out
[2026-05-21 11:31:11] ERROR: Unable to establish socket session, Connection timed out
[2026-05-21 11:32:12] ERROR: Unable to establish socket session, Connection timed out
[2026-05-21 11:33:11] ERROR: Unable to establish socket session, Connection timed out
[2026-05-21 11:34:11] ERROR: Unable to establish socket session, Connection timed out
[2026-05-21 11:35:11] ERROR: Unable to establish socket session, Connection timed out
[2026-05-21 11:36:12] ERROR: Unable to establish socket session, Connection timed out
[2026-05-21 11:37:11] ERROR: Unable to establish socket session, Connection timed out
[2026-05-21 11:38:11] ERROR: Unable to establish socket session, Connection timed out
[2026-05-21 11:39:12] ERROR: Unable to establish socket session, Connection timed out
[2026-05-21 11:40:11] ERROR: Unable to establish socket session, Connection timed out
[2026-05-21 11:41:11] ERROR: Unable to establish socket session, Connection timed out
[2026-05-21 11:42:11] ERROR: Unable to establish socket session, Connection timed out
[2026-05-21 11:43:11] ERROR: Unable to establish socket session, Connection timed out
[2026-05-21 12:06:11] ERROR: Unable to establish socket session, Connection timed out
[2026-05-21 12:08:11] ERROR: Unable to establish socket session, Connection timed out
[2026-05-21 12:11:11] ERROR: Unable to establish socket session, Connection timed out
[2026-05-21 12:12:11] ERROR: Unable to establish socket session, Connection timed out
[2026-05-21 12:13:11] ERROR: Unable to establish socket session, Connection timed out
[2026-05-21 12:14:12] ERROR: Unable to establish socket session, Connection timed out
[2026-05-21 12:15:11] ERROR: Unable to establish socket session, Connection timed out
[2026-05-21 12:16:11] ERROR: Unable to establish socket session, Connection timed out
[2026-05-21 12:17:11] ERROR: Unable to establish socket session, Connection timed out
[2026-05-21 12:18:12] ERROR: Unable to establish socket session, Connection timed out
[2026-05-21 12:19:11] ERROR: Unable to establish socket session, Connection timed out
[2026-05-21 12:20:11] ERROR: Unable to establish socket session, Connection timed out
[2026-05-21 12:21:11] ERROR: Unable to establish socket session, Connection timed out
[2026-05-21 12:22:11] ERROR: Unable to establish socket session, Connection timed out
[2026-05-21 12:23:12] ERROR: Unable to establish socket session, Connection timed out
[2026-05-21 12:24:11] ERROR: Unable to establish socket session, Connection timed out
[2026-05-21 12:25:11] ERROR: Unable to establish socket session, Connection timed out
[2026-05-21 12:26:11] ERROR: Unable to establish socket session, Connection timed out
[2026-05-21 12:27:11] ERROR: Unable to establish socket session, Connection timed out
[2026-05-21 12:28:11] ERROR: Unable to establish socket session, Connection timed out
[2026-05-21 12:29:11] ERROR: Unable to establish socket session, Connection timed out
[2026-05-21 12:30:12] ERROR: Unable to establish socket session, Connection timed out
[2026-05-21 12:31:11] ERROR: Unable to establish socket session, Connection timed out
[2026-05-21 12:32:11] ERROR: Unable to establish socket session, Connection timed out
[2026-05-21 12:33:11] ERROR: Unable to establish socket session, Connection timed out
[2026-05-21 12:34:12] ERROR: Unable to establish socket session, Connection timed out
[2026-05-21 12:35:11] ERROR: Unable to establish socket session, Connection timed out
[2026-05-21 12:36:11] ERROR: Unable to establish socket session, Connection timed out
[2026-05-21 12:37:11] ERROR: Unable to establish socket session, Connection timed out
[2026-05-21 12:38:12] ERROR: Unable to establish socket session, Connection timed out
[2026-05-21 12:39:11] ERROR: Unable to establish socket session, Connection timed out
[2026-05-21 12:40:11] ERROR: Unable to establish socket session, Connection timed out
[2026-05-21 12:41:11] ERROR: Unable to establish socket session, Connection timed out
[2026-05-21 12:42:11] ERROR: Unable to establish socket session, Connection timed out
[2026-05-21 12:43:11] ERROR: Unable to establish socket session, Connection timed out
[2026-05-21 12:44:11] ERROR: Unable to establish socket session, Connection timed out
[2026-05-21 12:45:11] ERROR: Unable to establish socket session, Connection timed out
[2026-05-21 12:46:11] ERROR: Unable to establish socket session, Connection timed out
[2026-05-21 12:47:11] ERROR: Unable to establish socket session, Connection timed out
[2026-05-21 12:48:12] ERROR: Unable to establish socket session, Connection timed out
[2026-05-21 12:49:11] ERROR: Unable to establish socket session, Connection timed out
[2026-05-21 12:50:11] ERROR: Unable to establish socket session, Connection timed out
[2026-05-21 12:51:12] ERROR: Unable to establish socket session, Connection timed out
[2026-05-21 12:52:11] ERROR: Unable to establish socket session, Connection timed out
[2026-05-21 12:53:11] ERROR: Unable to establish socket session, Connection timed out
[2026-05-21 12:54:12] ERROR: Unable to establish socket session, Connection timed out
[2026-05-21 12:55:11] ERROR: Unable to establish socket session, Connection timed out
[2026-05-21 12:56:11] ERROR: Unable to establish socket session, Connection timed out
[2026-05-21 12:57:11] ERROR: Unable to establish socket session, Connection timed out
[2026-05-21 12:58:12] ERROR: Unable to establish socket session, Connection timed out
[2026-05-21 12:59:11] ERROR: Unable to establish socket session, Connection timed out
[2026-05-21 13:00:11] ERROR: Unable to establish socket session, Connection timed out
[2026-05-21 13:01:12] ERROR: Unable to establish socket session, Connection timed out
[2026-05-21 13:02:11] ERROR: Unable to establish socket session, Connection timed out
[2026-05-21 13:03:11] ERROR: Unable to establish socket session, Connection timed out
[2026-05-21 13:04:11] ERROR: Unable to establish socket session, Connection timed out
[2026-05-21 13:05:12] ERROR: Unable to establish socket session, Connection timed out
[2026-05-21 13:06:11] ERROR: Unable to establish socket session, Connection timed out
[2026-05-21 13:07:11] ERROR: Unable to establish socket session, Connection timed out
[2026-05-21 13:08:12] ERROR: Unable to establish socket session, Connection timed out
[2026-05-21 13:09:11] ERROR: Unable to establish socket session, Connection timed out
[2026-05-21 13:10:11] ERROR: Unable to establish socket session, Connection timed out
[2026-05-21 13:11:11] ERROR: Unable to establish socket session, Connection timed out
[2026-05-21 13:12:11] ERROR: Unable to establish socket session, Connection timed out
[2026-05-21 13:13:11] ERROR: Unable to establish socket session, Connection timed out
[2026-05-21 13:14:11] ERROR: Unable to establish socket session, Connection timed out
[2026-05-21 13:15:12] ERROR: Unable to establish socket session, Connection timed out
[2026-05-21 13:16:11] ERROR: Unable to establish socket session, Connection timed out
[2026-05-21 13:17:11] ERROR: Unable to establish socket session, Connection timed out
[2026-05-21 13:18:12] ERROR: Unable to establish socket session, Connection timed out
[2026-05-21 13:19:11] ERROR: Unable to establish socket session, Connection timed out
[2026-05-21 13:20:11] ERROR: Unable to establish socket session, Connection timed out
[2026-05-21 13:21:11] ERROR: Unable to establish socket session, Connection timed out
[2026-05-21 13:22:12] ERROR: Unable to establish socket session, Connection timed out
[2026-05-21 13:23:11] ERROR: Unable to establish socket session, Connection timed out
[2026-05-21 13:24:11] ERROR: Unable to establish socket session, Connection timed out
[2026-05-21 13:25:11] ERROR: Unable to establish socket session, Connection timed out
[2026-05-21 13:26:12] ERROR: Unable to establish socket session, Connection timed out
[2026-05-21 13:27:11] ERROR: Unable to establish socket session, Connection timed out
[2026-05-21 13:28:11] ERROR: Unable to establish socket session, Connection timed out
[2026-05-21 13:29:11] ERROR: Unable to establish socket session, Connection timed out
[2026-05-21 13:30:11] ERROR: Unable to establish socket session, Connection timed out
[2026-05-21 13:31:11] ERROR: Unable to establish socket session, Connection timed out
[2026-05-21 13:32:11] ERROR: Unable to establish socket session, Connection timed out
[2026-05-21 13:33:11] ERROR: Unable to establish socket session, Connection timed out
[2026-05-21 13:34:11] ERROR: Unable to establish socket session, Connection timed out
[2026-05-21 13:35:12] ERROR: Unable to establish socket session, Connection timed out
[2026-05-21 13:36:11] ERROR: Unable to establish socket session, Connection timed out
[2026-05-21 13:37:11] ERROR: Unable to establish socket session, Connection timed out
[2026-05-21 13:38:11] ERROR: Unable to establish socket session, Connection timed out
[2026-05-21 13:39:11] ERROR: Unable to establish socket session, Connection timed out
[2026-05-21 13:40:11] ERROR: Unable to establish socket session, Connection timed out
[2026-05-21 13:41:11] ERROR: Unable to establish socket session, Connection timed out
[2026-05-21 13:42:11] ERROR: Unable to establish socket session, Connection timed out
[2026-05-21 13:43:11] ERROR: Unable to establish socket session, Connection timed out
[2026-05-21 13:44:12] ERROR: Unable to establish socket session, Connection timed out
[2026-05-21 13:45:11] ERROR: Unable to establish socket session, Connection timed out
[2026-05-21 13:46:11] ERROR: Unable to establish socket session, Connection timed out
[2026-05-21 13:47:11] ERROR: Unable to establish socket session, Connection timed out
[2026-05-21 13:48:12] ERROR: Unable to establish socket session, Connection timed out
[2026-05-21 13:49:11] ERROR: Unable to establish socket session, Connection timed out
[2026-05-21 13:50:11] ERROR: Unable to establish socket session, Connection timed out
[2026-05-21 13:51:11] ERROR: Unable to establish socket session, Connection timed out
[2026-05-21 13:52:11] ERROR: Unable to establish socket session, Connection timed out
[2026-05-21 13:53:11] ERROR: Unable to establish socket session, Connection timed out
[2026-05-21 13:54:11] ERROR: Unable to establish socket session, Connection timed out
[2026-05-21 13:55:11] ERROR: Unable to establish socket session, Connection timed out
[2026-05-21 13:56:11] ERROR: Unable to establish socket session, Connection timed out
[2026-05-21 13:57:12] ERROR: Unable to establish socket session, Connection timed out
[2026-05-21 13:58:11] ERROR: Unable to establish socket session, Connection timed out
[2026-05-21 13:59:11] ERROR: Unable to establish socket session, Connection timed out
[2026-05-21 14:00:11] ERROR: Unable to establish socket session, Connection timed out
[2026-05-21 14:01:11] ERROR: Unable to establish socket session, Connection timed out
[2026-05-21 14:02:12] ERROR: Unable to establish socket session, Connection timed out
[2026-05-21 14:03:11] ERROR: Unable to establish socket session, Connection timed out
[2026-05-21 14:04:11] ERROR: Unable to establish socket session, Connection timed out
[2026-05-21 14:05:11] ERROR: Unable to establish socket session, Connection timed out
[2026-05-21 14:06:12] ERROR: Unable to establish socket session, Connection timed out
[2026-05-21 14:07:11] ERROR: Unable to establish socket session, Connection timed out
[2026-05-21 14:08:11] ERROR: Unable to establish socket session, Connection timed out
[2026-05-21 14:09:11] ERROR: Unable to establish socket session, Connection timed out
[2026-05-21 14:10:11] ERROR: Unable to establish socket session, Connection timed out
[2026-05-21 14:11:12] ERROR: Unable to establish socket session, Connection timed out
[2026-05-21 14:12:11] ERROR: Unable to establish socket session, Connection timed out
[2026-05-21 14:13:11] ERROR: Unable to establish socket session, Connection timed out
[2026-05-21 14:14:11] ERROR: Unable to establish socket session, Connection timed out
[2026-05-21 14:15:12] ERROR: Unable to establish socket session, Connection timed out
[2026-05-21 14:16:11] ERROR: Unable to establish socket session, Connection timed out
[2026-05-21 14:17:11] ERROR: Unable to establish socket session, Connection timed out
[2026-05-21 14:18:11] ERROR: Unable to establish socket session, Connection timed out
[2026-05-21 14:19:11] ERROR: Unable to establish socket session, Connection timed out
[2026-05-21 14:20:12] ERROR: Unable to establish socket session, Connection timed out
[2026-05-21 14:21:11] ERROR: Unable to establish socket session, Connection timed out
[2026-05-21 14:22:11] ERROR: Unable to establish socket session, Connection timed out
[2026-05-21 14:23:11] ERROR: Unable to establish socket session, Connection timed out
[2026-05-21 14:24:12] ERROR: Unable to establish socket session, Connection timed out
[2026-05-21 14:25:11] ERROR: Unable to establish socket session, Connection timed out
[2026-05-21 14:26:11] ERROR: Unable to establish socket session, Connection timed out
[2026-05-21 14:27:11] ERROR: Unable to establish socket session, Connection timed out
[2026-05-21 14:28:11] ERROR: Unable to establish socket session, Connection timed out
[2026-05-21 14:29:12] ERROR: Unable to establish socket session, Connection timed out
[2026-05-21 14:30:11] ERROR: Unable to establish socket session, Connection timed out
[2026-05-21 14:31:11] ERROR: Unable to establish socket session, Connection timed out
[2026-05-21 14:32:11] ERROR: Unable to establish socket session, Connection timed out
[2026-05-21 14:33:11] ERROR: Unable to establish socket session, Connection timed out
[2026-05-21 14:34:12] ERROR: Unable to establish socket session, Connection timed out
[2026-05-21 14:35:11] ERROR: Unable to establish socket session, Connection timed out
[2026-05-21 14:36:11] ERROR: Unable to establish socket session, Connection timed out
[2026-05-21 14:37:12] ERROR: Unable to establish socket session, Connection timed out
[2026-05-21 14:38:11] ERROR: Unable to establish socket session, Connection timed out
[2026-05-21 14:39:11] ERROR: Unable to establish socket session, Connection timed out
[2026-05-21 14:40:12] ERROR: Unable to establish socket session, Connection timed out
[2026-05-21 14:41:11] ERROR: Unable to establish socket session, Connection timed out
[2026-05-21 14:42:13] ERROR: Unable to establish socket session, Connection timed out
[2026-05-21 14:43:11] ERROR: Unable to establish socket session, Connection timed out
[2026-05-21 14:44:11] ERROR: Unable to establish socket session, Connection timed out
[2026-05-21 14:45:11] ERROR: Unable to establish socket session, Connection timed out
[2026-05-21 14:46:12] ERROR: Unable to establish socket session, Connection timed out
[2026-05-21 14:47:11] ERROR: Unable to establish socket session, Connection timed out
[2026-05-21 14:48:11] ERROR: Unable to establish socket session, Connection timed out
[2026-05-21 14:49:12] ERROR: Unable to establish socket session, Connection timed out
[2026-05-21 14:50:11] ERROR: Unable to establish socket session, Connection timed out
[2026-05-21 14:51:12] ERROR: Unable to establish socket session, Connection timed out
[2026-05-21 14:52:11] ERROR: Unable to establish socket session, Connection timed out
[2026-05-21 14:53:11] ERROR: Unable to establish socket session, Connection timed out
[2026-05-21 14:54:12] ERROR: Unable to establish socket session, Connection timed out
[2026-05-21 14:55:11] ERROR: Unable to establish socket session, Connection timed out
[2026-05-21 14:56:12] ERROR: Unable to establish socket session, Connection timed out
[2026-05-21 14:57:11] ERROR: Unable to establish socket session, Connection timed out
[2026-05-21 14:58:11] ERROR: Unable to establish socket session, Connection timed out
[2026-05-21 14:59:11] ERROR: Unable to establish socket session, Connection timed out
[2026-05-21 15:00:11] ERROR: Unable to establish socket session, Connection timed out
[2026-05-21 15:01:11] ERROR: Unable to establish socket session, Connection timed out
[2026-05-21 15:02:11] ERROR: Unable to establish socket session, Connection timed out
[2026-05-21 15:03:11] ERROR: Unable to establish socket session, Connection timed out
[2026-05-21 15:04:11] ERROR: Unable to establish socket session, Connection timed out
[2026-05-21 15:05:11] ERROR: Unable to establish socket session, Connection timed out
[2026-05-21 15:06:12] ERROR: Unable to establish socket session, Connection timed out
[2026-05-21 15:07:11] ERROR: Unable to establish socket session, Connection timed out
[2026-05-21 15:08:11] ERROR: Unable to establish socket session, Connection timed out
[2026-05-21 15:09:11] ERROR: Unable to establish socket session, Connection timed out
[2026-05-21 15:10:12] ERROR: Unable to establish socket session, Connection timed out
[2026-05-21 15:11:11] ERROR: Unable to establish socket session, Connection timed out
[2026-05-21 15:12:11] ERROR: Unable to establish socket session, Connection timed out
[2026-05-21 15:13:11] ERROR: Unable to establish socket session, Connection timed out
[2026-05-21 15:14:11] ERROR: Unable to establish socket session, Connection timed out
[2026-05-21 15:15:12] ERROR: Unable to establish socket session, Connection timed out
[2026-05-21 15:16:11] ERROR: Unable to establish socket session, Connection timed out
[2026-05-21 15:17:11] ERROR: Unable to establish socket session, Connection timed out
[2026-05-21 15:18:11] ERROR: Unable to establish socket session, Connection timed out
[2026-05-21 15:19:12] ERROR: Unable to establish socket session, Connection timed out
[2026-05-21 15:20:11] ERROR: Unable to establish socket session, Connection timed out
[2026-05-21 15:21:11] ERROR: Unable to establish socket session, Connection timed out
[2026-05-21 15:22:11] ERROR: Unable to establish socket session, Connection timed out
[2026-05-21 15:23:12] ERROR: Unable to establish socket session, Connection timed out
[2026-05-21 15:24:11] ERROR: Unable to establish socket session, Connection timed out
[2026-05-21 15:25:11] ERROR: Unable to establish socket session, Connection timed out
[2026-05-21 15:26:11] ERROR: Unable to establish socket session, Connection timed out
[2026-05-21 15:27:12] ERROR: Unable to establish socket session, Connection timed out
[2026-05-21 15:28:11] ERROR: Unable to establish socket session, Connection timed out
[2026-05-21 15:29:11] ERROR: Unable to establish socket session, Connection timed out
[2026-05-21 15:30:11] ERROR: Unable to establish socket session, Connection timed out
[2026-05-21 15:31:12] ERROR: Unable to establish socket session, Connection timed out
[2026-05-21 15:32:11] ERROR: Unable to establish socket session, Connection timed out
[2026-05-21 15:33:11] ERROR: Unable to establish socket session, Connection timed out
[2026-05-21 15:34:11] ERROR: Unable to establish socket session, Connection timed out
[2026-05-21 15:35:12] ERROR: Unable to establish socket session, Connection timed out
[2026-05-21 15:36:11] ERROR: Unable to establish socket session, Connection timed out
[2026-05-21 15:37:11] ERROR: Unable to establish socket session, Connection timed out
[2026-05-21 15:38:11] ERROR: Unable to establish socket session, Connection timed out
[2026-05-21 15:39:12] ERROR: Unable to establish socket session, Connection timed out
[2026-05-21 15:40:11] ERROR: Unable to establish socket session, Connection timed out
[2026-05-21 15:41:11] ERROR: Unable to establish socket session, Connection timed out
[2026-05-21 15:42:12] ERROR: Unable to establish socket session, Connection timed out
[2026-05-21 15:43:11] ERROR: Unable to establish socket session, Connection timed out
[2026-05-21 15:44:11] ERROR: Unable to establish socket session, Connection timed out
[2026-05-21 15:45:11] ERROR: Unable to establish socket session, Connection timed out
[2026-05-21 15:46:12] ERROR: Unable to establish socket session, Connection timed out
[2026-05-21 15:47:11] ERROR: Unable to establish socket session, Connection timed out
[2026-05-21 15:48:11] ERROR: Unable to establish socket session, Connection timed out
[2026-05-21 15:49:11] ERROR: Unable to establish socket session, Connection timed out
[2026-05-21 15:50:12] ERROR: Unable to establish socket session, Connection timed out
[2026-05-21 15:51:11] ERROR: Unable to establish socket session, Connection timed out
[2026-05-21 15:52:11] ERROR: Unable to establish socket session, Connection timed out
[2026-05-21 15:53:11] ERROR: Unable to establish socket session, Connection timed out
[2026-05-21 15:54:12] ERROR: Unable to establish socket session, Connection timed out
[2026-05-21 15:55:11] ERROR: Unable to establish socket session, Connection timed out
[2026-05-21 15:56:11] ERROR: Unable to establish socket session, Connection timed out
[2026-05-21 15:57:11] ERROR: Unable to establish socket session, Connection timed out
[2026-05-21 15:58:11] ERROR: Unable to establish socket session, Connection timed out
[2026-05-21 15:59:11] ERROR: Unable to establish socket session, Connection timed out
[2026-05-21 16:00:11] ERROR: Unable to establish socket session, Connection timed out
[2026-05-21 16:01:12] ERROR: Unable to establish socket session, Connection timed out
[2026-05-21 16:02:11] ERROR: Unable to establish socket session, Connection timed out
[2026-05-21 16:03:11] ERROR: Unable to establish socket session, Connection timed out
[2026-05-21 16:04:12] ERROR: Unable to establish socket session, Connection timed out
[2026-05-21 16:05:11] ERROR: Unable to establish socket session, Connection timed out
[2026-05-21 16:06:11] ERROR: Unable to establish socket session, Connection timed out
[2026-05-21 16:07:11] ERROR: Unable to establish socket session, Connection timed out
[2026-05-21 16:08:12] ERROR: Unable to establish socket session, Connection timed out
[2026-05-21 16:09:11] ERROR: Unable to establish socket session, Connection timed out
[2026-05-21 16:10:11] ERROR: Unable to establish socket session, Connection timed out
[2026-05-21 16:11:12] ERROR: Unable to establish socket session, Connection timed out
[2026-05-21 16:12:11] ERROR: Unable to establish socket session, Connection timed out
[2026-05-21 16:13:11] ERROR: Unable to establish socket session, Connection timed out
[2026-05-21 16:14:13] ERROR: Unable to establish socket session, Connection timed out
[2026-05-21 16:15:11] ERROR: Unable to establish socket session, Connection timed out
[2026-05-21 16:16:12] ERROR: Unable to establish socket session, Connection timed out
[2026-05-21 16:17:11] ERROR: Unable to establish socket session, Connection timed out
[2026-05-21 16:18:11] ERROR: Unable to establish socket session, Connection timed out
[2026-05-21 16:19:12] ERROR: Unable to establish socket session, Connection timed out
[2026-05-21 16:20:11] ERROR: Unable to establish socket session, Connection timed out
[2026-05-21 16:21:11] ERROR: Unable to establish socket session, Connection timed out
[2026-05-21 16:22:12] ERROR: Unable to establish socket session, Connection timed out
[2026-05-21 16:23:11] ERROR: Unable to establish socket session, Connection timed out
[2026-05-21 16:24:11] ERROR: Unable to establish socket session, Connection timed out
[2026-05-21 16:25:11] ERROR: Unable to establish socket session, Connection timed out
[2026-05-21 16:26:12] ERROR: Unable to establish socket session, Connection timed out
[2026-05-21 16:27:11] ERROR: Unable to establish socket session, Connection timed out
[2026-05-21 16:28:11] ERROR: Unable to establish socket session, Connection timed out
[2026-05-21 16:29:12] ERROR: Unable to establish socket session, Connection timed out
[2026-05-21 16:30:11] ERROR: Unable to establish socket session, Connection timed out
[2026-05-21 16:31:12] ERROR: Unable to establish socket session, Connection timed out
[2026-05-21 16:32:11] ERROR: Unable to establish socket session, Connection timed out
[2026-05-21 16:33:11] ERROR: Unable to establish socket session, Connection timed out
[2026-05-21 16:34:12] ERROR: Unable to establish socket session, Connection timed out
[2026-05-21 16:35:11] ERROR: Unable to establish socket session, Connection timed out
[2026-05-21 16:36:11] ERROR: Unable to establish socket session, Connection timed out
[2026-05-21 16:37:12] ERROR: Unable to establish socket session, Connection timed out
[2026-05-21 16:38:11] ERROR: Unable to establish socket session, Connection timed out
[2026-05-21 16:39:11] ERROR: Unable to establish socket session, Connection timed out
[2026-05-21 16:40:12] ERROR: Unable to establish socket session, Connection timed out
[2026-05-21 16:41:11] ERROR: Unable to establish socket session, Connection timed out
[2026-05-21 16:42:11] ERROR: Unable to establish socket session, Connection timed out
[2026-05-21 16:43:12] ERROR: Unable to establish socket session, Connection timed out
[2026-05-21 16:44:11] ERROR: Unable to establish socket session, Connection timed out
[2026-05-21 16:45:12] ERROR: Unable to establish socket session, Connection timed out
[2026-05-21 16:46:11] ERROR: Unable to establish socket session, Connection timed out
[2026-05-21 16:47:11] ERROR: Unable to establish socket session, Connection timed out
[2026-05-21 16:48:12] ERROR: Unable to establish socket session, Connection timed out
[2026-05-21 16:49:11] ERROR: Unable to establish socket session, Connection timed out
[2026-05-21 16:50:12] ERROR: Unable to establish socket session, Connection timed out
[2026-05-21 16:51:11] ERROR: Unable to establish socket session, Connection timed out
[2026-05-21 16:52:12] ERROR: Unable to establish socket session, Connection timed out
[2026-05-21 16:53:11] ERROR: Unable to establish socket session, Connection timed out
[2026-05-21 16:54:11] ERROR: Unable to establish socket session, Connection timed out
[2026-05-21 16:55:12] ERROR: Unable to establish socket session, Connection timed out
[2026-05-21 16:56:11] ERROR: Unable to establish socket session, Connection timed out
[2026-05-21 16:57:11] ERROR: Unable to establish socket session, Connection timed out
[2026-05-21 16:58:11] ERROR: Unable to establish socket session, Connection timed out
[2026-05-21 16:59:11] ERROR: Unable to establish socket session, Connection timed out
[2026-05-21 17:00:11] ERROR: Unable to establish socket session, Connection timed out
[2026-05-21 17:03:12] ERROR: Unable to establish socket session, Connection timed out
[2026-05-21 17:04:13] ERROR: Unable to establish socket session, Connection timed out
[2026-05-21 17:05:11] ERROR: Unable to establish socket session, Connection timed out
[2026-05-21 17:06:13] ERROR: Unable to establish socket session, Connection timed out
[2026-05-21 17:07:11] ERROR: Unable to establish socket session, Connection timed out
[2026-05-21 17:08:11] ERROR: Unable to establish socket session, Connection timed out
[2026-05-21 17:09:11] ERROR: Unable to establish socket session, Connection timed out
[2026-05-21 17:10:12] ERROR: Unable to establish socket session, Connection timed out
[2026-05-21 17:11:11] ERROR: Unable to establish socket session, Connection timed out
[2026-05-21 17:12:11] ERROR: Unable to establish socket session, Connection timed out
[2026-05-21 17:13:12] ERROR: Unable to establish socket session, Connection timed out
[2026-05-21 17:14:11] ERROR: Unable to establish socket session, Connection timed out
[2026-05-21 17:15:12] ERROR: Unable to establish socket session, Connection timed out
[2026-05-21 17:16:11] ERROR: Unable to establish socket session, Connection timed out
[2026-05-21 17:17:11] ERROR: Unable to establish socket session, Connection timed out
[2026-05-21 17:18:11] ERROR: Unable to establish socket session, Connection timed out
[2026-05-21 17:19:12] ERROR: Unable to establish socket session, Connection timed out
[2026-05-21 17:20:11] ERROR: Unable to establish socket session, Connection timed out
[2026-05-21 17:21:11] ERROR: Unable to establish socket session, Connection timed out
[2026-05-21 17:22:12] ERROR: Unable to establish socket session, Connection timed out
[2026-05-21 17:23:11] ERROR: Unable to establish socket session, Connection timed out
[2026-05-21 17:24:11] ERROR: Unable to establish socket session, Connection timed out
[2026-05-21 17:25:12] ERROR: Unable to establish socket session, Connection timed out
[2026-05-21 17:26:11] ERROR: Unable to establish socket session, Connection timed out
[2026-05-21 17:27:12] ERROR: Unable to establish socket session, Connection timed out
[2026-05-21 17:28:11] ERROR: Unable to establish socket session, Connection timed out
[2026-05-21 17:29:12] ERROR: Unable to establish socket session, Connection timed out
[2026-05-21 17:30:11] ERROR: Unable to establish socket session, Connection timed out
[2026-05-21 17:31:11] ERROR: Unable to establish socket session, Connection timed out
[2026-05-21 17:32:12] ERROR: Unable to establish socket session, Connection timed out
[2026-05-21 17:33:11] ERROR: Unable to establish socket session, Connection timed out
[2026-05-21 17:34:11] ERROR: Unable to establish socket session, Connection timed out
[2026-05-21 17:35:12] ERROR: Unable to establish socket session, Connection timed out
[2026-05-21 17:36:11] ERROR: Unable to establish socket session, Connection timed out
[2026-05-21 17:37:11] ERROR: Unable to establish socket session, Connection timed out
[2026-05-21 17:38:11] ERROR: Unable to establish socket session, Connection timed out
[2026-05-21 17:39:11] ERROR: Unable to establish socket session, Connection timed out
[2026-05-21 17:40:11] ERROR: Unable to establish socket session, Connection timed out
[2026-05-21 17:41:11] ERROR: Unable to establish socket session, Connection timed out
[2026-05-21 17:42:11] ERROR: Unable to establish socket session, Connection timed out
[2026-05-21 17:43:12] ERROR: Unable to establish socket session, Connection timed out
[2026-05-21 17:44:11] ERROR: Unable to establish socket session, Connection timed out
[2026-05-21 17:45:11] ERROR: Unable to establish socket session, Connection timed out
[2026-05-21 17:46:12] ERROR: Unable to establish socket session, Connection timed out
[2026-05-21 17:47:11] ERROR: Unable to establish socket session, Connection timed out
[2026-05-21 17:48:11] ERROR: Unable to establish socket session, Connection timed out
[2026-05-21 17:49:12] ERROR: Unable to establish socket session, Connection timed out
[2026-05-21 17:50:11] ERROR: Unable to establish socket session, Connection timed out
[2026-05-21 17:51:11] ERROR: Unable to establish socket session, Connection timed out
[2026-05-21 17:52:12] ERROR: Unable to establish socket session, Connection timed out
[2026-05-21 17:53:11] ERROR: Unable to establish socket session, Connection timed out
[2026-05-21 17:54:11] ERROR: Unable to establish socket session, Connection timed out
[2026-05-21 17:55:11] ERROR: Unable to establish socket session, Connection timed out
[2026-05-21 17:56:12] ERROR: Unable to establish socket session, Connection timed out
[2026-05-21 17:57:12] ERROR: Unable to establish socket session, Connection timed out
[2026-05-21 17:58:11] ERROR: Unable to establish socket session, Connection timed out
[2026-05-21 17:59:11] ERROR: Unable to establish socket session, Connection timed out
[2026-05-21 18:00:11] ERROR: Unable to establish socket session, Connection timed out
[2026-05-21 18:01:11] ERROR: Unable to establish socket session, Connection timed out
[2026-05-21 18:02:12] ERROR: Unable to establish socket session, Connection timed out
[2026-05-21 18:03:11] ERROR: Unable to establish socket session, Connection timed out
[2026-05-21 18:04:11] ERROR: Unable to establish socket session, Connection timed out
[2026-05-21 18:05:12] ERROR: Unable to establish socket session, Connection timed out
[2026-05-21 18:06:11] ERROR: Unable to establish socket session, Connection timed out
[2026-05-21 18:07:11] ERROR: Unable to establish socket session, Connection timed out
[2026-05-21 18:08:12] ERROR: Unable to establish socket session, Connection timed out
[2026-05-21 18:09:11] ERROR: Unable to establish socket session, Connection timed out
[2026-05-21 18:10:12] ERROR: Unable to establish socket session, Connection timed out
[2026-05-21 18:11:11] ERROR: Unable to establish socket session, Connection timed out
[2026-05-21 18:12:11] ERROR: Unable to establish socket session, Connection timed out
[2026-05-21 18:13:12] ERROR: Unable to establish socket session, Connection timed out
[2026-05-21 18:14:11] ERROR: Unable to establish socket session, Connection timed out
[2026-05-21 18:15:11] ERROR: Unable to establish socket session, Connection timed out
[2026-05-21 18:16:12] ERROR: Unable to establish socket session, Connection timed out
[2026-05-21 18:17:11] ERROR: Unable to establish socket session, Connection timed out
[2026-05-21 18:18:11] ERROR: Unable to establish socket session, Connection timed out
[2026-05-21 18:19:11] ERROR: Unable to establish socket session, Connection timed out
[2026-05-21 18:20:12] ERROR: Unable to establish socket session, Connection timed out
[2026-05-21 18:21:11] ERROR: Unable to establish socket session, Connection timed out
[2026-05-21 18:22:11] ERROR: Unable to establish socket session, Connection timed out
[2026-05-21 18:23:12] ERROR: Unable to establish socket session, Connection timed out
[2026-05-21 18:24:11] ERROR: Unable to establish socket session, Connection timed out
[2026-05-21 18:25:12] ERROR: Unable to establish socket session, Connection timed out
[2026-05-21 18:26:11] ERROR: Unable to establish socket session, Connection timed out
[2026-05-21 18:27:11] ERROR: Unable to establish socket session, Connection timed out
[2026-05-21 18:28:12] ERROR: Unable to establish socket session, Connection timed out
[2026-05-21 18:29:11] ERROR: Unable to establish socket session, Connection timed out
[2026-05-21 18:30:11] ERROR: Unable to establish socket session, Connection timed out
[2026-05-21 18:31:11] ERROR: Unable to establish socket session, Connection timed out
[2026-05-21 18:32:11] ERROR: Unable to establish socket session, Connection timed out
[2026-05-21 18:33:11] ERROR: Unable to establish socket session, Connection timed out
[2026-05-21 18:34:11] ERROR: Unable to establish socket session, Connection timed out
[2026-05-21 18:35:11] ERROR: Unable to establish socket session, Connection timed out
[2026-05-21 18:36:11] ERROR: Unable to establish socket session, Connection timed out
[2026-05-21 18:37:12] ERROR: Unable to establish socket session, Connection timed out
[2026-05-21 18:38:11] ERROR: Unable to establish socket session, Connection timed out
[2026-05-21 18:39:11] ERROR: Unable to establish socket session, Connection timed out
[2026-05-21 18:40:12] ERROR: Unable to establish socket session, Connection timed out
[2026-05-21 18:41:11] ERROR: Unable to establish socket session, Connection timed out
[2026-05-21 18:42:12] ERROR: Unable to establish socket session, Connection timed out
[2026-05-21 18:43:11] ERROR: Unable to establish socket session, Connection timed out
[2026-05-21 18:44:11] ERROR: Unable to establish socket session, Connection timed out
[2026-05-21 18:45:12] ERROR: Unable to establish socket session, Connection timed out
[2026-05-21 18:46:11] ERROR: Unable to establish socket session, Connection timed out
[2026-05-21 18:47:11] ERROR: Unable to establish socket session, Connection timed out
[2026-05-21 18:48:12] ERROR: Unable to establish socket session, Connection timed out
[2026-05-21 18:49:11] ERROR: Unable to establish socket session, Connection timed out
[2026-05-21 18:50:12] ERROR: Unable to establish socket session, Connection timed out
[2026-05-21 18:51:11] ERROR: Unable to establish socket session, Connection timed out
[2026-05-21 18:52:11] ERROR: Unable to establish socket session, Connection timed out
[2026-05-21 18:53:11] ERROR: Unable to establish socket session, Connection timed out
[2026-05-21 18:54:11] ERROR: Unable to establish socket session, Connection timed out
[2026-05-21 18:55:11] ERROR: Unable to establish socket session, Connection timed out
[2026-05-21 18:56:12] ERROR: Unable to establish socket session, Connection timed out
[2026-05-21 18:57:11] ERROR: Unable to establish socket session, Connection timed out
[2026-05-21 18:58:11] ERROR: Unable to establish socket session, Connection timed out
[2026-05-21 18:59:12] ERROR: Unable to establish socket session, Connection timed out
[2026-05-21 19:00:11] ERROR: Unable to establish socket session, Connection timed out
[2026-05-21 19:01:11] ERROR: Unable to establish socket session, Connection timed out
[2026-05-21 19:02:11] ERROR: Unable to establish socket session, Connection timed out
[2026-05-21 19:03:11] ERROR: Unable to establish socket session, Connection timed out
[2026-05-21 19:04:11] ERROR: Unable to establish socket session, Connection timed out
[2026-05-21 19:05:12] ERROR: Unable to establish socket session, Connection timed out
[2026-05-21 19:06:11] ERROR: Unable to establish socket session, Connection timed out
[2026-05-21 19:07:11] ERROR: Unable to establish socket session, Connection timed out
[2026-05-21 19:08:12] ERROR: Unable to establish socket session, Connection timed out
[2026-05-21 19:09:11] ERROR: Unable to establish socket session, Connection timed out
[2026-05-21 19:10:11] ERROR: Unable to establish socket session, Connection timed out
[2026-05-21 19:11:11] ERROR: Unable to establish socket session, Connection timed out
[2026-05-21 19:12:11] ERROR: Unable to establish socket session, Connection timed out
[2026-05-21 19:13:11] ERROR: Unable to establish socket session, Connection timed out
[2026-05-21 19:14:12] ERROR: Unable to establish socket session, Connection timed out
[2026-05-21 19:15:11] ERROR: Unable to establish socket session, Connection timed out
[2026-05-21 19:16:11] ERROR: Unable to establish socket session, Connection timed out
[2026-05-21 19:17:12] ERROR: Unable to establish socket session, Connection timed out
[2026-05-21 19:18:11] ERROR: Unable to establish socket session, Connection timed out
[2026-05-21 19:19:12] ERROR: Unable to establish socket session, Connection timed out
[2026-05-21 19:20:11] ERROR: Unable to establish socket session, Connection timed out
[2026-05-21 19:21:11] ERROR: Unable to establish socket session, Connection timed out
[2026-05-21 19:22:12] ERROR: Unable to establish socket session, Connection timed out
[2026-05-21 19:23:11] ERROR: Unable to establish socket session, Connection timed out
[2026-05-21 19:24:11] ERROR: Unable to establish socket session, Connection timed out
[2026-05-21 19:25:12] ERROR: Unable to establish socket session, Connection timed out
[2026-05-21 19:26:11] ERROR: Unable to establish socket session, Connection timed out
[2026-05-21 19:27:11] ERROR: Unable to establish socket session, Connection timed out
[2026-05-21 19:28:11] ERROR: Unable to establish socket session, Connection timed out
[2026-05-21 19:29:12] ERROR: Unable to establish socket session, Connection timed out
[2026-05-21 19:30:11] ERROR: Unable to establish socket session, Connection timed out
[2026-05-21 19:31:11] ERROR: Unable to establish socket session, Connection timed out
[2026-05-21 19:32:11] ERROR: Unable to establish socket session, Connection timed out
[2026-05-21 19:33:11] ERROR: Unable to establish socket session, Connection timed out
[2026-05-21 19:34:11] ERROR: Unable to establish socket session, Connection timed out
[2026-05-21 19:35:12] ERROR: Unable to establish socket session, Connection timed out
[2026-05-21 19:36:11] ERROR: Unable to establish socket session, Connection timed out
[2026-05-21 19:37:12] ERROR: Unable to establish socket session, Connection timed out
[2026-05-21 19:38:11] ERROR: Unable to establish socket session, Connection timed out
[2026-05-21 19:39:11] ERROR: Unable to establish socket session, Connection timed out
[2026-05-21 19:40:11] ERROR: Unable to establish socket session, Connection timed out
[2026-05-21 19:41:12] ERROR: Unable to establish socket session, Connection timed out
[2026-05-21 19:42:11] ERROR: Unable to establish socket session, Connection timed out
[2026-05-21 19:43:11] ERROR: Unable to establish socket session, Connection timed out
[2026-05-21 19:44:11] ERROR: Unable to establish socket session, Connection timed out
[2026-05-21 19:45:12] ERROR: Unable to establish socket session, Connection timed out
[2026-05-21 19:46:11] ERROR: Unable to establish socket session, Connection timed out
[2026-05-21 19:47:11] ERROR: Unable to establish socket session, Connection timed out
[2026-05-21 19:48:11] ERROR: Unable to establish socket session, Connection timed out
[2026-05-21 19:49:12] ERROR: Unable to establish socket session, Connection timed out
[2026-05-21 19:50:11] ERROR: Unable to establish socket session, Connection timed out
[2026-05-21 19:51:11] ERROR: Unable to establish socket session, Connection timed out
[2026-05-21 19:52:12] ERROR: Unable to establish socket session, Connection timed out
[2026-05-21 19:53:11] ERROR: Unable to establish socket session, Connection timed out
[2026-05-21 19:54:12] ERROR: Unable to establish socket session, Connection timed out
[2026-05-21 19:55:11] ERROR: Unable to establish socket session, Connection timed out
[2026-05-21 19:56:11] ERROR: Unable to establish socket session, Connection timed out
[2026-05-21 19:57:11] ERROR: Unable to establish socket session, Connection timed out
[2026-05-21 19:58:12] ERROR: Unable to establish socket session, Connection timed out
[2026-05-21 19:59:11] ERROR: Unable to establish socket session, Connection timed out
[2026-05-21 20:00:11] ERROR: Unable to establish socket session, Connection timed out
[2026-05-21 20:01:11] ERROR: Unable to establish socket session, Connection timed out
[2026-05-21 20:02:12] ERROR: Unable to establish socket session, Connection timed out
[2026-05-21 20:03:11] ERROR: Unable to establish socket session, Connection timed out
[2026-05-21 20:04:11] ERROR: Unable to establish socket session, Connection timed out
[2026-05-21 20:05:11] ERROR: Unable to establish socket session, Connection timed out
[2026-05-21 20:06:12] ERROR: Unable to establish socket session, Connection timed out
[2026-05-21 20:07:11] ERROR: Unable to establish socket session, Connection timed out
[2026-05-21 20:08:11] ERROR: Unable to establish socket session, Connection timed out
[2026-05-21 20:09:11] ERROR: Unable to establish socket session, Connection timed out
[2026-05-21 20:10:11] ERROR: Unable to establish socket session, Connection timed out
[2026-05-21 20:11:11] ERROR: Unable to establish socket session, Connection timed out
[2026-05-21 20:12:11] ERROR: Unable to establish socket session, Connection timed out
[2026-05-21 20:13:12] ERROR: Unable to establish socket session, Connection timed out
[2026-05-21 20:14:11] ERROR: Unable to establish socket session, Connection timed out
[2026-05-21 20:15:11] ERROR: Unable to establish socket session, Connection timed out
[2026-05-21 20:16:11] ERROR: Unable to establish socket session, Connection timed out
[2026-05-21 20:17:11] ERROR: Unable to establish socket session, Connection timed out
[2026-05-21 20:18:11] ERROR: Unable to establish socket session, Connection timed out
[2026-05-21 20:19:11] ERROR: Unable to establish socket session, Connection timed out
[2026-05-21 20:20:12] ERROR: Unable to establish socket session, Connection timed out
[2026-05-21 20:21:11] ERROR: Unable to establish socket session, Connection timed out
[2026-05-21 20:22:12] ERROR: Unable to establish socket session, Connection timed out
[2026-05-21 20:23:11] ERROR: Unable to establish socket session, Connection timed out
[2026-05-21 20:24:11] ERROR: Unable to establish socket session, Connection timed out
[2026-05-21 20:25:11] ERROR: Unable to establish socket session, Connection timed out
[2026-05-21 20:26:12] ERROR: Unable to establish socket session, Connection timed out
[2026-05-21 20:27:11] ERROR: Unable to establish socket session, Connection timed out
[2026-05-21 20:28:11] ERROR: Unable to establish socket session, Connection timed out
[2026-05-21 20:29:11] ERROR: Unable to establish socket session, Connection timed out
[2026-05-21 20:30:12] ERROR: Unable to establish socket session, Connection timed out
[2026-05-21 20:31:11] ERROR: Unable to establish socket session, Connection timed out
[2026-05-21 20:32:12] ERROR: Unable to establish socket session, Connection timed out
[2026-05-21 20:33:11] ERROR: Unable to establish socket session, Connection timed out
[2026-05-21 20:34:12] ERROR: Unable to establish socket session, Connection timed out
[2026-05-21 20:35:11] ERROR: Unable to establish socket session, Connection timed out
[2026-05-21 20:36:11] ERROR: Unable to establish socket session, Connection timed out
[2026-05-21 20:37:11] ERROR: Unable to establish socket session, Connection timed out
[2026-05-21 20:38:12] ERROR: Unable to establish socket session, Connection timed out
[2026-05-21 20:39:11] ERROR: Unable to establish socket session, Connection timed out
[2026-05-21 20:40:11] ERROR: Unable to establish socket session, Connection timed out
[2026-05-21 20:41:11] ERROR: Unable to establish socket session, Connection timed out
[2026-05-21 20:42:11] ERROR: Unable to establish socket session, Connection timed out
[2026-05-21 20:43:11] ERROR: Unable to establish socket session, Connection timed out
[2026-05-21 20:44:11] ERROR: Unable to establish socket session, Connection timed out
[2026-05-21 20:45:11] ERROR: Unable to establish socket session, Connection timed out
[2026-05-21 20:46:12] ERROR: Unable to establish socket session, Connection timed out
[2026-05-21 20:47:11] ERROR: Unable to establish socket session, Connection timed out
[2026-05-21 20:48:11] ERROR: Unable to establish socket session, Connection timed out
[2026-05-21 20:49:12] ERROR: Unable to establish socket session, Connection timed out
[2026-05-21 20:50:11] ERROR: Unable to establish socket session, Connection timed out
[2026-05-21 20:51:12] ERROR: Unable to establish socket session, Connection timed out
[2026-05-21 20:52:12] ERROR: Unable to establish socket session, Connection timed out
[2026-05-21 20:53:11] ERROR: Unable to establish socket session, Connection timed out
[2026-05-21 20:54:12] ERROR: Unable to establish socket session, Connection timed out
[2026-05-21 20:55:11] ERROR: Unable to establish socket session, Connection timed out
[2026-05-21 20:56:11] ERROR: Unable to establish socket session, Connection timed out
[2026-05-21 20:57:12] ERROR: Unable to establish socket session, Connection timed out
[2026-05-21 20:58:11] ERROR: Unable to establish socket session, Connection timed out
[2026-05-21 20:59:14] ERROR: Unable to establish socket session, Connection timed out
[2026-05-21 21:00:12] ERROR: Unable to establish socket session, Connection timed out
[2026-05-21 21:01:11] ERROR: Unable to establish socket session, Connection timed out
[2026-05-21 21:02:11] ERROR: Unable to establish socket session, Connection timed out
[2026-05-21 21:03:11] ERROR: Unable to establish socket session, Connection timed out
[2026-05-21 21:04:12] ERROR: Unable to establish socket session, Connection timed out
[2026-05-21 21:05:11] ERROR: Unable to establish socket session, Connection timed out
[2026-05-21 21:06:12] ERROR: Unable to establish socket session, Connection timed out
[2026-05-21 21:07:11] ERROR: Unable to establish socket session, Connection timed out
[2026-05-21 21:08:11] ERROR: Unable to establish socket session, Connection timed out
[2026-05-21 21:09:12] ERROR: Unable to establish socket session, Connection timed out
[2026-05-21 21:10:11] ERROR: Unable to establish socket session, Connection timed out
[2026-05-21 21:11:11] ERROR: Unable to establish socket session, Connection timed out
[2026-05-21 21:12:12] ERROR: Unable to establish socket session, Connection timed out
[2026-05-21 21:13:38] ERROR: Unable to establish socket session, Connection timed out
[2026-05-21 21:14:11] ERROR: Unable to establish socket session, Connection timed out
[2026-05-21 21:15:11] ERROR: Unable to establish socket session, Connection timed out
[2026-05-21 21:16:11] ERROR: Unable to establish socket session, Connection timed out
[2026-05-21 21:17:11] ERROR: Unable to establish socket session, Connection timed out
[2026-05-21 21:18:11] ERROR: Unable to establish socket session, Connection timed out
[2026-05-21 21:19:12] ERROR: Unable to establish socket session, Connection timed out
[2026-05-21 21:20:11] ERROR: Unable to establish socket session, Connection timed out
[2026-05-21 21:21:11] ERROR: Unable to establish socket session, Connection timed out
[2026-05-21 21:22:12] ERROR: Unable to establish socket session, Connection timed out
[2026-05-21 21:23:12] ERROR: Unable to establish socket session, Connection timed out
[2026-05-21 21:24:11] ERROR: Unable to establish socket session, Connection timed out
[2026-05-21 21:25:11] ERROR: Unable to establish socket session, Connection timed out
[2026-05-21 21:26:11] ERROR: Unable to establish socket session, Connection timed out
[2026-05-21 21:27:12] ERROR: Unable to establish socket session, Connection timed out
[2026-05-21 21:28:11] ERROR: Unable to establish socket session, Connection timed out
[2026-05-21 21:29:12] ERROR: Unable to establish socket session, Connection timed out
[2026-05-21 21:30:11] ERROR: Unable to establish socket session, Connection timed out
[2026-05-21 21:31:11] ERROR: Unable to establish socket session, Connection timed out
[2026-05-21 21:32:12] ERROR: Unable to establish socket session, Connection timed out
[2026-05-21 21:33:11] ERROR: Unable to establish socket session, Connection timed out
[2026-05-21 21:34:11] ERROR: Unable to establish socket session, Connection timed out
[2026-05-21 21:35:12] ERROR: Unable to establish socket session, Connection timed out
[2026-05-21 21:36:12] ERROR: Unable to establish socket session, Connection timed out
[2026-05-21 21:37:11] ERROR: Unable to establish socket session, Connection timed out
[2026-05-21 21:38:11] ERROR: Unable to establish socket session, Connection timed out
[2026-05-21 21:39:11] ERROR: Unable to establish socket session, Connection timed out
[2026-05-21 21:40:11] ERROR: Unable to establish socket session, Connection timed out
[2026-05-21 21:41:11] ERROR: Unable to establish socket session, Connection timed out
[2026-05-21 21:42:11] ERROR: Unable to establish socket session, Connection timed out
[2026-05-21 21:43:41] ERROR: Unable to establish socket session, Connection timed out
[2026-05-21 21:44:11] ERROR: Unable to establish socket session, Connection timed out
[2026-05-21 21:45:11] ERROR: Unable to establish socket session, Connection timed out
[2026-05-21 21:46:12] ERROR: Unable to establish socket session, Connection timed out
[2026-05-21 21:47:12] ERROR: Unable to establish socket session, Connection timed out
[2026-05-21 21:48:11] ERROR: Unable to establish socket session, Connection timed out
[2026-05-21 21:49:11] ERROR: Unable to establish socket session, Connection timed out
[2026-05-21 21:50:11] ERROR: Unable to establish socket session, Connection timed out
[2026-05-21 21:51:11] ERROR: Unable to establish socket session, Connection timed out
[2026-05-21 21:52:12] ERROR: Unable to establish socket session, Connection timed out
[2026-05-21 21:53:11] ERROR: Unable to establish socket session, Connection timed out
[2026-05-21 21:54:11] ERROR: Unable to establish socket session, Connection timed out
[2026-05-21 21:55:11] ERROR: Unable to establish socket session, Connection timed out
[2026-05-21 21:56:12] ERROR: Unable to establish socket session, Connection timed out
[2026-05-21 21:57:11] ERROR: Unable to establish socket session, Connection timed out
[2026-05-21 21:58:12] ERROR: Unable to establish socket session, Connection timed out
[2026-05-21 21:59:11] ERROR: Unable to establish socket session, Connection timed out
[2026-05-21 22:00:12] ERROR: Unable to establish socket session, Connection timed out
[2026-05-21 22:01:11] ERROR: Unable to establish socket session, Connection timed out
[2026-05-21 22:02:12] ERROR: Unable to establish socket session, Connection timed out
[2026-05-21 22:03:11] ERROR: Unable to establish socket session, Connection timed out
[2026-05-21 22:04:12] ERROR: Unable to establish socket session, Connection timed out
[2026-05-21 22:05:11] ERROR: Unable to establish socket session, Connection timed out
[2026-05-21 22:06:11] ERROR: Unable to establish socket session, Connection timed out
[2026-05-21 22:07:11] ERROR: Unable to establish socket session, Connection timed out
[2026-05-21 22:08:12] ERROR: Unable to establish socket session, Connection timed out
[2026-05-21 22:09:11] ERROR: Unable to establish socket session, Connection timed out
[2026-05-21 22:10:12] ERROR: Unable to establish socket session, Connection timed out
[2026-05-21 22:11:11] ERROR: Unable to establish socket session, Connection timed out
[2026-05-21 22:12:12] ERROR: Unable to establish socket session, Connection timed out
[2026-05-21 22:13:11] ERROR: Unable to establish socket session, Connection timed out
[2026-05-21 22:14:11] ERROR: Unable to establish socket session, Connection timed out
[2026-05-21 22:15:12] ERROR: Unable to establish socket session, Connection timed out
[2026-05-21 22:16:11] ERROR: Unable to establish socket session, Connection timed out
[2026-05-21 22:17:11] ERROR: Unable to establish socket session, Connection timed out
[2026-05-21 22:18:12] ERROR: Unable to establish socket session, Connection timed out
[2026-05-21 22:19:11] ERROR: Unable to establish socket session, Connection timed out
[2026-05-21 22:20:12] ERROR: Unable to establish socket session, Connection timed out
[2026-05-21 22:21:12] ERROR: Unable to establish socket session, Connection timed out
[2026-05-21 22:22:11] ERROR: Unable to establish socket session, Connection timed out
[2026-05-21 22:23:12] ERROR: Unable to establish socket session, Connection timed out
[2026-05-21 22:26:02] ERROR: Unable to establish socket session, Network is unreachable
[2026-05-21 22:27:11] ERROR: Unable to establish socket session, Connection timed out
[2026-05-21 22:28:11] ERROR: Unable to establish socket session, Connection timed out
[2026-05-21 22:29:12] ERROR: Unable to establish socket session, Connection timed out
[2026-05-21 22:30:12] ERROR: Unable to establish socket session, Connection timed out
[2026-05-21 22:31:11] ERROR: Unable to establish socket session, Connection timed out
[2026-05-21 22:32:11] ERROR: Unable to establish socket session, Connection timed out
[2026-05-21 22:33:12] ERROR: Unable to establish socket session, Connection timed out
[2026-05-21 22:34:11] ERROR: Unable to establish socket session, Connection timed out
[2026-05-21 22:35:11] ERROR: Unable to establish socket session, Connection timed out
[2026-05-21 22:36:12] ERROR: Unable to establish socket session, Connection timed out
[2026-05-21 22:37:11] ERROR: Unable to establish socket session, Connection timed out
[2026-05-21 22:38:11] ERROR: Unable to establish socket session, Connection timed out
[2026-05-21 22:39:11] ERROR: Unable to establish socket session, Connection timed out
[2026-05-21 22:40:11] ERROR: Unable to establish socket session, Connection timed out
[2026-05-21 22:41:11] ERROR: Unable to establish socket session, Connection timed out
[2026-05-21 22:42:12] ERROR: Unable to establish socket session, Connection timed out
[2026-05-21 22:43:11] ERROR: Unable to establish socket session, Connection timed out
[2026-05-21 22:44:11] ERROR: Unable to establish socket session, Connection timed out
[2026-05-21 22:45:12] ERROR: Unable to establish socket session, Connection timed out
[2026-05-21 22:46:11] ERROR: Unable to establish socket session, Connection timed out
[2026-05-21 22:47:11] ERROR: Unable to establish socket session, Connection timed out
[2026-05-21 22:48:12] ERROR: Unable to establish socket session, Connection timed out
[2026-05-21 22:49:11] ERROR: Unable to establish socket session, Connection timed out
[2026-05-21 22:50:11] ERROR: Unable to establish socket session, Connection timed out
[2026-05-21 22:50:47] ERROR: Unable to establish socket session, Connection timed out
[2026-05-21 22:50:55] ERROR: Unable to establish socket session, Connection timed out
[2026-05-21 22:51:01] ERROR: Unable to establish socket session, Connection timed out
[2026-05-21 22:51:08] ERROR: Unable to establish socket session, Connection timed out
[2026-05-21 22:51:11] ERROR: Unable to establish socket session, Connection timed out
[2026-05-21 22:52:12] ERROR: Unable to establish socket session, Connection timed out
[2026-05-21 22:53:11] ERROR: Unable to establish socket session, Connection timed out
[2026-05-21 22:54:11] ERROR: Unable to establish socket session, Connection timed out
[2026-05-21 22:55:11] ERROR: Unable to establish socket session, Connection timed out
[2026-05-21 22:56:12] ERROR: Unable to establish socket session, Connection timed out
[2026-05-21 22:57:11] ERROR: Unable to establish socket session, Connection timed out
[2026-05-21 22:58:11] ERROR: Unable to establish socket session, Connection timed out
[2026-05-21 22:59:12] ERROR: Unable to establish socket session, Connection timed out
[2026-05-21 23:00:11] ERROR: Unable to establish socket session, Connection timed out
[2026-05-21 23:01:11] ERROR: Unable to establish socket session, Connection timed out
[2026-05-21 23:02:12] ERROR: Unable to establish socket session, Connection timed out
[2026-05-21 23:03:11] ERROR: Unable to establish socket session, Connection timed out
[2026-05-21 23:04:11] ERROR: Unable to establish socket session, Connection timed out
[2026-05-21 23:05:11] ERROR: Unable to establish socket session, Connection timed out
[2026-05-21 23:06:12] ERROR: Unable to establish socket session, Connection timed out
[2026-05-21 23:07:11] ERROR: Unable to establish socket session, Connection timed out
[2026-05-21 23:08:11] ERROR: Unable to establish socket session, Connection timed out
[2026-05-21 23:09:12] ERROR: Unable to establish socket session, Connection timed out
[2026-05-21 23:10:11] ERROR: Unable to establish socket session, Connection timed out
[2026-05-21 23:11:12] ERROR: Unable to establish socket session, Connection timed out
[2026-05-21 23:12:11] ERROR: Unable to establish socket session, Connection timed out
[2026-05-21 23:13:12] ERROR: Unable to establish socket session, Connection timed out
[2026-05-21 23:14:11] ERROR: Unable to establish socket session, Connection timed out
[2026-05-21 23:15:11] ERROR: Unable to establish socket session, Connection timed out
[2026-05-21 23:16:12] ERROR: Unable to establish socket session, Connection timed out
[2026-05-21 23:17:11] ERROR: Unable to establish socket session, Connection timed out
[2026-05-21 23:18:11] ERROR: Unable to establish socket session, Connection timed out
[2026-05-21 23:19:11] ERROR: Unable to establish socket session, Connection timed out
[2026-05-21 23:20:11] ERROR: Unable to establish socket session, Connection timed out
[2026-05-21 23:21:12] ERROR: Unable to establish socket session, Connection timed out
[2026-05-21 23:22:11] ERROR: Unable to establish socket session, Connection timed out
[2026-05-21 23:23:11] ERROR: Unable to establish socket session, Connection timed out
[2026-05-21 23:24:12] ERROR: Unable to establish socket session, Connection timed out
[2026-05-21 23:25:11] ERROR: Unable to establish socket session, Connection timed out
[2026-05-21 23:26:11] ERROR: Unable to establish socket session, Connection timed out
[2026-05-21 23:27:11] ERROR: Unable to establish socket session, Connection timed out
[2026-05-21 23:28:12] ERROR: Unable to establish socket session, Connection timed out
[2026-05-21 23:29:11] ERROR: Unable to establish socket session, Connection timed out
[2026-05-21 23:30:11] ERROR: Unable to establish socket session, Connection timed out
[2026-05-21 23:31:11] ERROR: Unable to establish socket session, Connection timed out
[2026-05-21 23:32:11] ERROR: Unable to establish socket session, Connection timed out
[2026-05-21 23:33:12] ERROR: Unable to establish socket session, Connection timed out
[2026-05-21 23:34:11] ERROR: Unable to establish socket session, Connection timed out
[2026-05-21 23:35:11] ERROR: Unable to establish socket session, Connection timed out
[2026-05-21 23:36:12] ERROR: Unable to establish socket session, Connection timed out
[2026-05-21 23:37:11] ERROR: Unable to establish socket session, Connection timed out
[2026-05-21 23:38:11] ERROR: Unable to establish socket session, Connection timed out
[2026-05-21 23:39:12] ERROR: Unable to establish socket session, Connection timed out
[2026-05-21 23:40:11] ERROR: Unable to establish socket session, Connection timed out
[2026-05-21 23:41:12] ERROR: Unable to establish socket session, Connection timed out
[2026-05-21 23:42:12] ERROR: Unable to establish socket session, Connection timed out
[2026-05-21 23:43:11] ERROR: Unable to establish socket session, Connection timed out
[2026-05-21 23:44:11] ERROR: Unable to establish socket session, Connection timed out
[2026-05-21 23:45:11] ERROR: Unable to establish socket session, Connection timed out
[2026-05-21 23:47:12] ERROR: Unable to establish socket session, Connection timed out
[2026-05-21 23:48:12] ERROR: Unable to establish socket session, Connection timed out
[2026-05-21 23:49:11] ERROR: Unable to establish socket session, Connection timed out
[2026-05-21 23:50:11] ERROR: Unable to establish socket session, Connection timed out
[2026-05-21 23:51:12] ERROR: Unable to establish socket session, Connection timed out
[2026-05-21 23:52:11] ERROR: Unable to establish socket session, Connection timed out
[2026-05-21 23:53:11] ERROR: Unable to establish socket session, Connection timed out
[2026-05-21 23:54:11] ERROR: Unable to establish socket session, Connection timed out
[2026-05-21 23:55:11] ERROR: Unable to establish socket session, Connection timed out
[2026-05-21 23:56:12] ERROR: Unable to establish socket session, Connection timed out
[2026-05-21 23:57:11] ERROR: Unable to establish socket session, Connection timed out
[2026-05-21 23:58:11] ERROR: Unable to establish socket session, Connection timed out
[2026-05-21 23:59:11] ERROR: Unable to establish socket session, Connection timed out
[2026-05-22 00:00:11] ERROR: Unable to establish socket session, Connection timed out
[2026-05-22 00:01:12] ERROR: Unable to establish socket session, Connection timed out
[2026-05-22 00:02:11] ERROR: Unable to establish socket session, Connection timed out
[2026-05-22 00:03:11] ERROR: Unable to establish socket session, Connection timed out
[2026-05-22 00:04:11] ERROR: Unable to establish socket session, Connection timed out
[2026-05-22 00:05:11] ERROR: Unable to establish socket session, Connection timed out
[2026-05-22 00:06:12] ERROR: Unable to establish socket session, Connection timed out
[2026-05-22 00:07:11] ERROR: Unable to establish socket session, Connection timed out
[2026-05-22 00:08:12] ERROR: Unable to establish socket session, Connection timed out
[2026-05-22 00:09:19] ERROR: Unable to establish socket session, Connection timed out
[2026-05-22 00:10:12] ERROR: Unable to establish socket session, Connection timed out
[2026-05-22 00:11:11] ERROR: Unable to establish socket session, Connection timed out
[2026-05-22 00:12:12] ERROR: Unable to establish socket session, Connection timed out
[2026-05-22 00:13:11] ERROR: Unable to establish socket session, Connection timed out
[2026-05-22 00:14:12] ERROR: Unable to establish socket session, Connection timed out
[2026-05-22 00:15:11] ERROR: Unable to establish socket session, Connection timed out
[2026-05-22 00:16:11] ERROR: Unable to establish socket session, Connection timed out
[2026-05-22 00:17:12] ERROR: Unable to establish socket session, Connection timed out
[2026-05-22 00:18:11] ERROR: Unable to establish socket session, Connection timed out
[2026-05-22 00:19:11] ERROR: Unable to establish socket session, Connection timed out
[2026-05-22 00:20:12] ERROR: Unable to establish socket session, Connection timed out
[2026-05-22 00:21:11] ERROR: Unable to establish socket session, Connection timed out
[2026-05-22 00:22:12] ERROR: Unable to establish socket session, Connection timed out
[2026-05-22 00:23:11] ERROR: Unable to establish socket session, Connection timed out
[2026-05-22 00:24:12] ERROR: Unable to establish socket session, Connection timed out
[2026-05-22 00:25:11] ERROR: Unable to establish socket session, Connection timed out
[2026-05-22 00:26:12] ERROR: Unable to establish socket session, Connection timed out
[2026-05-22 00:27:11] ERROR: Unable to establish socket session, Connection timed out
[2026-05-22 00:28:11] ERROR: Unable to establish socket session, Connection timed out
[2026-05-22 00:29:11] ERROR: Unable to establish socket session, Connection timed out
[2026-05-22 00:30:12] ERROR: Unable to establish socket session, Connection timed out
[2026-05-22 00:31:11] ERROR: Unable to establish socket session, Connection timed out
[2026-05-22 00:32:12] ERROR: Unable to establish socket session, Connection timed out
[2026-05-22 00:33:11] ERROR: Unable to establish socket session, Connection timed out
[2026-05-22 00:34:11] ERROR: Unable to establish socket session, Connection timed out
[2026-05-22 00:35:12] ERROR: Unable to establish socket session, Connection timed out
[2026-05-22 00:36:11] ERROR: Unable to establish socket session, Connection timed out
[2026-05-22 00:37:11] ERROR: Unable to establish socket session, Connection timed out
[2026-05-22 00:38:12] ERROR: Unable to establish socket session, Connection timed out
[2026-05-22 00:39:12] ERROR: Unable to establish socket session, Connection timed out
[2026-05-22 00:40:11] ERROR: Unable to establish socket session, Connection timed out
[2026-05-22 00:41:12] ERROR: Unable to establish socket session, Connection timed out
[2026-05-22 00:42:11] ERROR: Unable to establish socket session, Connection timed out
[2026-05-22 00:43:11] ERROR: Unable to establish socket session, Connection timed out
[2026-05-22 00:44:12] ERROR: Unable to establish socket session, Connection timed out
[2026-05-22 00:45:11] ERROR: Unable to establish socket session, Connection timed out
[2026-05-22 00:46:11] ERROR: Unable to establish socket session, Connection timed out
[2026-05-22 00:47:11] ERROR: Unable to establish socket session, Connection timed out
[2026-05-22 00:48:11] ERROR: Unable to establish socket session, Connection timed out
[2026-05-22 00:49:11] ERROR: Unable to establish socket session, Connection timed out
[2026-05-22 00:50:11] ERROR: Unable to establish socket session, Connection timed out
[2026-05-22 00:51:12] ERROR: Unable to establish socket session, Connection timed out
[2026-05-22 00:52:11] ERROR: Unable to establish socket session, Connection timed out
[2026-05-22 00:53:11] ERROR: Unable to establish socket session, Connection timed out
[2026-05-22 00:54:12] ERROR: Unable to establish socket session, Connection timed out
[2026-05-22 00:55:11] ERROR: Unable to establish socket session, Connection timed out
[2026-05-22 00:56:11] ERROR: Unable to establish socket session, Connection timed out
[2026-05-22 00:57:11] ERROR: Unable to establish socket session, Connection timed out
[2026-05-22 00:58:12] ERROR: Unable to establish socket session, Connection timed out
[2026-05-22 00:59:11] ERROR: Unable to establish socket session, Connection timed out
[2026-05-22 01:00:11] ERROR: Unable to establish socket session, Connection timed out
[2026-05-22 01:01:12] ERROR: Unable to establish socket session, Connection timed out
[2026-05-22 01:02:11] ERROR: Unable to establish socket session, Connection timed out
[2026-05-22 01:03:11] ERROR: Unable to establish socket session, Connection timed out
[2026-05-22 01:04:12] ERROR: Unable to establish socket session, Connection timed out
[2026-05-22 01:05:11] ERROR: Unable to establish socket session, Connection timed out
[2026-05-22 01:06:11] ERROR: Unable to establish socket session, Connection timed out
[2026-05-22 01:07:11] ERROR: Unable to establish socket session, Connection timed out
[2026-05-22 01:08:11] ERROR: Unable to establish socket session, Connection timed out
[2026-05-22 01:09:12] ERROR: Unable to establish socket session, Connection timed out
[2026-05-22 01:10:11] ERROR: Unable to establish socket session, Connection timed out
[2026-05-22 01:11:11] ERROR: Unable to establish socket session, Connection timed out
[2026-05-22 01:12:12] ERROR: Unable to establish socket session, Connection timed out
[2026-05-22 01:13:11] ERROR: Unable to establish socket session, Connection timed out
[2026-05-22 01:14:12] ERROR: Unable to establish socket session, Connection timed out
[2026-05-22 01:15:12] ERROR: Unable to establish socket session, Connection timed out
[2026-05-22 01:16:12] ERROR: Unable to establish socket session, Connection timed out
[2026-05-22 01:17:11] ERROR: Unable to establish socket session, Connection timed out
[2026-05-22 01:18:12] ERROR: Unable to establish socket session, Connection timed out
[2026-05-22 01:19:11] ERROR: Unable to establish socket session, Connection timed out
[2026-05-22 01:20:11] ERROR: Unable to establish socket session, Connection timed out
[2026-05-22 01:21:12] ERROR: Unable to establish socket session, Connection timed out
[2026-05-22 01:22:11] ERROR: Unable to establish socket session, Connection timed out
[2026-05-22 01:23:12] ERROR: Unable to establish socket session, Connection timed out
[2026-05-22 01:24:11] ERROR: Unable to establish socket session, Connection timed out
[2026-05-22 01:25:11] ERROR: Unable to establish socket session, Connection timed out
[2026-05-22 01:26:11] ERROR: Unable to establish socket session, Connection timed out
[2026-05-22 01:27:11] ERROR: Unable to establish socket session, Connection timed out
[2026-05-22 01:28:12] ERROR: Unable to establish socket session, Connection timed out
[2026-05-22 01:29:11] ERROR: Unable to establish socket session, Connection timed out
[2026-05-22 01:30:12] ERROR: Unable to establish socket session, Connection timed out
[2026-05-22 01:31:11] ERROR: Unable to establish socket session, Connection timed out
[2026-05-22 01:32:11] ERROR: Unable to establish socket session, Connection timed out
[2026-05-22 01:33:12] ERROR: Unable to establish socket session, Connection timed out
[2026-05-22 01:34:11] ERROR: Unable to establish socket session, Connection timed out
[2026-05-22 01:35:11] ERROR: Unable to establish socket session, Connection timed out
[2026-05-22 01:36:12] ERROR: Unable to establish socket session, Connection timed out
[2026-05-22 01:37:11] ERROR: Unable to establish socket session, Connection timed out
[2026-05-22 01:38:11] ERROR: Unable to establish socket session, Connection timed out
[2026-05-22 01:39:12] ERROR: Unable to establish socket session, Connection timed out
[2026-05-22 01:40:11] ERROR: Unable to establish socket session, Connection timed out
[2026-05-22 01:41:11] ERROR: Unable to establish socket session, Connection timed out
[2026-05-22 01:42:12] ERROR: Unable to establish socket session, Connection timed out
[2026-05-22 01:43:11] ERROR: Unable to establish socket session, Connection timed out
[2026-05-22 01:44:11] ERROR: Unable to establish socket session, Connection timed out
[2026-05-22 01:45:12] ERROR: Unable to establish socket session, Connection timed out
[2026-05-22 01:46:11] ERROR: Unable to establish socket session, Connection timed out
[2026-05-22 01:47:11] ERROR: Unable to establish socket session, Connection timed out
[2026-05-22 01:48:11] ERROR: Unable to establish socket session, Connection timed out
[2026-05-22 01:49:11] ERROR: Unable to establish socket session, Connection timed out
[2026-05-22 01:50:12] ERROR: Unable to establish socket session, Connection timed out
[2026-05-22 01:50:57] ERROR: Unable to establish socket session, Connection timed out
[2026-05-22 01:51:11] ERROR: Unable to establish socket session, Connection timed out
[2026-05-22 01:51:44] ERROR: Unable to establish socket session, Connection timed out
[2026-05-22 01:52:11] ERROR: Unable to establish socket session, Connection timed out
[2026-05-22 01:52:18] ERROR: Unable to establish socket session, Connection timed out
[2026-05-22 01:53:12] ERROR: Unable to establish socket session, Connection timed out
[2026-05-22 01:54:11] ERROR: Unable to establish socket session, Connection timed out
[2026-05-22 01:55:12] ERROR: Unable to establish socket session, Connection timed out
[2026-05-22 01:56:11] ERROR: Unable to establish socket session, Connection timed out
[2026-05-22 01:57:13] ERROR: Unable to establish socket session, Connection timed out
[2026-05-22 01:58:11] ERROR: Unable to establish socket session, Connection timed out
[2026-05-22 01:59:11] ERROR: Unable to establish socket session, Connection timed out
[2026-05-22 01:59:13] ERROR: Unable to establish socket session, Connection timed out
[2026-05-22 02:00:12] ERROR: Unable to establish socket session, Connection timed out
[2026-05-22 02:01:12] ERROR: Unable to establish socket session, Connection timed out
[2026-05-22 02:02:11] ERROR: Unable to establish socket session, Connection timed out
[2026-05-22 02:03:11] ERROR: Unable to establish socket session, Connection timed out
[2026-05-22 02:04:12] ERROR: Unable to establish socket session, Connection timed out
[2026-05-22 02:05:11] ERROR: Unable to establish socket session, Connection timed out
[2026-05-22 02:06:12] ERROR: Unable to establish socket session, Connection timed out
[2026-05-22 02:07:11] ERROR: Unable to establish socket session, Connection timed out
[2026-05-22 02:07:42] Expired and disconnected voucher: MH-783448F3
[2026-05-22 02:07:42] Expired and disconnected voucher: MH-2155BF80
[2026-05-22 02:07:42] Expired and disconnected voucher: MH-ADAF1DA0
[2026-05-22 02:07:42] Expired and disconnected voucher: MH-9C944FB8
[2026-05-22 02:07:42] Expired and disconnected voucher: MH-BAF76B4C
[2026-05-22 02:07:42] Expired and disconnected voucher: MH-6ABCFE0E
[2026-05-22 02:07:42] Expired and disconnected voucher: MH-ABE748C5
[2026-05-22 02:07:42] Expired and disconnected voucher: MH-7993B6EF
[2026-05-22 02:07:42] Expired and disconnected voucher: MH-9BB1972C
[2026-05-22 02:31:02] Expired and disconnected voucher: MH-E3046409
[2026-05-22 02:40:01] Expired and disconnected voucher: MH-EFAB14C2
[2026-05-22 02:49:01] Expired and disconnected voucher: MH-86DF7292
[2026-05-22 02:58:02] Expired and disconnected voucher: MH-A4EBA059
[2026-05-22 03:15:01] ERROR: Unable to establish socket session, Network is unreachable
[2026-05-22 03:16:02] Expired and disconnected voucher: MH-4A5E088C
